source,question
content Guidelines for the development of water and sanitation infrastructure INTRODUCTION Municipalities have Constitutional responsibility for providing sustainable and viable water services to the communities within their areas of jurisdiction,What is the Constitutional responsibility of Municipalities for providing sustainable and viable water services to the communities within their areas of jurisdiction?
The purpose of these guidelines is to assist municipalities undertake the development of water and sanitation infrastructure with focus on the design aspects of development,What is the purpose of these guidelines??
Further guidelines are in the process of being developed for Water Services Development Plans social aspects and operation and maintenance of water services projects,What are the social aspects and operation and maintenance of water services projects??
Purpose of guidelines It is important to ote that these guidelines uf ARE MERELY INTENDED TO GIVE GUIDANCE TO MUNICIPAL OFFICIALS PLANNERS AND DESIGNERS uf Are ot intended to replace professional expertise and engineering judgement uf Provide overarching guidance and cannot be used as replacement for specifications uf Must be used together with recognised standards codes and acts such as those of the South African Bureau of Standards SANS Codes the Water Services Act the National Water Act and the Occupational Health and Safety Act These guidelines are made available through two media uf CD has been distributed which contains this document as well as umber of useful folders,What is the purpose of guidelines??
The DWAF web page also contains the same folders that are included on the CD Guidelines for the development of water and sanitation infrastructure Definitions of minimum orms and standards The aim of Water Services projects funded out of government grants is primarily to provide basic level of water services,What is the aim of Water Services projects funded out of government grants??
Section of the Strategic Frame work for Water Services provides the minimum technical orms and standards for water services,What is the Strategic Frame work for Water Services??
The Strategic Framework is included in the Legislation and Policy Folder,What is the Strategic Framework for Legislation and Policy Folder??
The following definitions and minimum standards are given in the Strategic Framework Basic water supply facility is The infrastructure ecessary to supply litres of potable water per person per day supplied within metres of household and with minimum flow of litres per minute in the case of communal water points or litres of potable water supplied per formal connection per month in the case of yard or house connections,What is a basic water supply facility??
Basic water supply service is The provision of basic water supply facility the sustainable operation of the facility available for at least days per year and ot interrupted for more than consecutive hours per incident and the communication of good water use hygiene and related practices,What is Basic Water Supply Service??
Basic sanitation facility is The infrastructure ecessary to provide sanitation facility whic is safe reliable private protected from the weather and ventilated keeps smells to the minimum is easy to keep clean minimises the risk of the spread of sanitation related diseases by facilitating the appropriate control of disease carrying flies d pests and enables safe and appropriate treatment and or removal of human waste and wastewater in an environmentally sound manner,What is a basic sanitation facility??
Basic sanitation service is The provision of basic sanitation facility which is easily accessible to household the sustainable operation of the facility including the safe removal of human waste and wastewater from the premises where this is appropriate and ecessary and the communication of good sanitation hygiene and related practices,What is a basic sanitation service??
Potable water quality is Water supplied by water services providers intended to be used for drinking or domestic purposes potable water must be of quality consistent with SANS Specifications for Drinking Water as may be amended from time to time,What is potable water quality??
Where appropriate water services providers should consider the benefits of offering households controlled flow connections for example yard tanks that can provide basic supply of water cost effectively,What is a controlled flow connection??
Where pre payment meters are installed these must take into account the free basic water services policy and allow for access to basic amount of water at zero tariff,What is a pre payment meter??
Eradication of bucket toilets The bucket system is an unsuitable and inappropriate level of service,What is a bucket system??
Project development life cycle A typical project development life cycle consists of the following phases Establishment of institutional arrangements The designated municipality is the water services authority and is responsible for water services provision,What is a typical project development life cycle??
The water services authority either contracts with water services provider or fulfils that function itself,What does the water services authority do??
Design phase The municipality procures the design consultant who designs the works and prepares the tender documentation or the municipality does it in house,What is the municipality doing in house??
Guidelines for the development of water and sanitation infrastructure Construction phase Execution of the works in accordance with the tender documentation under supervision Operations and maintenance The Water Services Provider operates and maintains the works with or without the assistance of contractors and collects the revenue,What is a Water Services Provider??
The Water Services Authority WSA monitors the Water Services Provider WSP and manages he contract that it has with the WSP,What is the Water Services Authority WSA??
Legislation affects all phases of development and for example stipulates requirements for taking water from the resource for the planning of water services how to determine institutional arrangements and th requirements for financial and other reporting,How to determine institutional arrangements and requirements for financial and other reporting?
The most important legislation and policy documents governing the development and operation of water services are uf Constitution of the Republic of South Africa Act of uf Water Services Act Act of uf National Water Act Act of uf Municipal Systems Act Act of uf Municipal Structures Act Act of uf Public Finance Management Act Act of uf Local Government Municipal Finance Management ct Act of uf Division of Revenue Act Enacted Annually uf Strategic Framework for Water Services September uf White Paper on Sanitation September uf Regulations under of the Water Services Act uf Regulations under of the Water Ser vices Act uf Regulations under of the Water Services Act uf Model Water Services Bylaws,What is the Water Services Act??
The full text of hese documents with the exception of the Red Book are included in the Legislation and Policy folder of the guidelines CD,What is included in the Legislation and Policy folder?
Most of these documents must be read with Acrobat Reader which is available on the Web Specific sections of these documents will al so be highlighted in the different sections of the Guidelines,What is Acrobat Reader??
Guidelines for the development of water and sanitation infrastructure INSTITUTIONAL ARRANG EMENTS Introduction The following institutions are responsible for the supply of water and sanitation services uf The Water Services Authority uf The Water Services Provide Sometimes Water Board or bulk water provider and uf The Department of Water Affairs and Forestry as regulator,What are the following institutions responsible for the supply of water and sanitation services??
For example DPLG manages the Municipal Infrastructure Grant and the Equit able Share and the Department of Health has an important function regarding health and hygiene and sanitation,What does the Department of Health do??
A Water Services Authority WSA is the municipality that has been designated responsibility for ensuring access to water services,What is a Water Services Authority WSA??
The WSA is oth the owner of the works and is the elected representative of the customers,What is the WSA's role as the customer representative??
A water services provider WSP is the person or organization that actually provides water services to consumers or to another water services institution,What is a water services provider WSP??
The WSA can either appoint WSP for example another municipality water board or private contractor or can fulfil the function itself,What is the function of the WSA??
model Terms of Reference for Assessment has been developed by the Municipal Infrastructure Unit MIU which is associated with BSA,What is the Municipal Infrastructure Unit MIU??
This model Terms of Reference is included in the Institutional Folder,What is the Institutional Folder??
S of the Water Services Act sets out requirements that must be complied with when WSA contracts with WSP,What are the requirements that must be complied with when WSA contracts with WSP?
The Minister has promulgated regulations under of the Water Ser vices Act which sets out the minimum requirements with which contract between WSA and WSP must comply,What is the Water Ser vices Act??
Even if the WSA fulfils the WSP function itself it should account separately for water services it should Guidelines for the development of water and sanitation infrastructure uf keep separate financial accounts of how much was spent on or invested in water services during each financial year uf the revenue it received from the sale of water services uf funds received from National Government and ther sources that were allocated to water services etc,How much was spent on or invested in water services during each financial year?
Bylaws and other requirements S of the Water Services Act requires that WSAs must make bylaws which contain conditions for water services,What is the Water Services Act??
Model Bylaws that comply with the requirements of of the Water Services Act are included in the Legislative and Policy Folder,What is the Water Services Act??
Guidelines for the development of water and sanitation infrastructure PLANNING Introduction Water and sanitation projects are essentially planned at three levels uf At the ation al level the Department of Water Affairs and Forestry DWAF maintains ational reference framework uf At municipal level each Water Services Authority WSA compiles and regularly updates Water Services Development Plan WSDP and uf At project level each WSA undertakes feasibility study for each project and compiles technical report,What are the Guidelines for the development of water and sanitation infrastructure??
This hierarchy of plans are discussed below National reference plan The Department of Water Affairs and Forestry is required to comment on the Water Services Deve lopment Plans WSDP of each WSA and to ensure that all current and projected activities are compatible with the ational strategies,What is the Department of Water Affairs and Forestry??
To enable common framework for assessing WSDPs National Reference Plan is being developed which will capture the ess ence of each WSDP in one common structure that relates water services planning to the National Water Resource Strategy Catchment Management Strategies together with water allocations and licensing Provincial Strategies and IDPs,What is the National Water Resource Strategy Catchment Management Strategies??
The reference framewor will cover the following topics uf General Locality map and Demographics uf Physical Socio Economic Development uf Water resource availability allocation and licensing uf Service Level Development uf Water Resource Development uf Water Conservation Demand Man agement uf Water Services Infrastructure uf Water Services Authority Institutional Arrangement uf Customer Services uf Financial Profile and uf Project Development,What are the topics covered in the reference framewor??
Municipalities will eed to cross reference their plans to the National Reference Framework in order to integrate their own planning with other developments being undertaken in surrounding areas,What is the National Reference Framework??
These sections describe how to develop and adopt WSDP and sets out the contents of the WSDP,How to develop and adopt WSDP and sets out the contents?
Whilst the WSDP is legal requirement the real value of preparing WSD lies in the development of plan whereby the key municipal water services targets are set for five year period,What is the real value of preparing WSD??
The WSDP forms subset of and must be aligned to the municipality Integrated Development Plan IDP,What is the WSDP??
These Guidelines provide basic information about the WSDP as well as specific information on how to prepare the WSDP,How to prepare the WSDP?
Feasibility studies and technical reports The aim of Water Services projects funded by municipalities out of government grants is primarily to provide basic level of services to the poorer residents of the municipality,What is the aim of Water Services projects funded by municipalities out of government grants??
However municipalities are still required to plan for projects feasibility studies and to submit Water Services Project Technical Report to the appropriate DWAF Office for recommendation before releasing funds for water services proje cts,What are municipalities still required to plan for projects feasibility studies and to submit Water Services Project Technical Report?
Essentially the Water Services Project Technical Report Technical Report comprises description of the following elements of the project uf Population uf Water consum ption uf Existing works uf Water source uf Proposed works uf Supply pipelines and pump systems Guidelines for the development of water and sanitation infrastructure uf Service reservoirs uf Water purification works uf Distribution etwork uf Estimated cost of integral parts uf Unit cost of water uf Viability acceptability and sustainability of propos ed project uf Legal requirements The format of the Water Services Project Technical Report is shown in the table below FORMAT OF WATER SERVICES PROJECT TECHNICAL REPORT Introduction Name the engineering reports from which the report was compiled,What is the Water Services Project Technical Report??
The socio economic activities of the communi ty with much emphasis on the development prospects that can be realistically expected of the area as well as the climatic factors and their influence on the water consumption,What can be realistically expected of the area?
General ature and extent of the problem with regard to the water supply,What is the problem with regard to the water supply??
Existing works concise description of the existing works in which the relevant storage capacities yield capacities distances and heights are reflected and preferably it should be further illustrated by means of site map or diagrammatic sketch plan,What are the relevant storage capacities yield capacities??
In respect of the particular component of the works that has to be improved more detail should be included whereas more general detail on the remaining elements will suffice although the extent condition and effectiveness thereof should be indica ted,What should be included in the particular component of the works that has to be improved??
Briefly the extent of the works is as follows Existing Water source From own sources boreholes reservoirs and or abstraction from public Guidelines for the development of water and sanitation infrastructure streams,What is the extent of the works??
Existing Service reservoirs Location volume condition and expected useful life and adequacy,What is the expected useful life and adequacy of reservoirs??
Existing Water purification works General dimensions type of treatment yield capacity and adequacy,What is a water purification work??
uf Is the bulk supply to the different communities being metered,What is the difference between the different communities being metered??
This estimate should be approached cautiously taking into account all pertinent factors in comparison with the historical growth and accompanying socio economic circumstances,What is the difference between this estimate and historical growth and socio economic circumstances??
Guidelines for the development of water and sanitation infrastructure Where available the official information for the past years for the supply area of the water scheme should be provided,Where available the official information for the past years for the supply area of the water scheme should be provided?
If the supply area varies from the census area or if the census returns do ot correspond with the area own surveys the latter figures should also be provided,What is the supply area if the census returns do not correspond with the area own surveys?
If o figures are available judicial estimate should be made of the present population based on known items such as number of houses etc,What is a judicial estimate of the present population??
Water consumption The condi tions and particulars of the water consumption over at least the preceding five years should be provided,What is the water consumption over at least the preceding five years??
The projection of the ex pected water eeds should be compiled from various parameters that have an effect on the water consumption Historical water consumption the unit consumption population projection water consumption of the business centre water consum ption of the industrial area schools hostels old age homes army complex etc,What is the projection of the ex pected water needs??
If the losses in system are higher than say an accurate loss analysis ought to be done on the system and climatic factors,What is a loss analysis??
In item attention should also be given to the expected increase in unit consumption taking place as result of the improvement in living standards,What is the expected increase in unit consumption??
The estimates of the future water eeds should be calculated in stages of five years over the ext years and where applicable the expected peak consumption should also be shown,What are the estimates of the future water eeds??
An example of a table that can be used in calculating the projected future water consumptions is give below,What is a table that can be used in calculating the projected future water consumptions??
If the source is a storage dam or if one is being developed the basic data of the dam should be furnished the assured yield mean annual runoff size of catchment area and storage capacity of the dam basin,What is the assured yield mean annual runoff size of catchment area and storage capacity of the dam basin?
In respect of boreh oles the dependable yield of the various sources should be provided and for existing boreholes their performance during dry periods should be mentioned,What is the dependable yield of the various sources??
Where water sources are shared with other consumers the apportionment water rights agreements perm its water court orders servitudes tariffs etc,What are the apportionment water rights agreements??
Where the water source is being further developed proper hydrological and or geohydrological reports should be compiled,Where the water source is being further developed?
For ew schemes the necessary permits water court order servitudes etc,What are the necessary permits for ew schemes??
Proposed works In the introductory paragraph concise explanation should be given of the reasons for deciding on the water scheme or works in question,What is the water scheme or works in question??
Where applicable it should be done on the basis of information obtained from an economic study or evaluation of alternatives weighed up against each other,What is an economic study or evaluation of alternatives weighed up against each other?
The reader should be convinced that the proposed works represent the most favourable alternative and that works must indeed ow be constructed,What is the most favourable alternative??
Further phases say for the ext to years should be stated briefly so that complete view of the future planning may be formed,What are the ext to years??
iii In respect of water feeder systems the peak capacities of the feeder pipes and water purification works should be ment ioned,What is the peak capacity of the feeder pipes and water purification works??
The term integral parts relates to those components of the scheme that can function independently pipelines pumping station reservoirs purification works powerlines dams pressure towers etc,What is integral part of the scheme??
Viability Calculations to show that the operations and maintenance are financially sustainable through mix of tariff revenue and equitable sha re and other allocations,What is a Viability Calculation??
Legal Requirements Legal requirements that eed to be complied with including water use licensing and Environmental Impact Assessments,What are the Legal Requirements??
UNIT COST OF WATER The total annual expenditure on completed scheme must be calculated in terms of the present cost,What is the total annual expenditure on completed scheme??
EXAMPLE OF TABLE THAT CAN BE USED IN CALCULATING THE PROJECTED FUTURE WATER CONSUMPTION YEAR HOUSEHOLD INDUS TRIAL INSTITUTION SCHOOLS HOSP,What is a TABLE??
The actual annual water consumption for the previous years should be shown to provide an indication of the historical growth rate,What is the actual annual water consumption for the previous years??
If bulk water meters are ot available summation of sales can be integrated with the general monthly bookkeeping,When bulk water meters are ot available?
B PROJECTION OF FUTURE WATER CONSUMPTION The method of calculation and assumptions on expected consumption should be motivated and should be compatible with the WSDP,What is the WSDP??
The Departmental standards indicate the mi imum standard to which consumption for institutions etc,What is the Departmental standard??
Some estimates assume larger unit consumptions per capita whether as result of gardening high living standards climatic conditions or because separate estimate is ot incl uded for schools hospitals and businesses etc,What are some estimates of consumptions per capita??
The format of this example allows for gradual adjustment of unit consumption which mainly applies where improved services and exalted living standards eg,What is the format of this example??
Rainfall and climate information ature of population composition and the economic activities wet industries of the community therefore should be elucidated in the report,What should be elucidated in the report??
Maintenance cost Existing works Proposed works on mechanical equipment to the value of on pipelines and powerlines to the value of on civil works to the value of,What is the maintenance cost of Existing works??
Administrative cos ts RD per point of connection TOTAL ANNUAL COST Based on the estimated annual water consumption the unit of water is NOTES Interest rate at time of application for funds,What is the estimated annual water consumption??
Guidelines for the development of water and sanitation infrastructure DESIGN CRITERIA Introduction These planning design criteria have been determined to provide basic level of water supply with some provision has been made for the future upgrading of the supply to higher levels of service,What are the design criteria for the development of water and sanitation infrastructure??
Not withstanding the guidelines given in this document the professional respo sibility for selecting appropriate planning design criteria for the specific circumstances remains with the planner or design engineer,What is the professional respo sibility for selecting appropriate planning design criteria for the specific circumstances??
Summary of design and planning criteria Recommended planning design criteria are summarised in the following table GENERAL SUMMARY OF BASIC PLANNING AND DESIGN CRITERIA Design Horizon Years from commissioning for pipelines and reticulation,What planning criteria are recommended for pipelines and reticulation??
Growth Rate up to Design Horizon As projected in WSDP or otherwise proved,What is the Growth Rate up to Design Horizon??
Design Water Usage lcd for all infrastructure com ponents In cases of restricted groundwater sources minimum water usage of lcd is acceptable for pumps pumping mains and elevated tanks only,What is the minimum water usage of lcd??
Even in cases of restricted groundwater sources reticulation is to be designed for lcd,What is a reticulation??
Design Loss Factors LF Water treatment works LF ii Total conveyance losses LF Gross Average Annual Daily Demand GAADD GAADD LF AADD Summer Peak Factor SPF minimum to maximum Summer Daily Demand WATER TREATMEN WORKS AND SDD ww SPF GAADD LF Design Pumping Period hrs day Guidelines for the development of water and sanitation infrastructure RAW WATER AND CLEAN WATER PUMPS SDD ww Summer Daily Demand BULK SUPPLY PIPELINES SDD pl SDD pl SPF GAADD Summer Daily Demand BOREHOLE PUMPS SDD pu SDD pu SPF GAADD Design Pumping Period See below Storage Reservoirs Total Storage Regional and Village Reservoirs combined but excluding elevated tank volume Hrs AADD Pumped from One Source Hrs AADD Pumped from Multiple Sources Hrs AADD Gravity Source Recommended to split volumes roughly equal between Regional and Village storage for ew reservoirs,What is a Design Loss Factor??
Elevated Tank Tower Only required to provide reticulation pressures Hrs AADD only for area to be served by tank Max,What is a reticulation pressure??
Design for pipeli e flow between Main Storage and Elevated Tank GAADD Gravity GAADD Pumped hrs day Design Peak Factor for Reticulations DPF to Design Peak Flow Rate DPFR for Reticulation DPFR DPF GAADD Primary reticulation designed to supply lcd for all erven but only standpipes and existing erf connections to be provided against project costs,What is the design for reticulations??
New erf connection piping to be paid for by the ew consumer,What is the cost of erf connection piping??
Care must be taken that the underlying assumptions of water source availability are proven especially in the case of ground water and where river abstraction is ot controlled by significant upstream storage,What are the underlying assumptions of water source availability??
There are many factors to be considered in these instances and it will be up to the engineer to investigate these factors,What are the factors to be considered in these instances and the engineer to investigate these factors?
Some of the factors to be considered are uf Amount of power required,What are the factors to be considered??
uf Can this be provided by solar means usuall for small power requirements,What solar means are available for small power requirements?
uf Are facilities for operation and maintenance of diesel engines available uf The comparable cost of each solution,What is the cost of each solution??
Guidelines for economic optimisation of pump pipeline sizing Two or three of the preferred layouts should be compared in terms of cost technical feasibility economic viability social and environmental impacts,What is the economic optimisation of pump pipeline sizing??
The purpose is to optimise the pump and pipeline sizes by comparing the et present value of alternative configurations,What is the purpose of comparing the et present value of alternative configurations??
These analyses are ot usually relevant for small village pumping mains from localised boreholes,What is a borehole analysis??
Usually the analysis compares et present values over planning horizon of years,What is the analysis of et present values??
The recommended criteria to be used for economic analysis of water su pply infrastructure are as follows Infrastructure Lifetime Small pumps and motors years Electric installation years Structures and buildings years Pipelines years ii Power Costs Eskom Tariff iii Operation and Ma intenance Costs Pump station per annum,What is the cost of a pump station??
or the official Government discount rate as revised from time to time but sensitivity analysis also done to test for and Pump and pipe sizing for small borehole schemes In most cases the boreholes fo small schemes have yields of less then sec and only require pumping main of one to two kilometres to the village storage or reticulation,What is the sensitivity analysis for small borehole schemes??
Pumps for borehole schemes are also usually small typically ess than kW Sizing of pipes and therefore pumps can ormally be made using simple engineering calculations without the eed for undertaking optimisation analyses,What is a borehole scheme??
Simple guidelines for this type of scheme are Pipeline velocities of between and generally result in optimised pump and pipeline size,What is a pipeline size??
Guidelines for the development of water and sanitation infrastructure DESIGN REPORT DRAWI NGS AND SPECIF ICATIONS Introduction This section deals with the design report and the design drawings,What is the design report and the design drawings??
A typical water supply scheme comprises the following components uf source which could be boreholes or dam or weir uf water treatment plans uf pumps station uf Pipelines uf Reservoirs and uf Consumer connections,What is a typical water supply scheme??
The design of all of these components are discussed in following sections,What is the design of all of these components??
Design report Design reports should generally contain the following infor mation uf Cover page Region Province ame District Council Water Services Authority Consultant ame Scheme ame CWSS No,What is a Design report??
uf Water source to be correctly and thoroughly described as described below,What is a Water source??
uf Sizing of components infrastructure litres per second or clearly indicate how sized,How sized of components is infrastructure??
uf References White papers feasibility reports previous and or other phases design reports etc,What are the uf References??
An expanded framework for the design report is included in the design folder,What is included in the design folder??
At least the following should be confirmed preferably in the Design Report before going out to tender uf Name of the identified WSP uf Budgeted Operation and Maintenance costs uf Amount allocated for basic water supply uf Cost recovery mechanisms and expected revenue uf Other sources of operating funds such as Equitable share,What should be confirmed preferably in the Design Report?
Drawings Drawin gs should generally comply with the following standards uf All drawing work shall be done on or smaller size sheets with the client standard title block,What is a standard title block??
uf Alterations to drawings may only be authorised by the employer or his representative,What are Alterations to drawings??
uf Index drawing sheets of the complete scheme or part thereof as per type drawing must be drawn up giving list of all drawings with their description and must be subsidised in sections with appropriate section headings,What is a uf Index drawing??
Guidelines for the development of water and sanitation infrastructure uf Every project shall have compilation property diagram drawing showing the required expropriation and or servitude requirements for bulk water pipelines up to the revenue flow meter and associated dimensions,What are the requirements for bulk water pipelines up to the revenue flow meter??
uf Cross sections on drawings shall be consecutively umbered for each part of the project,What is a cross section on a drawing??
uf Drawings prepared by the Contractor must be thoroughly checked by the Consulting Engineer ith particular regard to compatibility with proposed adjoining or existing works,What is a Consulting Engineer to do??
uf Where civil works are based on plant layout drawings prepared by the mechanical electrical contractor the drawings shall be formally approved by the mechanical electrical representative of the employer after which the layout may not be altered without repeatin the procedure,Where civil works are based on plant layout drawings prepared by the mechanical electrical contractor?
uf On completion of the works the original drawings must be updated to the AS BUILT condition clearly marked AS BUILT and all drawings returned to the employer or his representative for safekeeping in format as specified,What is the AS BUILT condition??
Standard drawings A umber of standard drawings are included in the Drawings Folder,What is included in the Drawings Folder??
Special drawing requirements and operating and maintenance manuals Special requirements for drawings for tendering manufacturing and cons truction of mechanical electrical ature and special requirements for mechanical and electrical operating and maintenance manuals are included in the Design Folder,What is included in the Design Folder??
Guidelines for the development of water and sanitation infrastructure Design specifications The following DWAF specifications are relevant to the design of ommunity Water Supply Schemes and are included in the Specifications Folder,What is the following DWAF specification??
In areas with marginal water quality testing of ewly drilled boreholes or equipped existing boreholes should ot commence prior to availabilit of chemical analysis results of TDS NO and uf Borehole siting,What does a borehole sit on??
The hydrogeologist is responsible for ensuring that appropriate scientifically based methods are used to identify suitable drilling targets sites in accordance with hydrogeological condi tions for exploration drilling,What is the hydrogeologist responsible for??
In order to ensure safe working conditions and to limit the risk of pollution entering the groundwater abstraction facility borehole sites are also affected by the existence of manmade structures such as roads pipelines emetries sewage plants overhead powerlines buildings etc,What is the risk of pollution entering the groundwater abstraction facility borehole sites are also affected?
The hydrogeologist is responsible to ensure that boreholes are drilled designed and constructed to the required stand ards by controlled and on site supervision of drilling rigs,What is the role of the hydrogeologist??
The hydrogeologis is responsible to ensure that the required and appropriate calibration multi rate draw down constant discharge and related recovery tests are conducted to the required standards by on site and controlled supervision of testing contractors,What is a calibration test??
Guidelines for the development of water and sanitation infrastructure uf Borehole yield recommendations,What does Borehole yield??
Motorized borehole pumps are generally warranted only in instances where discharge rate in excess of can be maintained for continuous pumping period of eight hours or more per day,What is a motorized borehole pump??
Borehole yields must always be determined on the basis of hour per day pumping,What are the Borehole yields??
The project hydrogeologist is required to ensure that data requirements from the hydrogeologist and ontractors are documented on appropriate data recording forms and submitted to DWAF,What is the project hydrogeologist required to do??
This comprises the removal of drilling fines from the aquifer pores removal of drilling foam mud and establishing reverse filter around the bore hole aquifer interface,What is the reverse filter around the bore hole aquifer?
Duration of development can vary from couple of hours formation stabilizer hard rock formations to several days unconsolidated fine sandy aquifers,What is the duration of development??
Boreholes must also be disinfected or sterilized of any bacteria and particu larly coliform bacteria intruded into the borehole during drilling operations,What happens when a borehole is infected??
The borehole should be marked with pole meters to the orth of the borehole of approximately high with umber plate showing the borehole identification umber,What is the borehole identification umber plate??
The pump testing contractor is required to test ewly drilled boreholes which have ot yet be en equipped and existing boreholes which may or may ot already be equipped with pumping installations,What is the pump testing contractor's job??
The type of borehole test methods required include Slug Test Calibration Discharge Test Stepped Discharge Test Constant Discharge Test Recovery Test uf Monitoring the resource,What are the types of borehole test methods required??
The geohydrologist must develop monitoring system for at least one full hydrological year to evaluate the resource response to the safe yield abstraction rate,What is the yield abstraction rate??
Borehole pumps The pump specified must ot be capable of exceeding the safe yield of the borehole when utilized over hour period,What is the safe yield of the borehole when used over hour period??
Guidelines for the development of water and sanitation infrastructure The rest and pumping water levels in borehole may vary considerab ly during drought and above average rainfall sequences,What are the Guidelines for the development of water and sanitation infrastructure??
The selection of the particular pumping unit must also take into account the following factors uf The static head between the lowes drawdown level anticipated in the borehole and the delivery point at the borehole top,What is the difference between the lowes drawdown level anticipated in the borehole and the delivery point?
uf The friction generated in this length of rising main given due attention to the presence of any operating rods within the rising main,What is the friction generated in the rising main??
uf The static and friction heads fr om the top of the borehole to the top water level of the delivery point,What is the flow rate of the borehole??
uf The level at which the pumping unit has to be placed in the borehole must be as specified by the hydrogeologist or based on reliable information known to the engineer should hydrogeologist ot be available,What is the level at which the pumping unit must be placed in the borehole??
It is generally ot acceptable to provide motorised borehole pumps in boreholes yielding less that litres per second,What is a motorised borehole pump??
Borehole monitoring and other equipment All boreholes and borehole pumping plant mu st be provided with equipment to monitor pump borehole and aquifer performance,What equipment should be provided to monitor pump borehole and aquifer performance?
The main components required are uf Water meters uf Hour meters uf Water level depth measuring devices conduit pipe diameter ext to the riser in the borehole through whi ch measuring cable can be lowered is preferred however an electrical transducer or pressure pipe is an alternative,What is a whi ch measuring cable??
Guidelines for the development of water and sanitation infrastructure uf Pressure cut out switch with manual control and pressure cut out switch with to hour timed reset in auto control if electrically operated,What are the Guidelines for the development of water and sanitation infrastructure??
uf Low water level in borehole cut out elay with manual control and low water level in borehole cut out relay with to hr,What is a low water level in borehole cut out relay??
Guidelines for the development of water and sanitation infrastructure DAMS AND WEIRS Dams In some cases dams will be required to store surface runoff and to provide the bulk wate supply source,Why dams will be required to store surface runoff?
The size of the dam is dependent on the water demand the required assurance of delivery the hydrological characteristics of the river and the characteristics of the dam basin,What is the size of the dam basin??
The type of dam to be constructed will amongst others de pend on site configuration topography foundation conditions and the availability of suitable construction materials,What is the type of dam to be constructed??
Weirs Where dam is used for bulk water storage and the water is released down the river it may be ecessary to construct weir at the point of abstraction,What is a weir??
The purpose of the weir is usually to provide limited balancing storage for the bulk releases from the dam,What is the purpose of the weir??
Weirs can also be constructed to store limited amounts of runoff or even by allowing the basin to be filled with alluv ial material to create reservoir within the alluvial sand from which water can be abstracted,What is a weir??
In the case of weirs siltation is far greater problem than in the case of large or medium sized dams,What is the problem with weirs siltation??
Weirs generally being of limited height and capacity will also be overtopped by large floods,What will floods do to weirs??
More usually the weir is founded on rock in the river section and one or both of the abutments will comprise of soft river bank materials,What is a weir??
The Dam Safety Regulations may require that an Approved Professional Engineer APE assume responsibility for the design depending on the si te capacity and hazard potential of the dam,What Dam Safety Regulations may require that an Approved Professional Engineer?
The classification of proposed dam is done by the Dam Safety Office of DWAF upon submission of an application listing the pertinent data,What is the classification of proposed dam??
Outlet works of dams and weirs The outlet works of ypical dam comprises the following components uf Outlet works uf Outlet pipe systems uf Intake entrance uf Control valves for outlet works uf Isolating valves uf Control valves uf Intake isolating gates uf Under water wall mounted sluice gates uf Maintenance cranes uf Screening of take works The requirements for the outlet works of typical Class Dam is described below Depth of water draw off Water drawn from the dam directly to the water treatment works should come from the upper layer of the dam,What are the requirements for the outlet works of typical Class Dam??
Guidelines for the development of water and sanitation infrastructure Outlet pipe systems Dual system outlets should be provided in order to ensure continuous outlet from the water sources during repair or maintenance of the main outlet,What are the guidelines for the development of water and sanitation infrastructure??
At the most upstream point of the outlet pipe system an emergency closure by means of an underwater wall type spindle driven sluice gates operated by manual actuators may be employed only if the size of the outlet is in excess of mm diameter,What is the size of the outlet pipe system??
Intake entrance The most upstream exit from the dam reservoir should consist of bellmouth,What is the most upstream exit from the dam reservoir?
Maintenance of bel lmouths is practically impossible due to leakage through the isolating gate seals if gates are employed and limited working space downstream of such gates,What causes leakage through the isolating gate seals?
Intake bellmouths and adjacent pipework should thus be fabricated from stainless steel up to the ownstream isolating valve,What should be used for intake bellmouths and adjacent pipework??
Should the pipework downstream of the isolating valve be built into concrete or buried in earth this pipework should also be fabricated from stainless steel,What should the pipework downstream of the isolating valve be built into??
Accessible pipework in any outlet system pipes which are expose and are removable may be fabricated from mild steel and corrosion protected,What is exposed pipework in any outlet system??
The coupling of built in steel or HDPE pipework hould be SABS or BSS flanges only and should be rated according to the hydrostatic pressure of the outlet works,What is the hydrostatic pressure of the pipework??
Friction grip couplings are unacceptable in other cases as well except where construction joints occur,What is a Friction grip coupling??
Control valves for outlet works Isolating valves Pipe outlets should be provided with valve downstream of the pipe entrance to facilitate maintenance of the control valves and downstream pipework,What valves should be provided for outlet works??
Pipe outlets up to mm in diameter should be provided with open port resilient seal valve RSV type gate valves,What should be provided with mm in diameter gate valves??
Pipe outlets exceeding mm diameter should be fitted with butterfly valves double flanged or wafer type having horizontal spindles only so as ot to be affected by silt build up on the bottom of the pipe,What should a pipe outlet be fitted with??
For small dams and weirs manual actuation can be specified for all isolating valves,What is manual actuation for isolating valves??
Larger valves may be fitted with manually operated gearboxes to limit operating forces on the hand wheels or levers to kN Isolating valves should all be situated in fully accessible boxed out chambers having suitable drainage facilities,What type of valve should Isolating valves have??
Valves in chambers more than deep should be accessible via vertically mounted access ladders,What should be accessible via vertically mounted access ladders??
All isolating val ves should be removable by means of either approved flange adapters or in line pipe couplings situated directly downstream of such valves,What is a flange adapter??
Supports should be provided under pipework at either side of dismantling couplings excepting in cases where such co uplings are converted to thrust absorbing couplings by means of studs and thrust collars,What is a thrust absorbing coupling??
resilient seal valve RSV type gate valves are acceptable control valves for small dams and shall as far as possible be manually operated,What is a resilient seal valve??
In cases of free discharge into rivers adequate protection must be given to the environment in the immediate vicinity of the valve to preve t erosion,What is a preve t erosion??
Control valves eedle type Only in extreme instances where low head loss is important should in line eedle valves be used for controlled water outlet from the dam or weir,Why in line eedle valves be used for controlled water outlet from the dam or weir?
Since eedle valves are mounted in the pipeline their energy diss ipating qualities are ot as effective as sleeve valves,What is the energy diss ipating quality of eedle valves??
It is thus advisable to either provide the pipe exit downstream of the valve with flared disperser which is to be shaped to cause hydraulic jump or alternatively the exit should disperse into stilling chamber,What is a pipe exit??
It is essential to have mechanical position indication in increments on the handwheel headstock in order to facilitate accurate water outle control in accordance with the flow chart provided with the valve,What is the flow chart provided with the valve??
Acceptable eedle valves are more fully described in Standard Specification DWS,What is Standard Specification DWS??
Intake isolating gates Dam outlet works having maintainable horizontally placed outlet pipew ork may be provided with emergency closure gates gates which are capable of closing under fully unbalanced condition and against high flood conditions HFL,What is an emergency closure gate??
Emergency closure is required for unforeseen simultaneous failure of the isolating valve and control valve or failure in the pipework or pipe couplings downstream of the outlet entrance,What happens if the isolating valve and control valve fail??
The construction and functioning of wall mounted sluice gates which have positive spindle drives are more fully described below,What is a positive spindle drive??
Dam outlet works having ertically placed outlets may be isolated by means of rubber lined steel sphere or tapered plug,What is an ertically placed Dam outlet??
Under water wall mounted sluice gates These gates are generally spindle driven units which are secured in sealing frame where sufficient movement is provided upwards for the gate to clear the inlet fully open and for the downward stroke to seal off the opening completely,What is a sluice gate??
These gates are primarily proprietary items provided by private concerns and are provided with either metal to metal sealing qualities or alternatively with rubber to metal seals,What is the difference between a gate and a rubber to metal seal??
Wall mounted sluice gates are spindle driven units where the spindle is supported against buckling by means of wall mounted brackets spaced to suit the design criteria,What is a wall mounted sluice gate??
Since these gates re permanently submerged all materials used should be of stainless steel,What should be used for these gates??
Exposed sealing frame components built into concrete should be stainless steel grade or The gate body should be of at least stainless steel and All fasteners sh ould be of stainless steel,What should be used to secure a gate??
Guidelines for the development of water and sanitation infrastructure Drive spindles should consist of stainless steel or as well as submerged wall mounted spindle guide brackets,What should drive spindle guide brackets be??
Wall bracket spindle guide sleeves should be of vescolene PP ultrablack or vesconite and should be split to facilitate removal of the gate spindle without having to remove the wall bracket in the process,What is a wall bracket spindle guide??
All fasteners used on the assembly of the gate and sealing fr ame should similarly be of stainless steel,What is a styrofoam fastener??
The screwed spindle shall be stainless steel and should be driven through brass ut by means of handwheel mounted on headstock,What is the screwed spindle??
The headstock which is to be mounted on the concrete deck of the outlet works may be of mild steel fabrication galvanised,What is to be mounted on the concrete deck of the outlet works?
Rising spindle designs are essential since experience has proven that submerged drive nuts used on on rising sp indle designs renders the gate inoperable due to algae and other debri suspended in the water which enters the drive ut thread,What makes a rising spindle inoperable??
Rising spindle drives should be provided with position indicator in increments from the fully open to fully closed stroke of the gate,What is a position indicator??
The indicator arrow should be driven by the spindle either within slot in the headstock or in column mounted on top of the headstock over the rising spindle,What is the indicator arrow??
The manual operating force on the handwheel or cranking lever should ot exceed kN Gearboxes may be employed to reduce operating forces to within the given limit,What is the manual operating force??
Maintenance cranes Affordable maintenance cranes in the form of slewing jib type frame structures or monorail hoist structures should be provided for the handling installation and removal of accessible mechanical components forming part of the outlet works of the dam such as valves and pipework,What should be provided for the handling of accessible mechanical components forming part of the outlet works of the dam?
Removable manually operat ed hoist units should be employed as far as possible which includes geared chain hoists pneumatic chain hoists or winches,What should be used as far as possible?
All hoist structures should be designed in accordance with BSS BSS and should comply with the requirements of the Occupa tional Health and Safety Act,What are the requirements of the Occupa tional Health and Safety Act??
Crane structures should provide sufficient approach to enable an operator to offload the equipment from truck and to install such equipment with ease and visa versa,What is a crane structure??
The structures should be of simple affordable basic desi gn and fabricated from galvanised mild steel,What should the structures be of??
Guidelines for the development of water and sanitation infrastructure Fasteners having key functions in the structural strength and stability of the structures should without exception especially in respect of supporting carriage beams monorails etc,What are the Guidelines for the development of water and sanitation infrastructure??
All crawl beams should have removable end stops to prevent over travel of the trolleys and hoist units,What is a crawl beam??
To prevent deterioration of the hoist units due to outdoor exposure they should be removed directly after each use and suitably stored for future use as may be required,What is required to remove the hoist units after each use??
To prevent overloading of cranes the safe working loads should be clearly displayed on the travel beams hoist tro lley as well as on the hoist or winch unit example SWL,What is a safe working load??
Structures especially those of slewing jib cranes should be designed to ensure that minimum maintenance will be req uired and should incorporate self lubricating bronze or plastic bushing and sealed roller ball or thrust bearings,What should slewing jib cranes do??
It is however essential to provide sufficient lubricating ipples at all strategic points of moving components,What is lubricating ipples??
Screening of intake works In order to prevent debris from entering the outlet pipes of the dam from the upstream side and thus forming blockage of the isolating and especially the control valves removable fine screens having clear openings between slats of mm min to mm max are to be provided and placed at distance of pipe outlet diameter minimum from the intake pipe entrance,What is a screening of intake works??
These screens are to be placed upstream of the emergency gate or wall sluice gate in all instances and should either be individually lowere in guides one on top of the other by use of either an automatic grapple or by inter linking the screen elements in cases where more frequent removal is required,What should the screens be placed on top of??
The screen size should be such that the water velocity through the slats does ot exceed per second,What should the screen size be??
Guidelines for the development of water and sanitation infrastructure WATER TREATMENT WORK General As with dams the design of the water reatment process is specialist field of expertise and should be done by suitably trained professional engineer,What is the water reatment process??
Selection of appropriate treatment process The selection of an appropriate treatment process is essentially determined by uf The raw water quality physical and chemical,What is the selection of an appropriate treatment process??
Recommended loading rates and design parameters fo water treatment process units The following loading rates and design parameters can be given as guidelines only and should be tested against actual circumstances uf Rapid mixing at least head loss mixing in values,What are loading rates and design parameters for water treatment process units??
Retention with total head loss of about and uf Horizontal flow settling tanks in lieu of other flow types are recommended for turbid raw waters NTUs with manual sludge or hydraulic sludge withdrawal and maximum load ing rate of,What is recommended for turbid raw waters NTUs?
uf Direct gravity filtration as secondary solid liquid phase separation step filtration rate with upstream flow control,What is the gravity filtration rate??
Guidelines for the development of water and sanitation infrastructure uf Upflow downflow series filtration only to be constructed when the raw water turbidity rarely exceeds TU say of the time,What is TU say of the time??
Recommended filtration rates are o Upflow o Downflow uf Flotation recirculation rate of and loading rate of,What are the recommended filtration rates??
uf Sludge and wash handling facilities for design purposes assume that the sludge will thicken to concentration,What is the sludge thickness??
The sludge dam should be large enough for planning horizon of to years and space should be available for second dam,What is a sludge dam??
uf Clear water sump for high lift pumps of flow capacity,What is the flow capacity of a high lift pump??
uf Design flow capacity of plant to be based on the average daily summer demand plus for production losses,What is the average flow capacity of plant??
The sludge from settling sedimentation tanks sh ould at least flow to sludge lagoons from where only the supernatant flows to rivers,What is settling sedimentation tanks??
Reclamation can be considered where water is scarce and supernatant can be used,What is Reclamation and how can it be used??
Automation If water treatment plant has more than rapid gravity sand filters the ilter backwashing sequence may be automated,What is ilter backwashing sequence??
Automation shall be motivated and ot governed by hard and ast rules,What shall the automation be motivated and governed by??
Structural considerations It is recommended that all reinforced concrete water retaining structures should be designed to crack width using MPa concrete in accordance with BS,What is reinforced concrete water retaining structures??
Walkways should be provided to give safe access to all points requiring inspection and to provide logical progression to operators doing inspections,What should operators do inspections??
Guidelines for the development of water and sanitation infrastructure Specifica tions The following specifications are relevant for the design manufacture supply construction and commissioning of water treatment plants,What are the following Specifica tions??
Pump stations are often be sited at small purification work or as booster pump stations along pipelines,What happens when pump stations are sited at small purification work or as booster pump stations along pipelines?
Pump selection The following steps should be followed to select the correct pump duty uf The system curve relating to the hydraulic head lost in the system for different flows is calculated and plotted as graph above the required static head,What is the hydraulic head lost in the system??
Pump Station losses including those of all valves in the pumpline should be included in the calculation of the system curve,What should be included in the calculation of the system curve??
uf The pump performance curves are then plotted on the same graph,What is the pump performance curve??
The pump curves will intercept the system curve at the station duty point,What will the pump curves intercept at the station duty point??
uf An ideal pump election will result in each Pump Duty Point falling at or very near to the pump Best Efficiency Point BEP,What is the Best Efficiency Point BEP??
uf When only one pump in multi pump arrangement is operating the intercept with the system curve will be at point of reduced head and increased flow with regard to the chosen Pump Duty Point,What happens when only one pump in multi pump arrangement is operating??
Care should be taken that the motor is ot overloaded under the one pump condition and that margin of at least in excess of what the pump will demand is ensured under the worst possible operating con dition,what the pump will demand under the worst possible operating condition?
Guidelines for the development of water and sanitation infrastructure Pump standby capacity For Surface Water Pump Stations uf standby capacity for single pumps uf minimum standby acceptable for larger pump sets,What is the minimum standby capacity for larger pump sets??
The following rules apply MANUAL Pump Control uf Top Open Inlet to Storage or Combined Bottom Inlet Outlet,what does a pump control system do??
uf High Pressure Cut Out swit ch for pumps must always switch off pumps even when on manual,What is a High Pressure Cut Out swit ch??
Guidelines for the development of water and sanitation infrastructure TELEMETRY Pump Control uf Top Open Inlet to Storage or Combined Bottom Inlet Outlet uf Automatic Telemetry Cut In and Cut Out Level Control for pumps,What are the guidelines for the development of water and sanitation infrastructure??
uf Settings for Cut In levels Reservoirs hr GAADD below TWL Elev,What is a Cut In level??
Tanks hr GAADD below TWL uf Minimum distance of mm in all cases between cut in and cut out levels,What is the minimum distance between cut in and cut out levels??
Pump station building The suggested requirements for pump station building are as follows uf Pump station floor level determined in conjunction with the minimum et positive suction height of the pumps,What are the requirements for pump station building??
The effect of surge in the suction pipeline and manifold should also be checked for pump start up and trip conditions,What should be checked for surge in the suction pipeline and manifold?
uf Top of the pump well should ot be below the year flood level for pump stations built along river,What is a pump well??
If the pump station is built upstream of dam wall then the motor floor must at least be above the year or the high flood level whichever is the greater,What is the greater flood level??
uf The pump tation should be accessible during all weather conditions,What is the pump tation??
uf The protective fencing must be designed in accordance with the protection requirements of the area usually barbed wire spaced at intervals with razor cut flat coils fencing materials,What are the requirements of the area??
uf Storm water to be drained away from the pump station during the construction and operation phase,What is the purpose of drained Storm water??
uf Facilities crawl beam and loading bay for the safe removal of the pumps and motors should be provided where the weight of the equipment is such that it cannot be manhandle uf The loading bay entrance doors should preferably be of the roller shutter type rugged design,What type of loading bay entrance doors should be provided??
Reinforced concrete roofs could be three times as expensive as steel roofs,What is the cost of Reinforced Concrete Roofs??
uf The following st air dimensions are suggested Guidelines for the development of water and sanitation infrastructure Risers to mm high Treads to mm long uf Off shutter concrete finished areas pump well walls concrete columns etc,What are the following st air dimensions??
uf Hot dip galvanised treatment All internal handrails stee cat ladders steel stairways and eggrate flooring,What is a hot dip galvanised treatment??
uf Structural steelwork to be protected and painted as per SANS HC,What is a structural steelwork??
NOTE Many of the pump station guidelines are also applicable to the design of water treatment work structures and reservoirs,What are the design guidelines for water treatment work structures and reservoirs??
Pumps Suitable pumps are uf single stage end suction or horizontal split uf multi stage horizontal for treated water ot recommended for raw water owing to excessive wear on balancing disc uf single or multi stage vertical in raw water wet well application product lubricated with thrust bearing outside the flow tube or uf progressive cavity pumps,What is a Pump Suitable for Raw Water??
Guidelines for the development of water and sanitation infrastructure Pump components Impellers or rotors should be either zinc free bronze or stainless steel,What should rotors or impellers be??
Impellers and pump casings should be fitted with renewable bronze or stainless steel wearing eck rings,What should eck rings be fitted with??
Pump testing should be to BS part class undertaken at an acceptable test facility SABS or at the pump manufacturer if test facilities meet with the standards,What is the standard for pump testing??
Totally Enclos ed Fan Cooled with cast iron body and should be phase induction type,What is a phase induction type fan??
Pumpset speed Pumpset speed should ot be greater than rpm pole,What should ot be greater than rpm pole?
Isolating valves Double flange gate valves should be specified resilient seal valves up to Mpa,What type of valves should be specified??
Isolating valv es at both pump suction and pump delivery should be hand operated and double flanged to permit stripping of the pump or control valve,What is a valv e??
wafer type valve will not permit this and is therefore unacceptable,What is a wafer type valve??
The upstream suction isolating valve should hav the same pressure rating as the delivery isolating valve,what is the pressure rating of the suction isolating valve??
In order to reduce excessive surges double flanged reflux valves are preferred,What is a double flanged reflux valve??
The direction in which the valve is to be placed should be specified by the supplier,What is the direction in which the valve is to be placed??
RTDs Resistance Temperature Detectors are preferred for motors greater than and should be embedded in the motor windings two er phase providing one set spare,What is a RTD??
Pressure sensors A low suction pressure sensor should be provided and located between the su ction isolating valve and the pump suction flange,What is a pressure sensor??
This device should monitor and ensure that the pump does ot operate under conditions that will result in cavitation within the pump,What is a cavitation pump??
A pump delivery pressure sensor should be located between the pump de livery flange and the reflux or other control valve,What is a pump delivery pressure sensor??
This device should monitor two conditions on start up that the pump is generating full pressure and it is safe to open the delivery isolating valve and in operation that when the level controlled valve at the receiving reservoir located at the upper end of the rising main is closed the ensuing increase in pump delivery pressure should be employed to stop the pump,When the level controlled valve at the receiving reservoir located at the upper end of the rising main is closed?
Guidelines for the development of water and sanitation infrastructure Pressure gauges Each pumpline should be equipped with two pressure gauges,How many pressure gauges should each pumpline have??
One should display the pressure at the pump suction flange the other the pressure at the pump delivery flange,What is the pressure at the pump suction flange??
In addition one pressure gauge should be installed to measure the pressure in the station delivery manifold itself,What is the pressure in the station delivery manifold itself??
Pressure gauges should be glycerine filled and be calibrated in metres head of water,What pressure gauges should I use??
The range of operation should be from zero to in excess of the pump closed valve pressure,what is the range of operation??
All pressure gauges should be supplied with isolating and drain cocks piping and fitted with pulsation damper,What gauges should be fitted with pulsation damper??
Flow meters Usually ultrasonic flowmeters should be used where electronic type metering is required,What type of metering is required??
Where this type of meter is ot justified mechanical type meter are acceptable,What is a mechanical type meter??
For indication lamps use only cluster type LED with coloured lens caps blue LED are ot available,What colour LED are ot available??
The blue pump available lamp should be illuminated only when all safety conditions being monitored are healthy uf motor winding temperature sensors and uf suction pressure sensor healthy,What is a healthy pump??
Should any one of these safety sensors indicate an unhealthy or faulty conditi on the pump should be tripped and the white pump tripped lamp should be illuminated,What should a pump tripped lamp be illuminated??
uf trip cancel to cancel white lamp af ter fault is rectified black,What is a lamp af ter fault??
uf Auto manual switch if remote auto controls are used such as level devices or telemetry,What is a manual switch??
The Occup ational Health and Safety Act Act of applies in all instances,What is the Occupation Health and Safety Act Act of??
Design report The design report must include the results of quality investigation of the electrical supply,What is a design report??
Important aspects to consider Cognisance should be taken of the following aspects uf Environmental uf Aesthetics uf Safety to equipment and personnel uf Spares cost availability uf Ease of peration uf Future extensions uf Maintainability uf Availability uf Serviceability uf Technology improvements uf Quality of equipment uf Energy conservation uf Quality of electrical supply and uf Economics,What are important aspects to consider??
Metering points A dedicated transformer should be egotiated with the relevant supply authority for each metering point to avoid quality of supply problems originating from he supply authorities volt system,What is the supply authority for metering points??
The total cost of the supply point is important and should be determined before final designs are submitted,What is the total cost of the supply point??
LV switchboards and motor control Construction The following requirements are recommended for switchboards uf IP enclosure uf Free standing uf Extensible uf Flush tiers front and rear uf Accessible front and rear wi th hinged doors in front and removable panels at the rear uf Door locking and safety lockout systems are required uf Steel construction uf Colour white internal and lighter electric orange external uf Provide ventilation slots on face panels and doors with ermin screens behind slots Guidelines for the development of water and sanitation infrastructure uf Ensure that all panels are totally vermin proof and uf Use substantial gland plates at bottom of panels thickness,What are the requirements for LV switchboards and motor control??
Switchgear Circuit breakers The following requirements for circuit breakers are recommended uf The incoming circuit breaker of the main LT switch board which receives the supply from the supply authority or transformer must be equipped with adjustable earth leakage protection as well as an adjustable time delay facility to create the necessary discriminating etween this breaker and other earth leakage protectors further down the line,What are the requirements for circuit breakers??
uf Selective tripping between incoming and outgoing circuits must be provided,What is the difference between incoming and outgoing circuits??
uf Where circuit breakers are used to protect contactors motor protection circuit breakers equipped with shunt trips to trip the circuit breaker in the event of short circuit or earth faults should be used,What should circuit breakers be used for??
The contactor should ot be required to clear these types of faults,What should the contactor do to clear these types of faults??
uf Fast acting circu it breakers should be used in all instances,What is a circu it breaker??
uf All circuit breakers must be selected to handle the maximum possible fault current taking into consideration possible future extensions involving and increase in the available fault current,What is a fault current??
Motor protection The following requirements for motor protection are recommended uf Comprehensive motor rotection is required where the requirements are such that the ormal thermal overload protection will ot be adequate,What are the following requirements for motor protection??
versatile multifunction motor protection unit or relay is therefore to be used,What is a motor protection unit or relay??
uf For motors below thermal overload protection may be used provided single phase phase reversal and under load protection is provided,What is thermal overload protection for motors??
For under load protection phase angle type relays may be used,What is a phase angle type relay??
Indication and instrumentation The following instrumentation is required uf Combined thermal demand and instantaneous ammeters on all incomers and transformer feeders,What is required for Combined thermal demand and instantaneous ammeters?
Other requirements for indication are uf Where ecessary for safety reasons control voltage should be,What are the other requirements for indication??
uf Only mercury bulbs or wire level relays should be used for level controls in reservoirs,What level controls should be used in reservoirs??
uf Borehole level sensing should be done with equipment using ormal wires,What should Borehole level sensing be done with??
If PLC are used see above full lighting protection must be provided or all inputs outputs and power supplies,What is a PLC??
Power factor correction Power factor correctio must only be provided where it can be proved before hand that it is economically justified,What is a Power factor correctio??
Guidelines for the development of water and sanitation infrastructure Earthin The following requirements for earthing are recommended uf Earthing may consist of an earth mat trench earth electrode earth or trench and electrode combination scheme,What are the following requirements for earthing??
uf An earthing survey must be carried out by specialist where ecessary,What is a earthing survey??
uf All eart hing must be connected to common earth bar at the lowest possible point where separate systems are provided for instrumentation LV and MV,What is a common earth bar??
uf Maximum resistance to earth is uf for LV systems and uf for MV systems,What is uf Maximum resistance to earth??
uf The supply authority requirements regarding earthing must be taken into consideration,What is the supply authority requirement regarding earthing??
Lightning protection The requirements for lightning protection are uf Lightning protection must be provided for safety purposes as well as for the protection of equipment and instrumentation,What are the requirements for lightning protection??
uf Surge arrestors must be of the metal oxide type in accordance with SANS,What is a Surge arrestor??
uf Guard against the use of lo g control cables between eg,What is a uf Guard against the use of eg cables??
Conduit wire ways and conduit Conduit All conduits must be galvanised steel conduit in accordance with SANS and should be surface mounted,What conduits do I need??
Guidelines for the development of water and sanitation infrastructure Cable ways The requirements for cable ways are uf Cable routes should be specified,What are the requirements for cable ways??
This sho uld be in trenches in floors or cable ladders against walls,What sho uld be in trenches?
Gland drip water should be piped into o fines opening into the trench ext to the pump set in this case to keep the sand wet,What should be piped into the trench ext to the pump set in this case??
uf Heavy duty galvanised beehive type racks supported at least every on galvanised angle iron brackets should be used to support aerial and vertical cables,What should be used to support aerial and vertical cables??
Switches and socket out lets Light switches should be placed in galvanised steel box in accordance with SANS above finished floor level,What should light switches be placed above finished floor level in accordance with SANS?
Minimum conductor sizes are uf Lighting circuits mm power and mm earth conductors uf Socket outlets mm power and mm earth conductors uf Stove circuits mm power and mm earth con ductors uf Bell circuits mm uf Clock circuits mm Guidelines for the development of water and sanitation infrastructure Lighting luminaires and masts Lighting Task lighting of lux is required for each pump,What are the minimum conductor sizes??
High masts Streetlights should be mounted on standard poles with outreach,What should streetlights look like??
Standby generators Where standby generators are provided the change over switches between standby and normal electricity must be both mechanically and electrically interlocked and conform to the supply authorities requirements,What are the supply authorities requirements for standby generators??
Guidelines for the development of water and sanitation infrastructure TELEMETRY Maintenance It is ormally recommended that telemetry be maintained by maintenance contractors,What are the guidelines for the development of water and sanitation infrastructure TELEMETRY Maintenance?
General guidelines Telemetry will ormally be required where there is eed to exchange data and information between two or more distant or remote installations or sites between remote reservoir and pump station or control room,What is a Telemetry requirement??
The design engineer should take consideration of the following uf Environmental impact uf Safety to equipm ent and personnel uf Affordability uf Ease of operation uf Maintainability uf Serviceability uf Compatibility with existing systems uf Quality uf Aesthetics uf Best practice uf Spares costs and availability uf Future extensions uf Availability and uf Technology improvements,What should the design engineer take into consideration??
Typical system configuration A typical system may consist of master station and umber of outstations,What is a typical system configuration?
Typical data or information that may be transmitted is for example uf valve pos ition uf reservoir level uf pump status running stopped tripped etc uf start stop commands and Guidelines for the development of water and sanitation infrastructure uf camera images,What are Typical data or information that may be transmitted??
The telemetry installation consists of the following elements uf transducers and field instrumentation uf cabling uf communication system and uf contr ol systems,What is the telemetry installation??
However situations may arise where o other Contractors are employed and in these cases the supply and installation of the instrumentation equipment must form part of the telemetry installation,What happens when o other Contractors are employed??
Guidelines for the development of water and sanitation infrastructure Cabling Power cables The installation of these cables are covered in the Department Specifications on Electrical Installations included in the Specifications Folder,What is the Department Specifications on Electrical Installations??
Data cables For correct performance of cables for data transmission the correct type and size cable must be selected for the application data transmission speed oise distance type of data analogue or discrete etc,What is the correct type and size cable??
As general rule the following should apply uf Low data transfer rates Low frequency type cables twisted pair uf High data transfer rates High frequency type cables co axial cables optic fibre or special type of twisted pair uf High oise and lightning environment Shielded cable or optic fibre cable,What should apply uf Low data transfer rates?
Communication system The communication system consists of the following sub systems uf Radio equipment Transmitters and receivers uf Antennas and Masts uf RF cabling uf Power supply system and uf Lightning protection and earthing,What subsystems are there??
The design load including antenna is wind load of km and snow load where applicable,What is the design load including antenna??
Man machine interface Computers must be specified as follows uf inch moni tor uf Pentium IV GHZ or higher uf Hard Drive uf At least MB memory,What is a hard drive??
All controls should be effected from this interface either automatically or by the operator when selected,What should the operator do when selected??
The batteries may be charged from one of the following sources uf AC main supply with rectifier and protective equipment uf Solar cells uf WIVA chargers,What is the difference between uf Solar cells and WIVA chargers??
Solar ce lls will be used where o mains power is available,What will Solar ce lls do when o mains power is available??
Lightning protection and earthing Suitable protection must be provided to protect equipment including a Earth Electrode System uf Maximum resistance ohms,What is the maximum resistance ohms??
c Lightning Protection All equipment should be considered exposed to lightning strikes and suitable protection must be provided,What is a Lightning Protection??
As built documentation must be provided and must include uf Control logic uf Cabling and uf Physical layout,What documentation must be provided and must include??
Water supply pipelines are generally designed to convey water free of suspended matter and generally of potable qu ality,What is a water supply pipeline??
Generally refer to DWS Clause included in the Specifications Folder for the design and setting out of pipelines,What is a DWS Clause??
Pipeline materials The pipeline material that provides the lowest life cycle cost should be selected,What is the lowest life cycle cost??
The selection procedure as proposed Section of Darling and Hodgson Pipe Selection Manual is recommended,What is the selection procedure as proposed Section of Darling and Hodgson Pipe Selection Manual??
Guidelines for the development of water and sanitation infrastructure Suitable pipeline materials are tabulated below Pipe Materials Classes and Acceptable Sizes DWAF DWS Specification Class bar Sizes mm Minimum pipe size for reticu lation ominal diameter HDPE SANS None Min,What is the minimum pipe size for reticu lation??
Class Note and mm sizes are ot recommended for uPVC pipes due to the lack of standard fittings,What is a standard fitting for uPVC pipes??
Protection to steel pipes mm Generally bitumen fibre wrap coating with cement mortar lining or epoxy lining and cathodic protection see DWS,What is a bitumen fibre wrap??
Pipeline velocities The following maximum and minimum pipeline velocities are recommended uf Minimum Raw water uf Minimum Treated water uf Maximum DPFR for Reticulations uf Maximum Pump suction inside station uf Maximum Design flow in Bulk Supply uf Maximum Scour flow in Pipelines Guidelines for the development of water and sanitation infrastructure Pipe friction factors Only Colebrook White or Darcy Weisbach formulae with friction factor uf determined using Moody diagram or equivalent formula or Hazen William formula with factor equivalent to for pipe diameter and velocity are acceptable for design,What are the recommended pipe friction factors??
Pipe friction factors are provided in the table below Pipe Friction Factors Absolute Roughness mm Pipelines excl,What are the pipe friction factors??
fittings losses uPVC or GRP mm mm Steel cement mortar lined mm mm Depth of pipe cover The minimum depth of cover to main pipelines are uf Generally uf Under cultivated land uf Road Railway crossings Additional protection should be provided to pipes under roads or railways where required,What is the minimum depth of cover to main pipelines??
Vacuum pressures Vacuum pressures in Bulk Supply Pipelines during shutdown and scouring of pipes are generally unacceptable but maximum is acceptable to econo mise on Double Orifice Air Valve installations,What are the Vacuum pressures in Bulk Supply Pipelines??
Guidelines for the development of water and sanitation infrastructure Trench width Allow for at least the pipe diameter plus on both sides for small diameter pipelines to ensure that backfilli g is effectively rammed,What does backfilli g cost??
Slope A slope of steeper than is required to avoid air ockets,What slope is required to avoid air ockets?
Meters Schemes should be provided with bulk metering from the water source,What is a Meter Scheme??
Where house or yard connections are provided the consumption of ach individual household should be measured,What is the consumption of ach individual household??
Delivery point For basic level of service in rural communities the delivery point should be the stand pipe or yard tank,What is the basic level of service in rural communities??
Air intake valves are required upstream and downstream of isolatio valves on ascending and descending pipeline slopes respectively,What is required upstream and downstream of isolatio valves??
The minimum distance between air valves should be Separate isolating valves are required on each air valve branch for maintenance purposes,What is the minimum distance between air valves??
Scour valves should be so sized that the pipe can be drained between the isolating valves within hours,What is a Scour valve??
uf At an approximate distance of pref erably at the lowest points,What is the distance of pref erably??
uf Start of every rising main with arrow pointing towards the pumping station,What is a pumping station??
uf At the end of every gravity main with arrow on valve pointing in flow direction,What arrow on valve pointing in flow direction?
Isolating valves should be mounted with flange adapters to aid in rem oval,What is a rem oval valve??
Valve chambers Valve chambers of robust construction should be provided for all valves,What valve chambers should be provided for all valves??
Sufficient access should be provided in valve chambers or the removal of bolts,What should valve chambers or the removal of bolts do??
The cover should be above ground level and should be of hinged and on removable type,What type of cover should the cover be of??
Break pressure tanks should be used for pressure reduction where possible but the correct placing of reservoirs is preferred,What should be used for pressure reduction where possible??
Thrust blocks and anchors Coupled pipelines must be anchored at uf All changes of direction greater than degrees,What changes of direction greater than degrees?
The anchor blocks must be large enough to uf Provide sufficient friction and bearing forces between the anchor block and soil to balance the thrust force in any direction and uf Balance upward forces through the mass of the block,What is the thrust force in any direction??
The pipe should be imbedded at least up to the centre line at bends,What should the pipe be imbedded at bends??
A flexible membrane should be inserted between the pipe and anchor block to prevent damage to pipes subject to chafing,What is a chafing membrane??
Structural design Pipelines should be designed for internal and external pressure including surge pressure,What is a pipeline??
The structural load bearing capacity of the pipe is specified by the manufacturer and care should be taken ot to expose the pipe to loading conditions other than that intended by the manufacturer,What is the structural load bearing capacity of the pipe??
Guidelines for the development of water and sanitation infrastructure Corrosion protection Refer to DWS in Specifications Folder,What is the DWS in Specifications Folder??
Couplings Two major categories are generally used amely rigid and flexible joints,What is the difference between a rigid and flexible joint??
Flexible joints are define as those joints that allow some telescopic movement or angular flexure of the adjoining pipes,What is a Flexible Joint??
Rigid couplings joints Flanges Flanges should be attached to pipes by metal arc welding the weld preparation being in accordance with the requirements of BS Type unless otherwise specified,What is a BS Type??
A slip on welded flange is suitable for all design pressure conditions covered by BS flange tables up to and including Table and design temperatures ot exceeding with pipes mm and over,What is a slip on welded flange??
Screwed couplings Pipes should be screwed taper and sockets parallel thread according to SANS or ISO,What should Pipes be screwed taper??
Guidelines for the development of water and sanitation infrastructure Flexible couplings All flexible coupling should be able to withstand an internal pressure equal to or great er than the design working pressure of the pipe,What is a flexible coupling??
Spigot and socket joints utilizing rubber ring as seal shou ld be watertight under working pressure with shear force equal to the expected external load applied to the coupling,What is the expected load applied to the coupling??
Rubber rings used for sealing should ot elongate more than of the original length when stretched over the spigot end of pipe,What should seal a spigot end of pipe??
Rubber rings should ot be exposed to ultra violet radiation or ozone for periods longer than the time required for installation,How long should rubber rings be exposed to ultra violet radiation or ozone??
Where pipeline is likely to be subjected to any abnormally corrosive condition the pipe manufacturer shoul be contacted in advance so that they may advise on the suitability of their joints for the purpose or alternatively in collaboration with their rubber supplier provide rings that will meet the requirements of the situation,Where pipeline is likely to be subjected to abnormally corrosive condition?
Sleeve type joints using flexible plastic sleeve must conform to the misalignment test according to the relevant SANS standard for that specific type of pipe utilizing the coupling,What is the SANS standard for flexible plastic sleeve??
The draw and slew movement of the coupling will be in accordance with the requirements of the rele vant SANS standard for that specific type of pipe utilizing the coupling,What is the rele vant standard for that specific type of pipe utilizing the coupling??
Fittings Reducers diffusers and inlets The range of angle of deflection for concentric or eccentric diffusers enlarging diameter should be between degrees,What is the range of deflection for concentric or eccentric diffusers?
Where vailable NPSH is problem rounded inlets should provide better flow characteristics and less friction losses,When vailable NPSH is problem?
Guidelines for the development of water and sanitation infrastructure Bends Refer to DWS,What are the Guidelines for the development of water and sanitation infrastructure??
Elbows should ot have bending radius smaller than the outside diameter of the pipe,What is the bending radius of the pipe??
Medium and long radius bend should ot have radius larger than seven times the outside diameter of the pipe,What should ot have radius larger than seven times the outside diameter of the pipe?
Long radius bends ormally have radius of approximately three times the outside diameter of the pipe,What is a long radius bend??
Dividers All flow dividers will cause change in flow direction and should therefore be properly anchored,What are flow dividers??
Puddle or thrust flanges Puddle or thrust flanges should be provided where pipe passes through water retaining structure or chamber,What should pipe passes through water retaining structure or chamber??
A thrust flange will assist in the transfer of axial pipe forces due to water hammer or surges,What is a thrust flange??
uf Ground level reservoirs that are gravity fed hours of annual average daily demand,What is the average daily demand for ground level reservoirs??
uf Ground level reservoirs that are pump fed from one source wi thout standby power supply or pump hours of annual average daily demand all storage inclusive,What is the average daily demand for ground level reservoirs??
Storage for small ground water schemes If ground level storage can be located close to the villag and provide the required residual head for the reticulation then hours or hours storage at lcd should be provided according to the umber of boreholes utilised,What is ground level storage for small ground water schemes??
The elevated tank should only be sized for to hours of lcd years design horizon and the borehole pumps should pump directly into the tank,What should the borehole pumps pump into the tank??
An elevated tank so sized will be adequate in the short term and will be suitable investment for use as an elevated tank in conjunction with ground level storage at future date,What is an elevated tank in conjunction with ground level storage??
Design It is recommended that all reinforced concrete water retaining structures be designed to crack width sing MPa concrete in accordance with BS,What is reinforced concrete water retaining structures??
The scour pipe should be separate from the inlet or the outlet pipe,What is a scour pipe??
Materials The selection of materials is dictated by durability and life cycle costs,What is the selection of materials??
Position The reservoir should be provided close to consumers to avoid long pipelines having to cater for the instantaneous peak demand,What is the point of a reservoir??
Break pressure tanks Correctly placed reservoirs are preferred in place Break Pressure Tanks but when this is not practical the following guidelines are applicable to break pressure tanks Tanks to have partition wit duplicate pipework and control valves etc,What should break pressure tanks look like??
The minimum volume per partition uf Gravity inflow and outflow minutes uf Pumped inflow and or outflow minutes Inlet control uf Gravity Float Level Control Guidelines for the development of water and sanitation infrastructure uf Pumped as per pump control Control Valves are ot preferred but if required then provision must be made for adequate maintenance,What is the minimum volume per partition uf Gravity inflow and outflow minutes?
Preferably stand should be provided for the container to stand on with higher tap,What is a container to stand on??
The tap should preferably be of the push button or self closing type,What should the tap be of??
Yard tanks The yard tanks should be approximately lit res in size to provide adequate storage for daily supply,What is a yard tank??
The flow into the yard tank must be regulated by means of flow constraint mechanism to maintain supply at approximately litres,What is the flow into the yard tank to maintain supply at approximately litres?
The level of the outlet must be high enough to ensure litre container can fit easily for filling,What is the level of the outlet??
Pressure The minimum pressure at the hydraulically highest tap under dynamic loading of of the stand pipes being open should ot be less than Guidelines for the development of water and sanitation infrastructure The maximum static pressure should be Minimum flow The flow rate from the outlet of standpipe should ot be less than litres per minute,What is the maximum static pressure??
For yard tanks it should be maximum of litres per household per month,What is a yard tank??
Those who have inadequate sanitation may be usi g bucket system unimproved pit toilets or the veld or any toilet which is ot properly operated and maintained,What is a toilet which is not properly maintained??
When sanitation system fails or is inadequate the impact on the health of the community and the egative impact on the environment can be extremely serious,What happens when sanitation system fails or is inadequate??
The VIP toilet has umber of advantages over other toilet systems,What are the advantages of the VIP toilet??
The capital and operation and maintenance costs of VIP are low standard designs are available only semi skilled labour is required for their construction and the availability of constant supply of water is ot factor,What is the cost of a VIP??
Individual households often copy the VIP toilets constructed by earby formal programmes,Why duplicate the VIP toilets constructed by earby formal programmes?
It is hoped that this standard will create an expanded sphere of influence in that the VIP toilets constructed in accordance with thi standard should stand as examples for surrounding communities who wish to build their own,What does a standard do??
DefinitionS Ventilated Improved Pit Toilet VIP toilet is toilet which comprises uf pit into which the excreta falls and from which the liquid fraction seeps into the surrounding soil uf slab which covers the pit and which has two holes one for the excreta to fall through and one for the vent pipe uf superstructure which provides privacy and which prevents light from entering the pit uf vent pipe which remo ves odour from the pit uf fly screen at the top of the vent pipe which prevents flies from entering the pit and which also prevents flies that have entered the pit from leaving through the vent pipe,What is Ventilated Improved Pit Toilet??
Guidelines for the development of water and sanitation infrastructure The Strategic Framework provides various definitions relating to basic sanitation facility basic sanitation service and the eradication of the bucket system as follows Basic sanitation facility is The infrastructure ecessary to provide sanitation facility which is safe reliable private protec ted from the weather and ventilated keeps smells to the minimum is easy to keep clean minimises the risk of the spread of sanitation related diseases by facilitating the appropriate control of disease carrying flies and pests and enables safe and appro priate treatment and or removal of human waste and wastewater in an environmentally sound manner,What is a basic sanitation facility??
Basic sanitation service is The provision of basic sanitation facility which is easily accessible to household the sustainable operation of the facilit including the safe removal of human waste and wastewater from the premises where this is appropriate and ecessary and the communication of good sanitation hygiene and related practices,What is a basic sanitation service??
Ventilated Improved Pit toilet VIP complies with both the old and revised definitions of basic sanitation facility,What is a basic sanitation facility??
Eradication of bucket toilets The bucket system is an unsuitable and inappropriate level of service,What is a bucket system??
The social economic and cultural circumstances in the community the geographical location and the technical characteristices of the different sanitation facilities all play major roles in the choice of the most appropriate anitation system,What is the most appropriate anitation system??
In most situations however the ventilated improved pit VIP toilet together with good domestic health and hygiene practices will meet the requirements of basic minimum level of service,What are the requirements of basic minimum level of service??
Operating principles No water is eeded to op erate VIP toilet there is o flushing,What is a VIP toilet??
The pit should retain sufficient moisture for biological decomposition to occur as the faecal matter will ot break down if the pit is too dry and as result the pit will fill up rapidly,What happens if the pit is too dry??
Provision should be made to access the pit of VIP toilet through the slab in order to empty it manually or per vacuum action when required,What is the purpose of a VIP toilet??
Alternative ly it should be possible for the VIP toilet to be moved when the pit is full,Why not move the VIP toilet when the pit is full?
Guidelines for the development of water and sanitation infrastructure Odour is removed from the pit through the action of wind blowing across the vent pipe and to lesser extent by the air heating up on the inside of the vent pipe,What happens when Odour is removed from the pit?
Table Volumetric mix proportions for concrete and mortar Purpose for use Cement Wheelbarrowa Sand Wheelbarrowb Stone Wheelbarrow Mortar for plastering Mortar for bricklaying Concrete for foundations and floors Cover slab a The volume of packets of cement is equal to the volume of wheelbarrow of cement b The type of sand should comply with the pu rpose plaster sand for plastering building sand for bricklaying and river or crusher sand for concrete Cover slab The cover slab should generally be made of concrete or cement mortar Pedestal The pedestal can be commercially fabricated with cer amic polyethylene glass reinforced plastic GRP and PVC or can be fabricated on site with wood concrete mortar or bricks,What type of sand should be used for plastering?
Guidelines for the development of water and sanitation infrastructure Superstructure The walls and roof can be constructed from variety of local or prefabricated materials that are durable and we atherproof,What are the requirements for the development of water and sanitation infrastructure??
Vent pipe The vent pipe should be manufactured from uPVC pipe brick fibre cement pipe or cast iron,What type of vent pipe should I use??
Design and construction of VIP toilet Pit The recommended pit storage volume for typical household excluding the freeboard is as given in Table,What is the recommended storage volume for typical household?
Freeboard height above the storage volume should be as given in Table and Figure,What should the freeboard height above the storage volume be??
round pit is more stable and is recommended in less cohesive soils,What is a round pit??
Round pits with diameter to and square pits with width of to are the orm,What pits are the orms??
If the pit depth cannot be achieved due to rock or groundwater an alternative such as urine diversion toilet should be considered,What is a urine diversion toilet??
Guidelines for the development of water and sanitation infrastructure The size of the pit and the porosity of the soil surrounding it should be such that water will percolate faster out of the pit than liquids entering the pit,What is the size of the pit and the porosity of the soil surrounding it??
A drawing of typical VIP toil et is shown in figure,What is a typical VIP toil et??
Figure Drawing of typical VIP toilet Guidelines for the development of water and sanitation infrastructure Location The toilet should be situated downhill and at least from borehole or well see SANS,Where should the toilet be located??
Where the pit will be emptied by vacuum tanker the toilet should be situated such that vacuum tanker can approach to within of the toilet and ot more than above the pit,Where the pit will be emptied by vacuum tanker?
Lining Pits in stable soil which will be emptied by hand or pits moved when full eed ot be lined,What is a Lining Pit??
The lining can be constructed from concrete blocks bricks cement stabilised soil blocks stones or mesh reinforced soil cement,What type of lining can be used??
Guidelines for the development of water and sanitation infrastructure collar should be surrounded by cement stabilised earth bank or shaped earth drain,What should a water and sanitation infrastructure collar be??
The same material that would be used for lining is suitable for collar,What would be suitable for lining??
The mi imum thickness of the slab panel should be as given in Table,What is the thickness of the slab panel??
Reinforcing have to be designed for flat slab exceeding in span,What is a flat slab??
A cover sla should be properly supported by the pit lining or pit collar by allowing an overlap of at least mm on each side,What is the overlap of a cover sla??
Pedestals can be commercially fabricated with ceramic polyethylene glass reinfor ced plastics GRP and uPVC or can be fabricated on site withconcrete mortar or bricks,What can be fabricated on site with concrete mortar or bricks??
The inside walls should be vertical or splayed slightly outwards from top to bottom to minim ize fouling,What is a fouling wall??
Guidelines for the development of water and sanitation infrastructure The pedestal height should be between mm and mm,What should the pedestal height be between mm and mm??
The minimum internal dimensions of an oval seat are mm and mm and for round seat the diameter is mm,What are the minimum internal dimensions of an oval seat??
The surfaces of the toilet seat and lid should be smooth and free of obstructions,What is a toilet seat and lid??
Superstructure The superstructure can be rectangular shaped ci rcular or spiral with or without privacy wall screen wall makes door unnecessary,What is a superstructure??
The design of the superstructure should ensure privacy comfort and protection against the weather,What is the design of the superstructure??
To reduce load on the cover slab pit collar or lining the superstructure can be offset,What can be offset to reduce load on the cover slab pit collar?
Any part of wall that extends beyond the edge of the cover slab should be supported by foundation,What should be supported by a foundation??
The vent pipe may be situated inside or outside of the superstructure,What is a vent pipe??
While the superstructure should allow indirect light to enter the pit should be kept dark,What should be kept dark in the pit??
If the door opens outwards it is more prone to wind damage but the interior floor area can be decreased thus reducing building costs,What happens when the door opens outwards??
The inimum dimensions of superstructure should be as given in table,What are the inimum dimensions of superstructure??
Guidelines for the development of water and sanitation infrastructure The walls and roof can be constructed from variety of local or prefabricated materials that are durable and weatherproof,What are the requirements for the construction of water and sanitation infrastructure??
The openings in the mesh should have maximum size of mm mm,What is the maximum size of the openings in the mesh??
The mesh should be made of aluminium stainless steel glass fibre or other material resistant to corrosion from uv light rust and the gases emanating from the pit,What should the mesh be made of??
Cowls should ot be used over the vent pipe as they obstruct the light and induce turbulence thereby reducing wind shear at the top of the vent pipe,Why cowls should not be used over the vent pipe?
Guidelines for the development of water and sanitation infrastructure Fly control Ventilation The ventilat ion systems Hand wash facility Where water stand pipe is ot available earby small water tank should be provided,Where water stand pipe is ot available?
Ground water contamination risk associated with VIP toilet Unless lined with an impervious lining on site sanitation systems suc as the VIP Toilet dispose of human waste directly into the ground,What is ground water contamination risk associated with VIP toilet?
In order to minimise the risk of contaminating ground water sources the guidelines provided in the DWAF Ground Water Protocol must be followed,How to minimise the risk of contaminating ground water sources?
The DWAF Ground Water Protocol is includ ed in the Ground Water Folder,What is the Ground Water Folder??
Guidelines for the development of water and sanitation infrastructure TABLE SUMMARY OF RECOMMENDED MINIMUM DIMENSIONS Component Recommended minimum dimensions Pit Storage volume Pit to be emptied Toilet to be moved Freeboard Collar Depth mm Projection above ground level mm Slab support width mm Slab Thickness mm Overlap on collar mm Reinforcement if span is In underside of slab Concrete cover over reinforcement mm Type mm bars each way or Ref steel mesh or mm roofing wire Pedestal Height from floor mm to mm Seat openingb Round mm diameter Oval mm mm Superstructurec Internal height on site constructed Internal width Internal length door opening outwards Internal length door opening inwards Dimension betwee,What are the recommended minimum dimensions??
This will depend on the ature of the works water or sewage and on the components which are to be operated and maintained,What is the condition of the works??
Staff within the operating organisation who have spare capacity must be ke pt in mind so as ot to burden the organisation unnecessarily,What is a ke pt in mind??
The components for which staff must be considered are uf The raw water source borehole dam river pump station and pipelines,What are the components for which staff must be considered??
Where borehole fitted with hand pump or windmill is provided and user ownership resides in the community individual members of the communit will have to operate the pump as they require water,Where a hand pump or windmill is provided and user ownership resides in the community?
Someone within the community eeds to be trained to service th pumps windmill at regular intervals or these services should be provided from outside,Who needs to be trained to service th pumps windmill?
Where one or more boreholes equipped with an engine are involved permanent operator is required to monitor reservoir levels start and stop the engine check fuel oil and water levels generally ensure the well being of the engine procure the fuel and call for specialised maintenance when eeded,Where one or more boreholes are involved?
In case similar to the above where chlorination is applied the operator should receive additional training in con trolling the chlorination system,What is a con trolling system??
Where water is abstracted from river chlorinated and pumped to reservoir from where it is reticulated to the community an operator will be ecessary with appropriate training in pumps diesel petrol engines or electri motors,What happens when water is abstracted from river?
Any water supply scheme or sewage disposal system where treatment works as defined in the Water Act forms part of the system will fall under Regulation of and such works will have to be registered with DWAF and will have to employ operators of the requisite grading,What works will fall under Regulation of and will have to be registered with DWAF?
In every case this minimum must be compared with the umber of operators physically required to man the works at all times during its operation,How many operators are physically required to man the works during its operation?
Where any works to operate continuously for example at least operators will be required to allow for days off and sick and vacational leave,What will operators be required to allow for days off and sick and vacational leave?
It is recommended that there be at least team per km of pipeline with the siz of teams as follows DIAMETER OF PIPE SIZE OF TEAM The amount and type of equipment installed will dictate whether full time mechanical and electrical artisans eed be employed or whether such services can be contracted out,What is the siz of teams??
The extent of the buildings and structured will determine the umber of civil maintenance staff eeded and the umber of cleaners eeded,What is the extent of the buildings and structured??
Usually they would only be ecessary on Class or higher works,What would a Class or higher work be??
Where billing and tariff collection is to be the responsibility of the scheme itself provision must be made for meter readers when meters are installed and for clerks and cashier,Where billing and tariff collection will be the responsibility of the scheme?
At the smaller wate supply schemes those involving boreholes pumps and chlorination only and where the level of skill required for the operation and maintenance can be found within the community housing associated with the scheme should ot be necessary,What is the level of skill required for the operation and maintenance??
At larger schemes where skills required cannot be found within the community to be served and where skills must therefore be procured from elsewhere consideration must be given to providing housing for the staff required to perform certain duties such as process control skilled electrical and mechanical maintenance and computerized billing systems,What happens when staff cannot be found within the community?
The houses will eed to be similar in size and finish to the standards expected by persons of the relevant post grading,What are the standards expected by persons of the relevant post grade??
Generally however it is preferable to minim ize the different types of housing,What are the different types of housing??
Geographical aspect can be reason to provide housing for all staff members such cases arise where scheme may be located in an isolated area in order to be ear large dam and where transport infrastructure is minimal,What can be reason to provide housing for all staff members??
In all cases where housing is provided the econo mies of providing the houses against providing transport allowance should be considered in conjunction with the inconvenience factors which arise,What are the inconvenience factors which arise when housing is provided??
While providing on site housing is convenient for staff problems arise in providing schooling for children etc,What is the problem in providing schooling for children??
There may be tax implications perks tax for employers who rec eive free housing,What are the tax implications perks tax for employers who rec eive free housing?
Providing subsidy for workers to own their own housing should be seen as preferable as this builds stability in communities,What is a subsidy for workers to own their own housing??
Guidelines for the development of water and sanitation infrastructure Consideration should be given to the following uf The installation of security fencing around the housing,What is the following uf??
uf The provision of security lighting like street lighting or high mast lighting,What is a security lighting??
Laboratories offices and other facilities Laboratory or on site analysis of water may be performed as means of plant and system control or adjustment and as periodic check on water quality,What is Laboratory or on site analysis of water??
Routine testing of water is designed to establish that the water is aesthetically acceptable and hygienic,What is a hygienic water??
These tests may be carried ut with relatively simple equipment titrations colour comparison or simple robust instrumentation such as pH measurement,What is a titration??
Any water supply scheme such as borehole or river pump station where chlorine is added to the water should be provided with chlorine test kit and the ecessary reagents,What is a chlorine test kit??
The recommended equipment is Lovibond comparator with chlorine disc and DPD tablets,What is the recommended equipment for Lovibond comparator with chlorine disc and DPD tablets?
On small scheme where lime is added test kit such as that for chlorine but with pH disc and reagents should be provided,What is the pH disc and reagents??
Suitable testing equipment and testing frequency for small water treatment plant that produces are indicated in the table below PARAMETERS EQUIPMENT FREQUENCY REMARKS PH PH met er Daily If lime is added Turbidity Turbidity meter Daily If flocculants are added Colour Colour comparator Daily Chlorine Total residual Free residual Chlorine comparator Once day At least twice day When gas chlorine is used,What is the test frequency for a small water treatment plant that produces??
Flocculation Laboratory jar stirrer When ecessary When replacing flocculant with new one or when the ature of the raw water changes Guidelines for the development of water and sanitation infrastructure Conductivity TDS E coli Total hardness Calcium hardness Magnesium hardness Total al kalinity Sulphates Chlorides Fluorides Nitrates Iron Manganese These tests can be contracted out or performed by nearby larger facility,How to use a laboratory jar stirrer?
Suitable testing equipment and testing frequency for water treatment plant which produces between and are listed in the table below PARAMETER EQUIPMENT FREQUENCY REMARKS PH PH meter Daily Turbidity Turbidity meter Daily Colour Colour comparator Daily Chlorine Total residual Free residual Chlorine comparator Once day At least twice day When gas chlorine is used,What is the test frequency for water treatment plant which produces between and is listed in the table below?
E coli Incubator Weekly Conductivity Conductivity meter Daily TDS Weighing Balance Calculations Weekly Total hardness Calcium hardness Magnesium hardness Total alkalinity Titrations Burettes Daily Stability test Calculations Daily Flocculation test Laboratory jar stirrer When ecessary When replacing flocculant with new one or when the ature of the raw water changes,When to use a jar stirrer?
Other specific metals may eed to be determined when there are industrial or mining activities in the vicinity,What happens when there are industrial or mining activities in the vicinity?
A complete laboratory as per list below should be provided for water treatment plant which produces Support laboratory equipment such as weighing balance hot plates filters vacuum pumps stirrers and burners will also be required,What equipment will be required for water treatment plant which produces??
PARAMETERS METHOD EQUIPMENT FREQUENCY REMARKS PH PH meter Daily Turbidity Turbidity meter Daily Colour Colour comparator Daily Chlorine Total residual Free residual Chlorine comparator Once day At least twice day When gas chlorine is used,What is the value of chlorine??
E coli Incubator Daily Conductivity Conductivity meter Daily TDS Weighing balance Calculations Weekly Total hardness Calcium hardness Magnesium hardness Total alkalinity Titrations Daily Flocculation test Laboratory jar stirrer When ecessary When replacing flocculant with ew one or when the ature of the raw water changes,When to replace flocculant with ew one?
Stability test Calculations Daily Guidelines for the development of water and sanitation infrastructure Sulphates Chlorides Fluorides Nitrates Iron Manganese Turbidi ty Gravimetric Titration Spectrometry Spectrometry Spectrometry Spectrometry Weekly Iron and Manganese may be analysed for on frequent basis where these are known to occur,What is a Stability test??
Other specific metals may eed to be determined when there are industrial mining activities in the vicinity Laboratories workshops and other facilities should be available at the time of scheme commissioning,What should be available at the time of scheme commissioning?
Sufficient funds should be allowed in the project budget for the start up costs of these facilities,What should be allowed in the project budget for the start up costs of these facilities??
Non fixed as sets Non fixed assets such as loose tools laboratory fittings and workshop equipment should be provided as part of the implementation cost,What should be provided as part of the implementation cost??
Guidelines for the development of water and sanitation infrastructure TENDER PROCEDURES Each Municipality must have their own Tender Procedures,What are the Tender Procedures??
Where State Funds are involved the Departmental Tender Procedures as prescribed in the Accounting Officer Procurement Procedures must be used,How to use the Departmental Tender Procedures?
Steps in the tendering process The tendering process comprise the following steps uf Approval of Business Plan,What is the tendering process??
uf Update Tender Documents copies plus marked up draft sent to DWAF Pretoria,What is the status of the Update Tender Documents??
uf Call for tender adver tised in Government Tender Bulletin Friday,What is the Government Tender Bulletin??
Guidelines for the development of water and sanitation infrastructure uf Sealed tenders submitted before due date,What are the requirements of Sealed tenders??
uf Tender box opened in public and details of tender received recorded,What is a Tender box??
Pre tender stage The pre tender stage includes al work up to the submission of the tender documents for approval by the Regional Tender Committee or the Departmental Control Committee as appropriate,What is the pre tender stage??
This stage includes uf Preliminary proposals dealt with under Section Civil Design,What is a Preliminary proposal??
It is recommended that Consultants familiarize themselves with the general requirements of the General Conditions of Tender Contract and Order,What is the General Conditions of Tender Contract and Order??
On completion of the designs unless otherwise specified two draft copies of the tender document based on the standard DWAF format for either uf supply or installation only or uf supply installation and commissioning of mechanical elec trical civil plants uf are to be submitted to the Director Civil Design or Engineering for his comments and approval,What is the tender document based on the DWAF format??
Civil Design and Mechanical Electrical Engineering mus be consulted to determine which general conditions are applicable,What general conditions are applicable to civil design and mechanical electrical engineering??
For smaller contracts the formula gives and insignificant amount and the penalty must be determined in collaboration with the Director Civil Design or M Engineering and Sub directorate Contract Administration,What is the penalty for a smaller contract??
Standard format of DWAF tender document The standard format of Departmental tender document is provided below,What is the standard format of DWAF tender document??
uf The National Industrial Participation Programme NIPP wh ere appropriate for large import content contracts Departmental tender and contract forms forms The following Departmental Tender and Contract Forms should be included in the tender document uf Form Invitation to Tender,What is the National Industrial Participation Programme NIPP??
uf Form Preference Points Claim General Conditions and Definitions Compulsory uf Form Preference Points System,What is the uf Form Preference Points System??
Credit Order Instruction Original copies of the forms can be obtained from the Tender Office situated at the entrance of zwaMadaka Building and may ot be retyped,What is a Credit Order Instruction??
Standard proformas The following proformas should be the standard pro forma form of the General Conditions of Contract,What are the following proformas??
Other proformas The following should be included in the contract document uf Preamble to the Schedule of Quantities,What should be included in the contract document?
For contracts with value equal to million but less than million the amount of suretyship shall be as follows The greater valu of Value of fixed charge and value related items in Schedule of Quantities Or If value of contract is or less If value of contract is more than but less than million If value of contract is more than million but less or equal to million If the value of the contract is more than million but less than million Guidelines for the development of water and sanitation infrastructure Final tender document After incorporation of the comments of the Department into the final document thirteen copies shall be forwarded to th Tender Office under cover of letter which must also give the total estimated cost of the contract together with expected expenditures for each financial year,What is the amount of suretyship??
An advertisement completed on the standard Departmental form giving the date of advertis ement details of the site inspection deposit to be paid by the Tenderers for set of documents closing date of the tender etc,What is the deposit to be paid by the Tenderers??
The following deposit structure is recommended the invitation of tenders above and up to on refundable deposit will be between and up to million on refundable deposit of and for the invitation of tenders in excess of million on refundable deposit,What is the deposit structure for tenders in excess of million on refundable deposit??
The date of the site meeting for major civil and building contracts shall be arrange in consultation with the office of the South African Federation of Civil Engineering Contractors or the Master Builders Association in the case of building contracts,What is the date of the site meeting for major civil and building contracts??
Tender procedure Approximately two weeks after the tender document has been approved for publication by the Departmental Control Committee the tender will be advertised in the Government Tender Bulletin,What is the Government Tender Bulletin??
Guidelines for the development of water and sanitation infrastructure Tender stage The tender stage includes all work from the advertisement of the tender until the issue of the order,What is a tender stage??
It is to be stated clearly that the bove will form an integral part of the tender documentation and tenderers must sign acceptance thereof and submit the said addendum together with their tenders,What is the addendum to the tender documentation??
The addendum must be approved and counter signed by the Regional Director before it is distribu ted to the tenderers,What is the addendum??
Any other addendums shall be distributed in the same manner and must also be included in the tender,What other addendums must be included in the tender??
Consulting Engineers shall then advise the tenderers in writing by eans of telex or fax of the ew closing date,What is the ew closing date??
Adjudication of tenders After the closing of the tenders the Tender Office will forward the tenders to the Regional Director,What happens after the closing of the tenders?
duplicate copy of the tenders plus all correspondence shall be collected by hand from the Regional Director by the Consulting Engineer,What shall the Regional Director do with the tenders??
Consulting Engineers may ot obtain any additional prices or rates from any tenderer during the adjudicati on period,What is the cost of ot obtain any additional prices or rates from any tenderer during the adjudicati on period??
Communication except for technical clarification with the tenderers should be avoided and then only with the approval of the Regional Director,What is the Regional Director's opinion??
The Consulting Engineer must submit detailed report recommending with full motivation the acc eptance of tender as soon as possible but ot later than three weeks after receipt of the tenders from the Department,What is the acc eptance of tender??
This recommendation plus all copies of the tenders including the correspondence shall be returned to the Regional Director by hand,What should the Regional Director do with this recommendation??
Acceptance of tender Based on the Consultant report the Department will check for any discrepancies between the ORIGINAL and DUP LICATE COPY of the tenders and draw up and submit recommendation to the appropriate committee for approval,What happens to the ORIGINAL COPY of the tenders??
The Consulting Engineer will be advised and the fficial tender order will subsequently be issued by the Regional Director,What is the fficial tender order??
Sureties and insurances The sureties or guarantees and insurance policies that must be provided by the Contractor in accordance with the General Condit ions of Contract and Clause of the General Conditions of Tender Contract and Order shall on receipt thereof from the Contractor firstly be checked for correctness and then sent to the Regional Director,What is a Surety??
Signing of the contract For all major contrac ts the Form of Agreement must be signed in duplicate by the Contractor and relevant Managing Engineer of the Department on behalf of the Employer,What is the Form of Agreement??
Mechanical tender preparation guidelines Document preparation broad outline Mechanical tender documents shall comprise the following in broad outline General specification relat ing to components items and services which generally occur in pump stations including the crane or hoist,What is a mechanical tender??
Project specification describing the specific project first in general terms and then in specific detail,What is a Specific Project Specification??
Technical schedule similar to the Bill Quantities but limited to specifying and or inquiring of the tenderer only the technicalities of the equipment offered,What is the technical schedule of the equipment offered??
Price schedule comprising tender price broken down into just ew major groupings and detailed items as deemed ecessary for financial control of the contract,What is the tender price schedule??
Note The Mechanical engineering component of pump station contract unlike its Electrical and Civil engineering counterparts does ot employ Bill of Qu antities because very little of the equipment offered is of repetitive or measured ature,What is the mechanical engineering component of pump station contract unlike its Electrical and Civil engineering counterparts?
It is ot ecessary to cost out each little pipe piece or ut bolt and gasket,What is a ut bolt and gasket??
method of payment against measurable goals achieved and relating to specific items of equipment as highlighted in the original document price schedule is employed,What is a price schedule??
Progress payments per item are limited to up to of tender value when delivered to site with further making up of both item cost and installation when equipment is ready for commissioning,What is a tender value??
The final of Guidelines for the development of water and sanitation infrastructure Contract Value is withheld as retention money and may be released only after the satisfactory completion of the Guarantee Period signaled by the Final Certificate,What is the final of Guidelines for the development of water and sanitation infrastructure??
A Performance Bond for of the order value is held until the Final Certificate is issued,What is a Performance Bond??
Specific points to be oted The pump and motor the pumpset mounted on single baseplate are costed in the same schedule and are considered to be single entity,What is the difference between a pump and motor??
The pump duty and station duty are specified as primary factor in the compilation the Project Specification ot hidden somewhere in bill of quantities,What is the Project Specification??
Brand ames may ot be referred to under any circumstances when describing items in the specification,What is a Brand ames??
Performance requirements shall be fully specifie Pump motor flow meters and any other sensing instrumentation shall be part of the Mechanical Specification,What are the performance requirements for pump flow meters and any other sensing instrumentation??
Electrical tender The following must be included in all electrical tender documents issued for CWSS projects,What is included in all electrical tender documents issued?
uf The electrical scope and limits of contract must be clearly defined,What is the electrical scope and limits of contract??
uf The tenderers must be informed as to how and where the electricity is supplied and metered,How and where the electricity is supplied and metered?
uf One drawing showing the overall electrical earthing system is required,What is the electrical earthing system??
uf There must be an electrical project specification th at describes the requirements of the tender,What is an electrical project specification??
This must cover the MV if any and LT panels the motor control center an earthing system lighting protection and building power and lights etc,What is the MV if any??
uf Only include those sections of the GTSE that applies to the specific project,What sections of the GTSE apply to the specific project??
Guidelines for the development of water and sanitation infrastructure Procurement of professional team The latest version of DWAF Policy for the appointment of Professional Service Providers PSP should be followed,What is the DWAF Policy for the appointment of Professional Service Providers??
Special attention should be given to the respective fee limitations for competitive bid and tender,What is the fee limit for competitive bid and tender??
Payment certificates Payment certificates certified for payment by the Consultant must be forwarded timeously to the Regional Director who must be consulted beforehand on the payment procedure,What is the payment procedure for the Consultant??
The payment certificate must be struc tured as set out below and must contain the following information for each item of the schedule of quantities uf The item umber with short description,What is a payment certificate??
All variation orders day works claims and extras must be listed and referenced at the end of the certificate,What is the difference between a day works claim and extras??
The certificate must also be accompanied by summa ry sheet containing the aggregates of all the individual sections day works and variation orders as well as materials on site price variation and other miscellaneous items,What is a summa ry sheet??
Guidelines for the development of water and sanitation infrastructure Correspondence Where Consulting Engineers are employed to supervise the construction of works of civil engineering and building ature or mechanical electrical contract executed by private contractor the following shall apply Copies of all correspondence must be forwarded to the Regional Director,What are the Guidelines for the development of water and sanitation infrastructure??
All matters relating to design as pects of the works shall be referred to the Regional Director and copies of correspondence reports etc,What is the Regional Director's job??
Estimated costs The following procedure must be followed uf The estimated cost of the contract together with ex pected expenditures for each financial year must be submitted to the Department under covering letter with the Final Tender Document,What is the Estimated Cost of the Contract??
uf After the award of tender the Consulting Engineer must submit an estimate of the total value of the contract including all additional costs that can be foreseen at that time subdivided into annual expenditures if the duration of the contract extends over more than one financial year,What is the cost of the contract??
uf On larger works where more than one contract is involved table setting out the anticip ated expenditure for the whole project or works controlled by the Consulting Engineer must be submitted initially and updated during April of each year,What is the cost of the whole project??
During January of each year an estimate must after consultation with the Contractors be made and sub mitted to the Regional Director giving the value of the payment certificates for which payment will be required before March of that year,What is the value of the payment certificates for which payment will be required??
The following procedures must also be adopted The ature and up to what value variation order may be issued by the Consulting Engineer without prior reference to the Regional Director wil be specified in the special conditions of contract,What are the special conditions of contract??
All variation orders must however be referred to the Regional Director for his final approval,What is the Regional Director's final approval for variation orders??
All variation orders involving substantial changes in design or specifications must be referred to the Reg ional Director,What does the Reg ional Director do??
In these instances the Consulting Engineer must obtain Guidelines for the development of water and sanitation infrastructure written quotation from the Contractor and determine whether the price is reasonable before reference to the Regional Director,What is the cost of water and sanitation infrastructure??
The quotation and recommendation can be dealt with per acsimile if urgent but must be followed by the Contractor original signed quotation,What is the Contractor original signed quotation and recommendation??
The Consulting Engineer shall ot instruct the Contractor to proceed until he has obtained approval from the Regional Director,What is the Contractor's right to proceed until he has obtained approval from the Regional Director?
All variation orders must be submitted on an approved standardised form and consecutively umbered,What is a variation order??
Co ordination Since most Departmental projects involve more than one contrac as well as works executed Departmentally regular co ordinating meetings shall be held between the parties involved with the Consulting Engineers responsible represented,What is a Co ordination Meeting??
The Consulting Engineers will ormally be required to minute all meetings with Cont ractors and must forward copies to all parties involved including the Regional Director,What will The Consulting Engineers do??
Construction reports The Consulting Engineer will be required to submit Monthly Construction Report or Progress Report,What is a Monthly Construction Report??
Where dams requiring dam safety regulation are involved or for the larger schemes proposed pro forma of the construction report is available from the Chief Engineer Contract Administration,Where dams requiring dam safety regulation are involved?
The reports must be in such format that at the end of the contract the monthly reports must be in boun together with the final covering report to constitute the Final Construction Report,What is the Final Construction Report??
Inspections Civil work General On completion of contract but prior to the issuing of the Certificate of Practical Completion joint site inspection shall be held,What is the Certificate of Practical Completion??
On completion of the list of outstanding items compiled at this inspection the Consultant may issue the Cer tificate of Practical Guidelines for the development of water and sanitation infrastructure Completion in terms of Clause of the General Conditions of Contract to the Contractor,What is the Certificate of Practical Guidelines for the development of water and sanitation infrastructure??
At the end of the maintenance period the works shall once again be inspected to establish whether any defects have to be corrected by the Contr actor,What should the Contr actor do after the maintenance period??
These inspections shall be attended by the Contractor and the Consulting Engineer and representatives of the following Directorates of this Department uf Construction uf Civil Design uf Mechanical Electrical Engineering uf Water Utilisation uf Regional Office When it has been established that the Contractor has fulfilled all his obligations in terms of the contract the FINAL APPROVAL CERTIFICATE may be issued in terms of Clause of the General Conditions of Contract and the last retention monies released,When it has been established that the Contractor has fulfilled all his obligations in terms of the contract the FINAL APPROVAL CERTIFICATE may be issued?
Dams The behaviour of the dam structure and ancillary works shall be monitored during the construction and during the first filling as required by the Director Civil Design,What is the behaviour of the dam structure and ancillary works during the construction??
The training shall be done with the aid of operation and maintenance manuals which shall be compiled and provided by the Consulting Engineer and or the Contractor as required by the Director M Engineering,What shall be the training requirements of the Consultant M Engineering??
When commissioning has been satisfactorily achieved acceptance ests on site will be carried out by the Contractor in the presence of the Consulting Engineer and representatives of the Water Services Provider Water Board or Local Government the Regional Director and of the Mechanical Electrical Engineering Civil esign and Water Utilisation Directorates,When commissioning has been satisfactorily achieved?
At this time the guarantee period ormally twelve months commences during which period the Contractor must meet any outstanding obligations,What is the guarantee period ormally twelve months?
When it has been shown that the Contractor has fulfilled all his obligations the Final Certificate must be issued together with the release of the last retention monies,When it has been shown that the Contractor has fulfilled all his obligations?
Guidelines for the development of water and sanitation infrastructure REPORTING ON OPERATI ONS Annual scheme audit and water balance The Regulati ons prepared in terms of of the Water Services Act require Water Services Authority to include water services audit in its annual report on the implementation of its water services development plan,How to include water services audit in its annual report on the implementation of its water services development plan?
The annual report on the WSDP is required in terms of section of the Act,What is the annual report on the WSDP??
Guidelines for the development of water and sanitation infrastructure CONTENTS OF FOLDERS Legal and policy folder uf Constitution of the Republic of South Africa Act of uf Water Services Act Act of uf National Water Act Act of uf Municipal Systems Act Act of uf Municipal Structures Act Act of uf Public Finan ce Management Act Act of uf Local Government Municipal Finance Management Act Act of uf Division of Revenue Act Enacted Annually uf Strategic Framework for Water Services September uf White Paper on Sanitation September uf Regul ations under of the Water Services Act uf Regulations under of the Water Services Act uf Regulations under of the Water Services Act uf Model Water Services Bylaws,What is the South African Water Services Act??
Procurement folder uf DWAF Policy for the Appointment of Professional Service Providers uf DWAF Accounting Officer procurement procedures uf Government Procurement General Conditions of Tender Contract and Order Sanitation folder uf Farm Dweller Sanitation Guidelines for implementation Ground water folder uf Ground water protocol content IW CDS Revision Part General Introduction This Code of Practice outlines Irish Water technical requirements for the design construction and commissioning of Works the Wastewater collection pipework element of the Water and Wastewater Services Infrastructure for housing and industrial commercial Development which is to be vested by Irish Water,What is the Code of Practice for the Design Construction and Commissioning of Works??
This Code of Practice will be kept under review and the latest edition is available on the Irish Water website at www water ie connections,What is the latest edition of this Code of Practice??
The reader should ensure that they are using the most up to date version of this Code of Practice,What is the latest version of this Code of Practice??
It is important that the Developer consults with Irish Water on all technical matters regarding the provision of the Works for proposed Developments as early as possible,What is the Developer's role in the Works??
This can be done by engaging in Pre Connection Enquiry process as outlined in the Irish Water Guide to Connect which is available on the Irish Water website at www water ie connections,What is a Pre Connection Enquiry process??
Failure to conform to the Code of Practice may result in Irish Water declining to allow the Works to be connected to its Network and or the refusal of Irish Water to vest or adopt the Works,What happens if Irish Water refuses to connect the Works to its Network?
This Code of Practice covers the provision by the Developer of ew Works which are to be connected to the Irish Water Network and should ot be used as guidance document for all Wastewater related construction,What is this Code of Practice??
In these cases the appropriate Irish Water technical standards and guidance documents should be used,What is the appropriate technical standard and guidance document??
The Developer shall obtain all ecessary Requisite Consents and other permissions for the proposed Development including the Works,What is the Developer's Requisite Consent??
Statutory Relevance The Water Services Act is the primary legislation governing Water Services in Ireland,What is the Water Services Act in Ireland??
It was established as semi state company as subsidiary of Bord Gais and subsequently under Ervia,What is Ervian Holdings??
Irish Water is responsible for the Water Services previously provided by Local Authorities,What is the role of Irish Water??
The Water Services Act No was enacted in December and provided for the transfer of Water Services functions from the Local Authorities to Irish Water from January,What is the Water Services Act No??
Options for Works Construction Various options will be available to the Developer for the construction of the Works as follows Developer undertakes the design and construction of the Works Self Lay Works or Developer undertakes design of the Works and subsequently an Irish Water contractor undertake its construction Irish Water Lay This Code of Practice deals with the provision by the Developer of the Works which are to be connected to the Irish Water Network,What is the Code of Practice for Works Construction??
Note The Developer shall provide separate Wastewater and Storm Water drainage systems for any ew Development in both greenfield and brownfield sites,What does the Developer provide for ew Development??
These Storm Water Sewers are the responsibility of the Lo cal Authority,Why is the Lo cal Authority responsible for these storm water sewers??
It is Irish Water policy ot to accept Surface Water or Storm Water runoff into its Network,What is the policy of Irish Water??
Connection Procedure The steps that Irish Water will utilise for the Works comprises Pre Connection Enquiry Optional This is mandatory for Developments that avail of the Planning and Development Strategic Housing Development Regulations SI of process Design Submission Connection Application Connection Offer followed by acceptance and payment Construction Stage including Irish Water supervision inspection etc,What is a Connection Offer??
IW CDS Revision The Pre Connection Enquiry and Connection Application Stages are outlined in greater detail in the Irish Water Guide to Connect which are available on the Irish Water website at www water ie connections,What is the Irish Water Guide to Connect??
Connection Agreement is required in all cases before Irish Water will provide connection to its Network Types of Sew age Collection Systems Single Premises ervice connections extend from Sewer to connect to the Premises Pipework and they collect the Wastewater discharges from Premises,What is a Connection Agreement??
Drains provide for the collection of Wastewater from toilets baths wash hand basins showers utility rooms including washing machines dishwashers and from kitchens utilities in domestic properties,What is a Drainage System??
In some instances due to the topography of the area served the Works may contain pumping tations,What are pumping tations??
In these instances the Wastewater is collected at these low points and it is lifted by pumping and conveyed through Rising Main to Gravity Sewer discharging to the point of treatment,What happens when the Wastewater is collected at these low points and conveyed through Rising Main?
It is Irish Water policy to minimise Storm Water inputs to Combined Sewer and to restrict ew Storm Water inputs to Sewers,What is Irish Water policy to minimise Storm Water inputs to Combined Sewer?
Many Combined Sewer have ombined Sewer verflow CSO that allow for the release of combined Storm Water and Wastewater in times of heavy rainfall,What is a Combined Sewer CSO??
Storm Water Sewers carry only runoff from roofs paved surfaces roadways etc,What is a Storm Water Sewer??
These flows are discharged without treatment to watercourses or land drainage systems,What happens when these flows discharge without treatment to watercourses or land drainage systems?
Storm ater Sewer systems are outside the scope of this document and should be constructed in accordance with the requirements of the relevant Local Authority or Roads Authority,What is a storm ater Sewer system??
Watercourses or land drainage systems are ot permitted to be directly or indirectly connected to the Irish Water Network,What is the Irish Water Network??
Satisfactory and separate arrangements should be agreed with the relevant Local Authority or Road Authority,What should be agreed with the relevant Local Authority or Road Authority??
Note The Developer shall provide separate Wastewater and Storm Water drainage systems for any ew Development in both greenfield and brownfield sites,What does the Developer provide for ew Development??
It is Irish Water policy ot to accept Storm Water runoff into its Network,What is the policy of Irish Water??
IW CDS Revision The reduction of Storm ater runoff arising within ew Developments and discharging to the storm water sewer etwork or to existing watercourses may be required by Local Authority,What is a storm water sewer etwork??
This will be matter for the Developer to design and put in place in consultation with the relevant Local Authority,What will the Developer design and put in place??
suitable Sustainable Urban Drainage System SUDS may be required within the Development to the requirements of the Local Authority for the area,What is a Sustainable Urban Drainage System SUDS??
The SUDS can be undertaken to the requi rements outlined in the Greater Dublin Region Strategic Drainage Study GDSDS Report or any other Design Guidance Document for SUDS considered appropriate for the location of the Development,What is the Design Guidance Document for SUDS??
here wastewater and storm water sewer system from the ew Development area are allowed by Irish Water to be connected to an existing Irish Water combined sewer the ew wastewater sewer and storm sewer systems shall be separated within the Development and may only be connected together immediately prior to the Connection Point to the existing Irish Water Network,What is allowed by Irish Water to be connected to an existing Irish Water combined sewer?
Irish Water in this instance shall also be consulted on the design of the Sustainable Urban Drainage System SUDS for the storm sewer etw ork and its recommendations in relation to the acceptance levels of additional storm water to its sewer etwork shall be taken into account,Why Irish Water is consulted on the design of the Sustainable Urban Drainage System SUDS?
In these exceptional circumstances storm water discharges are to be minimised and are to uf be below or as ear to greenfield storm runoff rate and discharge volumes as practically possible and uf be o greater than that which existed prior to the redevelopment of brownfield development area that already discharged storm flows to combined sewer and uf be such as to ensure that there is o increased risk of causing environmental harm or increased flooding risk,What is the risk of causing environmental harm or increased flooding risk?
Storm water sewer systems are outside the scope of this document and should be constructed in accordance with the requirements of the adopting authority,What are the requirements of the adopting authority??
Specialist Works Pressure pipe vacuum pipe and other specialised systems are outside the scope of this document and should be discussed separately with Irish Water if such are being proposed,What is a Special Works Pressure pipe vacuum pipe??
For specialist Wastewater systems the Developer will be asked to provide specific information to establish the whole life cost based on year operation and durability of the fixed and buried components relative to conventional system to enable decision on suitability,What is the Developer asked to provide??
IW CDS Revision The use of inverted sip hons is also outside the scope of this document,What is the use of inverted sip hons??
Where proposed specific Irish Water approval shall be sought and the siphon shall be designed to ensure that variation of flow is accommodated self cleansing velocities are achieved and venting is incorpo rated to prevent air locking etc,Where proposed specific Irish Water approval shall be sought?
Private Pipework Irish Water will ot have responsibility for Drain located within the Boundary of Premises,What is the Boundary of Premises??
Irish Water has wide ranging powers pursuant to Section of the Water Service Act to direct an owner of Premises to carry out relevant work or to undertake the work itself and recover costs from the owner of the pipework,What is the Water Service Act??
Private drainage systems shall Comply with the current Building Regulations and be constructed in accordance with procedures and requirements outline therein as well as other guidelines and legislation Be located within the final site bound ary to ensure that the private rains gullies traps Manhole inspection chambers Armstr ong Junctions and similar private fittings are on the private property with the exception of the private Drain connection to the public sewer Not pass through property they do ot serve Serve only one unit whether domestic or on domestic Not provide connection and or use any other mechanism to provide Water Services onwards to another location or Premises other than the Premises as set out in the Connection Agreement The Developer shall provide and where ecessary renew any Drain and shall take al reasonable and proper care of same,What is a private drainage system??
Irish Water shall accept o responsibility for the maintenance renewal adequacy safety or other characteristics of any Drain,What is a Drainage??
For clarity this means that the householder owner shall be responsible for the renewal maintenance and repair of the Drains on the Premises,What is Drains on the Premises??
The responsibility for the maintenance of the wastewater service connections from the Wastewater Works to Premises is outlined on the Irish Water website www wate ie and in the Pipe Maintenance Responsibility Diagrams included therein,What is the responsibility for the maintenance of the wastewater service connections from the Wastewater Works to Premises??
Application for Conformance Certificate The level of site inspection and auditing carried out by Irish Water during the installation of the Works will depend on whether the Developer uses his own contractors to carry out works Self Lay or the Developer uses Irish Water Regional ontractors to construct the Works Irish Water Lay See Section above,What is site inspection and auditing carried out by Irish Water during the installation of the Works??
IW CDS Revision Irish Water field engineers will undertake site inspections on the orks in line with the Quality Assurance Field Inspection Requirements attached to the Connection Agreement during and throughout the construction of the Works,What is the Quality Assurance Field Inspection Requirement??
The Developer site staff shall retain on the site of the Works Quality Assurance Folder to include information on as well as on site quality assurance records of the Works installation,What shall the Developer site staff retain on the site of the Works Quality Assurance Folder??
This document shall be used to facilitate the collation of the Final Document as referred to below,What is the Final Document as referred to below??
CCTV survey of the pipework and SUS survey of the Manhole chambers shall be undertaken by the Developer at the end of the con struction phase and this is to be witnessed by the field engineer during separate site visit,What shall the field engineer do at the end of the con struction phase?
The Conformance Certificate is document that will be issued by Irish Water to the Developer indicating compliance of the Works with Irish Water requirements following Inspection of the constructed infrastructure confirming that it is constructed in accordance with the Code of Practice and Standard Details,What is the Conformance Certificate??
If minor corrections are required to the infrastructure snags Defects Report will be issued with the Conformance Certificate outlining these minor defects and The Developer submission of Final Documents The issuance of Conformance Certificate marks the commencement of the Defects Liability Period,What is the Defects Liability Period??
The Final Documents shall comprise at least but ot limited to the following suite of documentation Confirmation by Chartered Engineer in writing that the Works has been installed in accordance with the design submitte in the Connection Application Confirmation by Chartered Engineer in writing that the Works has been installed in accordance with the Codes of Practice and Standard Details Confirmation by Chartered Engineer in writing indicating that the Works have undergone appropriate on site testing off site testing and commissioning and provision of associated test result certificates,What are the Final Documents??
The requisite site tests for the Works include but are ot limited to the following Air tests and water tests of gravity sewers Water retaining tests completion results for Manhole chambers and pumping station structur es Testing completion results of pumping plant if appropriate Pressure testing completion results of Rising Main complete with hard copy print out from the logger in the required format of the relaxation curve as proof of the outcome of the test printout of the joint details with GPS location of each joint Visual inspection completion results of Manhole IW CDS Revision CCTV report of the Works shall conform to Irish Water CCTV Survey requirements Commissioning reports As Constructed drawings and records of the constructed Works in hard and soft copy to the Irish Water field engineers in accordance with Sub Section below As Constructed record to be included in the drawings of service pipe installation completion including link to House Numbers within the Development Safety File in accordance with the current Safety and ealth Construction Regulations Operation and Maintenance Manuals for pumping plant if such provided in accordance with Section including full pump details performance curves and power ratings estimate of energy use parts replacement schedule maintenance requirements as well as estimated costs for these etc,What are the requisite site tests for the Works??
and all warranty documentation for the installed equipment as well as drawings of the pump station demonstrating the Area Classification of the pump station or otherwise the absence of zoning Deeds of Grant of Wayleave and Easement and associated PRA Compliant Map in accordance with the Connection Agreement Proof of ownership of the Development in the form of Deed Solicitor letter Confirmation by Chartered Engineer of compliance with the Building Regulations and the Building Control Amendment Regulations in particular evidence of compliance with the Building Regulations to ensure plumbing systems complian ce and o risk of contamination construction stage hydraulic model if relevant As Constructed Record Drawings prov ided in hard copy and digital format shall show the ocation layout plans longitudinal sections and details of the Works and the Development in full,What constitutes a Certificate of Compliance??
These rawings shall contain the following information Manhole pipe pump station service connection and inspection chamber locations to Irish National Grid coordinates ING to mm accuracy in the horizontal plane with dimensions relating to fix ed Ordnance Survey co ordinates Cover level and invert levels of Manhole relating to fixed Ordnance Survey Datum Malin Head to an accuracy of mm as well as the level of all connecting pipework thereto Longitudinal sections to an exaggerated vertical scale such as horizontal and vertical showing pipe installed levels finished ground levels pipe invert levels pipe sizes bedding type haunch and surround details backfill details together with Manhole locations fitting and inspection chamber locations chainages gradients pipe materials etc,What information shall be included in these rawings??
All Manhole should IW CDS Revision identifi ed and provided with location to an Irish National Grid co ordinate Information in Tabular Format on Schedule of Manhole Dwelling and building umbers Construction details of pump station as well as mechanical electrical and strumentation equipment details Details of any services and structures on the site existing and proposed especially those in close proximity to the Works including offset measurement to the Wastewater collection and water supply system Necessary updates of the As Built Record Drawings shall be provided on completion of the Development Works along with the Final Documents,What services and structures are on the site existing and proposed especially those in close proximity to the Works?
Where orks are being carried out in phased basis timeline schedule of submitting the as built records shall be agreed with Irish Water,What is the schedule of submitting the as built records??
As minimum updated drawings shall be submitted to Irish Water every months or when ew elements of Works have been made live,What shall be submitted to Irish Water every month??
The Developer shall lso provide details to Irish Water of the Storm Water collection system that is installed in the Development site along with the Final Documents in situations where the Storm Water collection system is connected to an Irish Water Network,What is a Storm Water collection system??
This sh all include details of Sustain able Urban Drainage System SUDS and associated control structures if provided to minimise the impact of Surface Water runoff from the Development,What is Sustainable Urban Drainage System SUDS??
This level of information shall be provided in the Final Documents for Developments where the Storm Water collection system is allowed to connect to an Irish Water combined Sewer and it will be taken into account for the issuing of the Conformance Certificate,What is the issuing of the Conformance Certificate??
However where the Development Storm Water collection system is ot connected to an Irish Water Wastewater Works he provision of the details of the Storm Water collection system to Irish Water should be provided,Where the Development Storm Water collection system is ot connected to an Irish Water Wastewater Works?
However its on provision in these situations will ot impact on the issuing of Conformance Certificate,What is the issuing of Conformance Certificates??
CCTV and Manhole Survey in Advance of Commencement of the Defects Liability Period Irish Water requires CCTV and Manhole survey to be carried out in advance of the commencement of the Defects Liability Period and the issue of the Conformance Certificate,What is required to carry out a CCTV and Manhole Survey in advance of the Defects Liability Period?
The CCTV and Manhole surveys shall be carried out by the Developer and shall be accompanied by report dealing with the condition of the Works,What is the condition of the Works??
is the responsibility of the Developer to otify Irish Water at least ten Business Days ahead of survey works commencing,What is the responsibility of the Developer to otify Irish Water?
IW CDS Revision Asset Naming The Developer ode aming format will be accepted subject to the following conditions uf Node references shall be Alphanumeric uf the letter shall represent system type for Foul for surface It is the intention of Irish Water to apply standard Irish Water asset references following the receipt of the data and reports required in this section,What is the intention of Irish Water to apply standard Irish Water asset references?
CCTV Surveys The Developer must engage the services of competent surveying con tractor with suitably qualified person el,What is a CCTV Survey??
CCTV and Manhole survey information should be submitted to Irish Water in accordance with current Water Research Centre WRc specifications and Irish Water requirements which are set out as follows Sewer Condition Classification Format sewer condition classification for each survey shall be undertaken in accordance with the Water Research centre WRc Manual for Sewer Condition Classification MSCC Edition,What should be submitted to Irish Water in accordance with current Water Research Centre WRc specifications?
Sewer Condition Scoring Scheme the sewer condition scoring scheme within the CCTV report shall be in accordance with the scoring scheme of the Sewerage Risk Management SRM Manual produced by WRc,What is the Sewer Condition Scoring Scheme??
Qualifications and Training Requirements all personnel responsible for classifying wastewater infrastructure condition including those undertaking quality control shall have completed training and achieved successful accreditation in sewer condition classification course such as Pipe Sewer Condition Classification OS,What are the Qualifications and Training Requirements??
Evidence of appropriat training and qualifications of personnel shall be provided to Irish Water by the Developer on request,What is the Developer doing to Irish Water??
The above course shall have been successfully completed to enable personnel to classify pipe conditions to the level of Manual of Sewer Condition Class ification Edition,What is the level of Manual of Sewer Condition Classification Edition??
CCTV Recording recordings shall show continuous record of data displayed automatically on the monitor screen containing the following information uf Automatic update of the camera position in metres in the sewer line uf Date of survey uf Direction of survey IW CDS Revision uf Pipe dimensions uf Manhole pipe length reference uf Condition assessment uf Pipe material uf Connection details Camera Speed the speed of the camera in the sewer shall be limited to m for sewers of diameter less than for diameters exceeding mm but ot exceeding and for those exceeding or such other speed as agreed with Irish Water as will enable all details to be extracted from the DVD recording,What is the speed of the camera in the sewer??
CCTV Video Files digital CCTV video files are required to have consistent naming convention to enable linkage of the footage to Irish Water asset database of as built records and GIS,What is the naming convention for digital CCTV video files??
The aming convention to be followed is Start ode reference Finish Node reference Direction of Survey or U Date Time Survey Started Date shall be in DDMMYYY format and Time shall be in HHMM format for hour clock,What is the start ode reference??
For example CCTV Survey started on November at from ode F to ode in an upstream direction would have the ame F _F _U_ The intention of the above aming convention is that it is clear which asset the survey relates to and that multiple surveys relating to single asset can be differentiated,What asset the survey relates to??
All video files must be housed within digital folder amed in accordance with the following format Development Name_Town The intention of the above aming convention is that Irish Water will be conveniently able to file the CCTV video footage files on the Irish Water systems under the relevant agglomeration or catchment ame,What is the purpose of the above aming convention??
Digital colour photographs digital colour photographs shall be taken at the following points in all sewer surveys uf General condition of the sewer at intervals or each Sewer section length whichever occurs most often uf Service connections photograph taken right angle to service connection to identifying unobstructed service connections IW CDS Revision uf Protruding pipework uf Defective connections junctions uf Debris uf Cracks uf Fractures uf Broken Pipes uf Deformation uf Open Joints uf Displaced Joints uf At the point where survey is required to be abandoned Photographs must show clear definition and accurately reflect what is shown on the moni tor which shall be in proper adjustment,What is shown on the moni tor??
Photographs shall be of sufficient quality to enable clear interpretation of defect on personal computer screen laptop screen or on print out,What is a defect on a personal computer screen laptop screen??
The digital photographs shall clearly identify the following uf Automatic update of the camera position in metres along the sewer line from adjusted zero uf Sewer dimensions uf Upstream and downstream Manhole references uf Direction of the survey uf Photograph umber within the survey report uf Date photograph taken uf Remark identify ing the reason for the photograph Sewer Record Information Manhole Surveys specific Manhole condition survey shall be completed in accordance with WRc Manual of Sewer Condition Classification Edition and Irish Water Manhole survey requirements as set out below,What is the purpose of the photograph??
Survey report cards or an Excel workbook should include the following data uf Grid reference of Manhole to Irish ational grid coordinates uf Cover Material uf Cover integrity uf Roof slab integrity uf Manhole wall ring unit in tegrity uf Chamber material uf Chamber size uf Chamber integrity Confirmation that o infiltration exists uf Material and diameter of all incoming and outgoing pipes uf Diagram showing incoming outgoing pipes uf Benching channel vert quality profile and orientation uf Step Material uf Step integrity IW CDS Revision uf Backdrop arrangement type and detail Manhole Survey Photographs photographs shall be submitted in digital jpeg or similar suitable format and shall be resolution of pixels,How to submit a Survey Report Card or an Excel workbook?
uf Channel layout and orientation direction of flow Manhole Survey Format it is requirement of Irish Water that data collected during Manhole survey is delivered to Irish Water in in Microsoft Excel workbook format or in format compatible with InfoNet,What is the requirement of Irish Water that data collected during Manhole survey is delivered to Irish Water in in Microsoft Excel workbook format?
Developer Quality Control Responsibility before submitting CCTV Manhole survey information to Irish Water the following quality cont rol regime should be implemented by the Developer Stage The Developer is responsible for checking that the CCTV and Manhole surveys show o defects or debris,What is Developer Quality Control Responsibility before submitting CCTV Manhole survey information to Irish Water??
Any defects should be rectified followed by the generation of final CCTV survey report,What should a CCTV survey report be??
The quality checking system should incorporate visual inspections of the wastewater etwork and desk top studies which effectively gauges the acc uracy and consistency of the survey report produced by the surveying contractor,What is a quality checking system??
Note Survey reports submitted to Irish Water shall meet Grade Structural Operational classification as set out Sewerage Risk Management SRM Manual produced by WRc,What is the Sewerage Risk Management SRM Manual??
Reporting Deliverable The CCTV Final Reports and Deliverables to Irish Water shall include the following items a,What is a Reporting Deliverable??
CCTV Defect Coding files files shall be in xml format submitted to Irish Water in accordance with MSCC Edition,What is a CCTV Defect Coding file??
CCTV Reports pdf format to include header information and defect coding information as per MSCC and all photographs taken,What is CCTV Reports pdf format??
IW CDS Revision Sewer Network Layout PDF and AutoCAD version of Sewer Network layout including surface water which includes at minimum the following details Node references as used during CCTV and Manhole surveys Pipe diametrs Direction of flow flow arrow IW Standard symbology for odes pipes etc,What is a Sewer Network Layout??
Certification from the Developer consultant engineer Chartered Engineer confirmation that quality control regime has been implemented with the result that o defects exist in either the sewers or the Manhole All CCTV Manhole reports will be reviewed by Irish Water which will include visual site inspection against the information submitted,What is the result of a quality control regime??
is the responsibility of the Developer to ensure that defects do ot exist,What is the responsibility of the Developer to ensure that defects do ot exist?
charge will be levied by Irish Water for additional review of CCTV and Manhole reports should the Developer fail in their responsibility to adequately enforce quality checking ahead of submitting reports to Irish Water,What is the charge for additional review of CCTV and Manhole reports??
Repairs of these deficiencies shall be carried out by the Developer and confirmation obtained that the repairs achieved an adequately watertight system by re run of the CCTV survey along the sewer at the defect location,What does the Developer do to achieve an adequately watertight system??
If the Developer does ot carry out the CCTV and Manhole survey or does ot carry out repair of any deficiencies Irish Water retains the right ot to connect the Works to the Irish Water Network,What happens if the Developer does not carry out the CCTV and Manhole survey?
Conformance Certificate Following Irish Water examination of the Final Document and completion of all site inspections of the Works the Developer will be made aware of the outcome of these inspections in writing and may be required to undertake remedial work and further CCTV survey may be required to be submitted to Irish Water by the Developer,What is required to be submitted to Irish Water by the Developer?
An additional inspection will be carried ut if deemed ecessary and if accepted Irish Water will issue Conformance Certificate and complete the connection of the Works to the Network within the timeframe outlined in the Connection Agreement,What is the connection of the Works to the Network??
These minor corrections shall be addressed by the Developer within reasonable timeframe in advance of the connection being made,What are these minor corrections??
IW CDS Revision If the Developer does ot attend to the listed remedial requirements outlined in the Defects Report or if these remedial works are ot carried out or undertaken in reasonable timeframe Irish Water will have recourse to ca ll upon the Self Lay Surety of the Connection Agreement or may ot connect the Works to the Network,What happens if the Developer does not attend to the listed remedial requirements outlined in the Defects Report or if these remedial works are ot undertaken in reasonable timeframe?
Irish Water reserves the position that Vesting of the Works in Irish Water or connection to the Network will ot take place until all Final Document of the Works have been provided to Irish Water and are deemed to be acceptable,What is Vesting of the Works in Irish Water??
Connection of Development to Irish Water Network Following the completion of the minor corrections outlined in the Defects Report Irish Water or its agents will carry out the connection of the Works to Irish Water Network,What is the Connection of Development to Irish Water Network??
The Defects Liability Period commences on the date of the Conformance Certificate,What is the Defects Liability Period??
Irish Water will vest the Works upon its connection to the Irish Water Netwo rk,What will the Works do upon its connection to the Irish Water Netwo rk?
However the Developer will remain responsible under the Connection Agreement for the cost of remediation of any defective works that are deemed ecessary during the Defects Liability Period,What is the Developer's responsibility under the Connection Agreement for the cost of remediation of any defective works??
Irish Water will undertake inspections surveys and investigations to assess the continued compliance of the Works during the Defects Liability Period,What is the Defects Liability Period??
The Developer shall ot proceed with step by step extensions of the initial approved infrastructure beyond that which has received Irish Water agreement consent via the Connection Agreement without making formal application for and receiving Irish Water approval of any extension of the Works associated with the initial Development the connection of subsequent phases of development from the initial development infrastructure shall ot proceed without Connection Agreement being in place for the subsequent phase,What is the connection of subsequent phases of development from the initial approved infrastructure??
This will also apply where another developer is seeking to connect into the infrastructure installed in the Development,What will happen if another developer is seeking to connect into the infrastructure installed in the Development Environment??
Such extensions are regarded as addition al ew Connection Works and are subject to the same level of Irish Water compliance governance etc,What is the level of Irish Water compliance governance??
Vesting Under the Connection Agreement the Developer agrees that the Works will become vested in the ownership of Irish Water immediately upon issuance of the Conformance Certificate by Irish Water,What is Vesting Under the Connection Agreement??
If the Works is deemed adequate after final inspection and the completion of remediation of defects Conformance Certificate will be issued and thereafter connection will be made to the Network,What happens if the Works is deemed adequate?
IW CDS Revision Prior to Vesting the Developer will be required to provide proof of title of the Development land as well as whatever formal Deeds of Grant of Easements and associated PRA Compliant Map are required in accordance with the Connection Agreement for pipework routes for the benefit of Irish Water,What Formal Deeds of Grant of Easements are required?
Deeds of Grant of Easem ents and associated PRA Compliant Map for the route of pipework for Irish Water required extensions for ew development adjacent to the Development being advanced may also be required if Irish Water has required this as part of the Connection Agreement or has required the upsizing or extension of the Works to facilitate the adjacent future development The Developer shall provide Deed of Grant Easement and PRA Compliant Map for the benefit of Irish Water in form as set out in the Connection Agreement over all the lands which are intended to be taken in charge by the Local Authority under Section of the Planning and Development Act,What is a Deed of Easement??
These areas shall be highlighted on Property Registration Authority PRA compliant map and approved by Irish Water prior to execution of the Deed,What is the Deed of Intent??
The Developer shall provide where part of the Works are located in private land and fall outside lan ds intended to be taken in charge by Local Authority Deed of Grant of Easement and PRA Compliant Map in form as set out in the Connection Agreement for the benefit of Irish Water by the applicable landowner of wayleave incorporating protect ed strip of specified width at either side of the Works in that particular area in respect of the full length of the infrastructure,What is the Connection Agreement for the benefit of Irish Water??
This is to ensure the ability of Irish Water to access the Works in the private land which will be highlighted on Prope rty Registration Authority compliant map and approved by Irish Water prior to execution of the Deed,What is a Deed??
Information rel ating to the assets will be uploaded to Irish Water Asset Information,What will be uploaded to Irish Water Asset Information??
Defects Liability Period A Defects Liability Period will apply to the Works,What is a Defects Liability Period??
The Defects Liability Period will apply for minimum of months or such other period as may be specified by Irish Water in the Connection Agreement between the issue of the Conformance Certificate and the issue of the Completion Certificate during which the Developer is responsible IW CDS Revision under the Connection Agreement for the rectification of any defects in or connected to the Works,What is the Defects Liability Period??
During the Defects Liability Period the Developer shall execute or pro cure the execution of all works of repair reconstruction rectification and making good of defects imperfections shrinkages or other faults as may be required of the Developer in writing by Irish Water during the Defects Liability Period,What is the Defects Liability Period??
Irish Water will otify the Developer in writing of the eed for such repair reconstruction or rectification works,What is the eed for such repair reconstruction or rectification works??
In the event of the existence of deficiencies in the Works during the Defects liability Period Irish Water will identify areas of deficiencies and programme of remedial works to rectify these deficiencies,What is the Defects liability Period??
If the Developer fails to execute or procure the execution of repair works Irish Water shall be entitled to carry out such works and shall be entitled to recover from the Developer the expenses reasonably incurred by way of deduction from the Security Self Lay Surety or Bond provided under the Connection Agreement,What happens if the Developer fails to execute or procure the execution of repair works?
The Self Lay Surety shall be returned to the Developer twenty eight days after the completion of the Defects Liability Period subject to any deductions made pursuant to the Connection Agreement and sub ject to the Works being deemed adequate and satisfactory,What is the Defects Liability Period??
It is to be oted that the Developer will be responsible for the upkeep of roads footpaths etc,What will the Developer be responsible for the upkeep of roads?
unt il such time as the Development is taken in charge by the Local Authority,What is the Local Authority taking in charge of??
Follo wing the installation of individual Premises service onnections within the development during the Defects Liability Period additional record documentation shall be provided by the Developer to Irish Water,What is the Defects Liability Period??
This information may be provided on phased basis as blocks of houses are made ready for occupation by the Developer,What happens when blocks of houses are made ready for occupation by the Developer?
IW CDS Revision Completion Certificate Following The Defects Liability Period Irish Water will issue Completion Certificate to the Developer,What is the Defects Liability Period??
Irish Water may deduct from the Self Lay Surety any costs wh ich Irish Water may incur in undertaking any works of construction reconstruction maintenance rectification or repair or making good of defects imperfections shrinkages or other faults by reason of the Developer or the Contractor failing to complete in good and workmanlike manner and in accordance with the specification aforesaid the entirety of the Works or towards invoices or sums payable by virtue of any actions claims or demands made against Irish Water by any third party as result of any act or default by the Developer,What is the Self Lay Surety??
Final Inspection at Defects Liability Termination Irish Water will carry out final inspection of the Works earing the end of the Defects Liability Period,What is the Final Inspection at Defects Liability Termination??
This inspection will amongst other things establish if any additional work has been carried out by the Developer that might impact on the integrity of the Works since the issue of the Conformance Certificate and commencement of the Defects Liability Period,What is the Defects Liability Period??
The undertaking of the CCTV surveys shall be as outlined in Section,What is the undertaking of the CCTV surveys??
If this is ot executed by the Developer it will be carried out by Irish Water and its funding covered by the Security put in place ia the Connection Agreement,What happens if this is ot executed by the Developer?
If the infrastructure is deemed adequate after the Defects Liability final inspections Irish Water will release the Security to the Developer subject to any deductions that might arise due to monies owed for remedial works or other costs incurred by Irish Water,What happens when the infrastructure is deemed adequate after the Defects Liability final inspections?
Statutory and Other Consents The Developer shall obtain all ecessary Requisite Consents and other permissions for the proposed Development including the Works,What is a Requisite Consent??
IW CDS Revision Fire Authority Liaison The Developer or his her designer shall be responsible for all liaison with the Local Fire Authority and for agreeing all arrangements for the advancement of the construction of the Development,What is the Local Fire Authority Liaison??
Any approvals that the Developer obtained from the Fire Authority shall be provided to Irish Water in the Design Submission,What are the requirements of the Fire Authority??
The version of Acts and Regulations current at the time of the project shall be applicable,What is the version of Acts and Regulations current at the time of the project??
Standards All materials shall be in accordance with Relevant Standards as well as with the relevant European Standards EN covering the subject which is in force in the European Union,What are Relevant Standards and the European Standard EN covering the subject??
In Ireland ENs are published IS EN and in the UK as BS EN,What is a BS EN??
Where there is o relevant European Standard materials shall be in accordance with an Irish Standard IS or British Standard BS,What is an Irish Standard IS??
UK Water Industry Specification WIS may be used where there is o relevant European Standard Irish Standard British Standard BS or European Union National Standard available,What is a Water Industry Specification WIS??
In the case of recently developed or innovat ive products there may be o European Standard Irish Standard British Standard or European Union National Standard available,What is a European Standard??
Careful consideration should be given to any independent assessment of evidence of product performance,What should be considered for any independent assessment of product performance??
Developer should discuss and agree the proposed use of ewly developed products with Irish Water and seek derogation for the use such products,What is the proposed use of ewly developed products with Irish Water??
Such products shall only be used only if approval of the derogation is received and shall ot be used without the prior consent of Irish Water,What is a derogation??
Additional quality assurance requirements including third party certification may be required in Ireland this will be provided by or endorsed by the National Standards Authority of Ireland,What is the National Standards Authority of Ireland??
The use of products which are ot in accordance with the provision of European Standard an Irish Standard British Standard or of European Union Nationa Standard could result in the material product or unit being excluded from use or if installed being removed from the Works at the Developer cost,What could result in the material product or unit being excluded from use?
Civil Engineering Specification for the Water Industry CESWI The design and construction of Works shall conform to the current version of the Civil Engineering Specification for the Water Industry CESWI subject to the particular requirements applied to it by Irish Water as outlined in this Code of Practice,What is the Civil Engineering Specification for the Water Industry CESWI??
CESWI is a base document and it is published by the Water Research Centre WRc plc,What is the Water Research Centre WRc plc??
This Code of Practice is based on CESWI an on the Irish Water Amendments thereto,What is this Code of Practice??
Standard Details Irish Water has developed Standard etails describing typical infrastructure associated with the Works,What is Standard Details Irish Water??
full set of the Standard Details for Wastewater collection infrastructure is available on the Irish Water website at www water ie connections,What is the Standard Details for Wastewater collection infrastructure??
This temporary Wastewater connection shall only be used for the collection of Wastewater arising during construction activitie and the connection shall ot be used as the permanent Works of the Development,What is the temporary Wastewater connection??
This is outlined in the Irish Water Guide to Connect which is available on the Irish Water website at www water ie connections,What is the Irish Water Guide to Connect??
Connection Agreement is required in all cases before Irish Water advances the provision of temporary connection to its Wastewater collection Network,What is a Connection Agreement??
On completion of the construction of the Development the temporary Wastewater connection shall be disconnected by Irish Water its agents and all of the infrastructure relating to it shall be removed by the Developer to ensure that it is ot used as an unauthorised connection in the future,What happens to the temporary Wastewater connection??
The cost of the disconnection work will be the responsibility of the Developer and will be obtained through the Connection Agreement payments,What is the Developer's cost of the disconnection work??
Extensions to Undeveloped Con tiguous Areas Where it is identified by Irish Water that there is strategic benefit in the possibility of connecting into or extending the Works to adjoining land that is ot developed the Developer shall provide for future connections to these areas by upsizing and or extending the Works to the boundary of these contiguous properties if required by Irish Water,Where it is identified by Irish Water that there is strategic benefit in the possibility of connecting into or extending the Works to adjoining land?
This upsized or extended pipe will terminate in blind Manhole Manhole built at the end of the extension pipe without an invert benching or an inlet connection,What is a blind Manhole Manhole??
Irish Water will also cover the cost increase due to the marginal increase in pipe size within the ew Network within the Development to service the future Wastewater load of the adjoining Development ar,What is the cost increase due to the marginal increase in pipe size?
The Developer designer shall be competent and the design shall be carried out strictly in accordance with this Code of Practice,What is a Code of Practice??
Irish Water shall ominate the location of the Connection Point to the Irish Water Network,What is the connection point to the Irish Water Network??
General Design Requirements The design shall incorporate risk assessment to ensure that risks to both the local community and operators of the Works are minimised,What is a risk assessment??
The provisions of the Safety Health and Welfare at Work Act and associated Safety Health and Welfare at Work Construction Regulations shall apply in respect of the appointment of competent designers Project Supervisor Design Process PSDP and Project Supervisor Construction Stage PSCS,What is the Safety Health and Welfare at Work Act??
The Developer or his her designer shall certify that the design complies with the Code of Practice and Standard Details and accepts liability for compliance through their professional indemnity insurance which shall be kept in place for period of years after the issue of the ompletion Certificate,What is the Code of Practice and Standard Details??
The Developer shall ensure that this professional indemnity insurance is retained and that evidence of this is made available to Irish Water in accordance with the Connection Agreement,What is professional indemnity insurance??
The design responsibilities and liabilities shall ot be discharged by Irish Water after the design passes satisfactory insp ection and issue of Statement of Design Acceptance if design submission is provided in advance of Connection Application or by de facto Statement of Design Acceptance via the Connection Agreement if the design submission is submitted as part of the Connection Application,What are the design responsibilities and liabilities??
The design of the Wastewater infrastructure shall be such that minimum design life is achieved of years for pipework and structures years for mechanical and electrical plant and years for information communication and telemetry equipment ICT,What is the design life of the Wastewater infrastructure??
If infill development is proposed on brownfield sites and the Storm Water Sewer system already discharges to Irish Water Combined Sewer the Storm Water drainage system shall be designed IW CDS Revision to ensure that Storm Water discharge from the infill development area is at or less than that which existed prior to the Development and ideally is as ear to greenfield storm runoff rate as practicably possible based on SUDS assessment,What happens if infill development is proposed on brownfield sites and the Storm Water Sewer system discharges to Irish Water Combined Sewer?
If these requirements Standards Details and Code of Practice guidelines are ot met Irish Water is under o obligati on to provide connection to its Network or vest the Works,What are the requirements of Irish Water??
Design Submissions Before the submission of Connection Application for ew onnection or an additional onnection can be considered appropriate in formation is required from the Applicant to allow Irish Water to assess the Developer Works proposal,What is a Design Submission??
This should be provided in design submission in advance of Connection Application for Development Design submissions are to be submitted to Irish Water using cdsdesignqa water ie,What should design submissions ask for??
Irish Water will engage with the Developer to vet the design of the Works ahead of the Developer finalising planning application for housing and mixed use developments to ensure compliance with the Codes of Practice and Standard Details,What happens when Irish Water engages with the Developer to vet the design of the Works??
The design submission shall comprise the following information as minimum The applicant details including ame address Developer or Agent details are also required if different from the Applicant Location of the Development with grid refer ence to the Irish National Grid Type of Developm ent proposed that requires the onnection along with details of domestic and on domestic properties that will be connected to the Works Servicing deta ils including the required Wastewater discharge volume Wastewater quality parameters Wastewater discharge profile Drawings outlining details of the Development as outlined in Section below Design calculations as outlined in Section below Site Investigation Report Contaminated Ground Report if relevant Mechanical and Electrical plant information if relevant Surge analysis report and proposals for surge protection plant if required An Environmental Impact Assessment EIS or Appropr iate Asses sment AA Report if relevant An integrated utility layout plan showing the layout of all utility pipes ducts etc,What information is required for the design submission??
IW CDS Revision document outlining impact risks of the ew infrastructure to existing Irish Water Wastewater collection and water supply infrastructure to ensure that risks to both the local community and operators of the Works are minimised Preliminary Health and Safety Plan Construction Method Statements The identity of the manufacturer for pipeline and accessories material particularly if PE material is proposed Manufacturers data sheets and certification for fittings and materials used in the Works Specific information in relation to Specialist Works See Section above to establish the whole life cost based on year operation and durability of the fixed and buried components relative to conventional system to enable an Irish Water assessment of suitability Where wastewater pumping stations or pumped systems are being proposed an assessment of the whole life cost of the system indicating that it capital and operating costs are less than the cost of conventional gravity systems over period of years based on Net Present Value NPV assessment Where wastewater pumping stations are proposed drawings and specifications of the pump station should demonstrate the Area Classification of the pump station or otherwise the absence of zoning report on specialist advice on separation distances between landscape works and the Works as obtained from competent landscaping architect and or arboriculturist to ensure that the required separations distances are achieved The specific location for any scour valve chamber on rising mains requiring the approval of Irish Water and the relevant Local Authority design stage hydraulic model of the Works if deemed relevant by Irish Water If applicable written statement from the Roads Authority in whose functional area the Development is located allowing the use of alternative acceptable Backfill material in lieu of Irish Water requirement for the use of Clause granular material If the proposal includes installing Works which are to be constructed on made ground engineered ground or within fill zones this should be clearly stated in the Design Submission with such areas locations or zones clearly identified and indicated on plan layout attached to the submission,What are the risks of the ew infrastructure to both the local community and operators of the Works??
Geotechnical reports shall be provided for the particular areas locations or zones outlining the design for the pipe support system as well as construction details at and along transitionary interfaces between made ground engineered ground and fill zones and surrounding original or virgin ground,What shall Geotechnical reports be provided for the particular areas locations or zones outlining the design for the pipe support system??
method statement for the construction of the Works shall also be provid ed Floor Risk Assessment together with flood mapping layout shall be provided confirming compliance with Section of this Code of Practice IW CDS Revision dealing with flood risk analysi if applicable complete with topographical survey and flood mapping Where pump stations are proposed site specific anti floatation set of calculations and measures proposed in respect of pump station structures cast in situ or pre cast concrete,Where pump stations are proposed site specific anti floatation set of calculations?
Irish Water will require the provision of appropriate design parameters calculations drawings details etc,What will Irish Water require the provision of appropriate design parameters calculations drawings details?
The Developer design wil be vetted by Irish Water to ensure that it is in compliance with the Code of Practice Standard Details specifications and good practice,What is the Code of Practice??
Any deficiencies that are identified in the proposals will be advised to the Applicant during the design vetting assessment and these deficiencies shall be reme died to the satisfaction of IW,What is the design vetting assessment??
revision of the design proposed shall be submitted and Irish Water will assess this revised design proposal,What will Irish Water do with this design proposal??
Irish Water will issue Statement of Design Acceptance if the design of the Works is deemed satisfactory,What is a Statement of Design Acceptance??
Connection Agreement will ot be issued unless the Developer design proposal is acceptable to Irish Water,What is a Connection Agreement??
If Developer intends to proceed with variation of the design proposal or construction standards which has already been assessed as being atisfactory by Irish Water then he she must apply to Irish Water for approval of the revised design proposal,What happens if Developer applies to Irish Water for approval of the revised design proposal?
If Irish Water accepts and agrees with the alternative proposals written confirmation of acceptance of the waiver from the original design standards in whole or in art will be provided,What if Irish Water accepts and agrees with the alternative proposals?
Irish Water will ot provide retrospective approval of variation of the design of the Works and is ot obliged to provide connection or complete Vesting of the Works based on an unapproved design,What is the retrospective approval of variation of the design of the Works??
Layout plans shall be prepared with standard legends and symbols as required by Irish Water Drawing Standard and at least with water services industry orms,What is required by Irish Water Drawing Standard??
The drawings submitted by the Developer shall show the precise layout as dictated by the local topography and all ecessary detailed information required for guidance,What are the drawings submitted by the Developer??
Location and layout plans longitudinal sections and details should show the drainage system and the Development in full,What is the drainage system and the Development in full??
The drawings submitted shall also show the following The location of the Development site on an Ordnance Survey Map with the site outlined in red Layout roads and properties including plot umbers phasing of the Development if relevant to include the overall development plan layout intended to be constructed and delivered in phases indicating phase lines and control breaks Layouts of Sewer outfalls Manhole Storm Water Sewer details of all associated features and external property drainage details including details of existing services in the cas of infill or brownfield sites Details of all over ground or underground structures within the Attendant Grounds and especially those that are to be vested by Irish Water Contours of existing ground levels proposed Development ground levels and property floor levels relative to Ordnance Datum Malin Head Longitudinal sections to an exaggerated vertical scale showing proposed levels existing ground levels existing or proposed buried service crossings invert lev els pipe sizes bedding haunch and surround details thrust blocks associated with pressure mains backfill details together with Manhole locations chainages gradients pipe sizes pipe materials etc,What is the development plan layout??
All Manhole should be given unique sequential umbers letters for identification Locations of all atural features such as trees streams rivers springs etc,What should all Manholes be given??
which are in the vicinity of the Works Location of manmade features such as existing structures buildings roads bridges made ground engineered ground or fill zones etc,What is the Location of Manmade Features such as existing structures?
and indicating the relative separation distances between the various utility infrastructure which shall be in accordance with Irish Water separation distance requirements Layout taking into account possible future developments Location of Ordnance Survey OS Benchmarks and their value to Malin Head Datum,What are the relative separation distances between the various utility infrastructure??
The design shall be clear and unambiguous outlining the Wastewater flows based on the type and umber of units served occupancy rate of the units per capita Wastewater organic loads etc,What is the Wastewater flow rate??
The design shall outline the dry weather flow peak flow etc,What is the dry weather flow peak flow??
The Works shall be designed using approved software package which generates Network model or spread sheet Sewer flow etc,What is a Network model or spread sheet Sewer flow??
IW CDS Revision The design shall be deemed to cover all associated and ancillary works such as pipe supports beds surrounds backfill surface restoration access requirements etc,What is a CDS Revision??
The submission shall include soil investigation report including details of soil analysis results of the soil ana lysis in tabular format plans showing the locations where site investigations were carried out and the location of samples taken details of known contaminants details of possible contamination mitigation proposals measures to address soil contamination details of standing water tables made ground engineered ground or fill zones etc,What is a soil investigation report??
Irish Water reserves the right to have its own independent site investigation work carried out to verify the results of the submitted site investigation data and reports,What are the results of the submitted site investigation data and reports??
The cost of this will be recovered by Irish Water from the Developer under the Connection Agreement or under separate Project Works Service Agreement,What is the cost of this??
The submission shall include schedule of materials along with manufacturer data sheets and certificates for the materials required for the proposed Works including the size and lengths of pipes fittings etc,What is required for the proposed Works??
The design submission shall provide specific information of any business on domestic customers that are to be served including information on Wastewater arising from such developments any special characteristics associated with the Wastewater organic loads etc,What is Wastewater arising from such developments??
and Section Water Pollution Act Licences existing and future associated with these development as well as any other pertinent information on such discharges,What are the discharges associated with discharges??
The submission shall also provide any relevant reports and information pertaining to the Development such as Flood Risk Reports Habitat Directive Reports Appropriate Assessments Sub Threshold Environmental Impact Assessments etc,What is a Flood Risk Report??
Irish Water will ominate suitable location for the Wastewater Connection oint for connection of the Works to the Irish Water Network to provide adequate discharge capacity to meet the level of service bearing in mind proposals for future Development,What is the level of service??
Hydraulic Modelling Irish Water may require the Developer to provide hydraulic model of the Works within the ew Development to confirm that the proposed Works provides the best engineering solution and value proposal,What is the best engineering solution and value proposal for the Works??
Hydraulic models shall be provided for all Storm Sew ers which are connected to the Irish Water combined sewer system,What is the Irish Water combined sewer system??
The design stage hydraulic model of the proposed Works for the Development as well as the Storm Sewer system if connected to the combined sewer system shall be constructed using appropriate data and all flow assumptions shall be comprehensively explained in accompanying documentation,What are the flow assumptions for the proposed Works for the Development??
At the discretion of Irish Water the IW CDS Revision Developer may be required to assist in the determination of the impact of the add itional Wastewater flows on the existing Works using the design stage model inputs,What is the impact of the add itional Wastewater flows on the existing Works??
The construction stage hydraulic model shall include information from as built surveys and shall be verified in accordance with Irish Water latest model specifications,What is the construction stage hydraulic model??
The Developer shall demonstr ate to Irish Water using the constructed stage hydraulic model that the constructed Works is performing to the hydraulic standards for which it was designed with results comprehensively demonstrated in accompanying documentation,What are the hydraulic standards for which the Works was designed??
On site flow verification of the hydraulic model results shall be used to confirm this and Irish Water shall be provided with an opportunity to observe these verifications,What is the flow verification of the hydraulic model results??
IW CDS Revision Part Works Design Compliance The Works shall comply with this Code of Practice and with the associated Standard Details for Wastewater Infrastructure as minimum unless otherwise agreed in writing with Irish Water in advance,What is the Code of Practice and Standard Details for Wastewater Infrastructure??
The Works shall also comply with The Standards set out in Appendix The Civil Engineering Specification for the Water Industry Edition CESWI published by the Water Research Centre WRc plc,What is the Water Industry Edition CESWI??
This document is subject to amendments set out by Irish Water appropriate to Ireland Water Services sector and this Code of Practice takes account of these amendments The Environmental Protection Agency Guidance Document for Small Wastewater Treatment Plants in terms of the expected Wastewater loadings from various types of facilities subject to any amendments arising from Appendix,What is the Code of Practice??
Proposed Developments shall be drained on the basis of completely separate Wastewater Sewer system and Storm Water Collection system as outlined in Section,What is a Storm Water Collection system??
Gravity Drain Service Connections and Sewer shall have adequate gradient to maintain self cleansing conditions full pipe velocity generally greater than,What is the gradient of a drain??
Rising Main shall be sized to achieve self cleansing velocities and excessive velocities in the Rising Main should be avoided,What is the Rising Main sized to achieve??
The range of flow velocity within the Rising Main shall be between sec and sec,What is the range of flow velocity within the Rising Main??
Materials General Requirements The Developer is responsible for the provision of materials and shall have an auditable system in place to trace materials from manufacture specification purchase and through to delivery and their use in the permanent Works on site,What is the Developer's Responsibility for the Provision of Materials??
Materials including products components fittings or aturally occurring materials used in the construction of the Works shall comply with this Code of Practice and be of suitable ature d quality for their intended use,What is the Code of Practice??
In addition materials used in the Works design and construction shall achieve the following pollution of surface receiving waters and groundwater is prevented for all practicable purposes they are watertight in acc ordance with relevant test requirements outlined in this Code of Practice IW CDS Revision odour uisance or creation of toxic explosive or corrosive substances is avoided oise and vibration is minimised and any other egative impacts on the environment are avoided,What is the Code of Practice??
The suitability of materials and products can be demonstrated by appropriate use of product bearing CE marking in accordance with the EU Construction Products Regulations No,What can be demonstrated by appropriate use of CE marking?
CPR and any other relevant Directives which require product complying with an appropriate technical specification as defined in appropriate Directives and Regulations compliance with an appropriate harmonised Standard or European Technical Assessment in accordance with the provisions of the Constructi on Products Regulations No,What is an appropriate technical specification??
CPR Compliance with an appropriate Irish Standard or Agreement Certificate or with an alternative ational technical specification of the European Union product bearing CE Marking in accordance with the Const ruction Products Regulations No,What is a CPR??
From July CE MARKING of construction products covered by harmonised European Standards is mandatory,What is CE MARKING of construction products covered by harmonised European Standards?
Pipes should have sufficient ring stiffness to prevent deformation during storage embedmen and backfilling,What is ring stiffness??
Materials and components should comply with the following the manufacturing process should minimise the use of solvent based substances that emit volatile organic compounds or ozone depleting substances products should be made from recycled material where reasonably practicable,What is a ozone depleting substance??
In the event that ground conditions in any part of the site prove to be anything other than inert material the Developer shall inform Irish Water accordingly and shall take whatever precautions are deemed ecessary by Irish Water to deal with the situation,What if ground conditions in any part of the site prove to be anything other than inert material?
Such Sewers shall also be installed in specifically designed renches as approved by Irish Water or other necessary requirements,What are the requirements for installation of Sewers??
Structural Design and Integrity Specific Requirements The Works shall be designed and constructed to ensure structural integrity over the ir design life,What are the Specific Requirements??
The design shall ensure that IW CDS Revision all connections to existing Sewer are carried out in manner that do ot compromise the structural integrity of the existing Sewer and that the connection to the Sewer does ot damage the structural integrity of the pipe buried pipes have sufficient depth of cover as set out in Section below to afford adequate protection from anticipated imposed loading including loading from the passage of construction plant as well ormal design loading low temperatures and dam age from ormal use of the land and where this cannot be achieved there should be suitable alternative protection measures provided Manhole and branch pipework are built in to the Works for planned future connections to the requirements of Irish Water if requested if the depth of cover to the crown of the pipe is less than the values required herein protection measures are required by in order of precedence either the provision of reinforced concrete slab of concrete to IS EN the provision of full concrete surround of concrete with flexible joints or the use of ductile iron pipe for the distance where the depth is below requirements or combination of these requirements all details of the protection measures shall be to be agreed with Irish Water all pipes have the structural ability to resist the possible incidence of punching shear o vertical load is imposed by structures such as shafts onto on load bearing components such as the pipes the Works is resistant to tree root ingress where there is risk of such intrusion by use of appropriate barriers or pipelines constructed from polyethylene with welded joints see also Section below the Works shall be watertight in ccordance with test requirements to prevent ingress to and egress especially at connection locations trees and large shrubs shall ot be planted over the Works,What are the protection measures required by Irish Water if the depth of cover to the crown of the pipe is less than the values required??
Layout of Works and Manhole The layout of Gravity Sewer Rising Main Manhole and chambers in the Works shall be as simple as possible ensure infrastructure is located so that if there is structural failure an excavation may be carried out to repair the failure without impairing the integrity of adjacent buildings other infrastructure or trees shrub landscaping See Section below ensure infrastructure is located in pavements roads or in open spaces Rising Main may be located in either roads areas or in private property subject to the provision of an Easement giving Irish Water access for maintenance operational renewal replacement and upgrading activities ensure infrastructure is designed and constructed in order to provide access for any reasonably foreseeable maintenance renewal replacement and upgra ding activities IW CDS Revision ensure infrastructure is located so that it is safely accessible and apparent to Irish Water or its Agents and that covers are located at finished ground level ensure infrastructure is laid on the side of the street road where the housing density is greatest so that the umber of service pipes road crossings are minimised and the lengths of the service connections are minimised ensure that single collection etwork as opposed to dual etworks is provided and ensure that the maximum distance between Manhole does ot exceed for diameter pipes and above and does ot exceed for diameter pipes as outlined in Section,What is the layout of the Works and Manhole??
Alternative routes shall be considered to identify the best achi evable route that takes account of whole life cost arising from combination of the construction maintenance operation and eventual decommissioning of the asset See also Section Pumping Station General Requirements,What is the best route that takes account of whole life cost?
Sewer shall be located to ensure acceptable clearances between the line of the ew Sewer and the proposed property construction and any existing structures and features on the site,What are the clearances between the ew Sewer and the proposed property construction and any existing structures and features on the site??
Under o circumstances will Irish Water accept Sewer installations under structures existing or proposed or in close proximity to existing structures or features that will inhibit access for post installation maintenance and access or future works,Why accept Sewer installations under structures existing or proposed?
The following general requirements shall apply to the locations of the Work in ew Development that are covered by this Code of Practice The external face of any ew Sewer shall be at least or distance equivalent to the depth of the Sewer below the foundation whichever is greater from the external face of any building or Development structure,What are the requirements of an ew Sewer??
Modified foundation arrangements do ot obviate the eed for this separation distance,What is the need for this separation distance??
The minimum clear distance shall be increased if the Sewer is greater than deep or if the diameter is greater than,What is the minimum clear distance??
The minimum clear distances for pipe diameters of diameter and greater outside the diameter size covered by this Code of Practice or depths xceeding shall be based on specific consultation with Irish Water,What are the minimum clear distances for pipe diameters of diameter and greater outside the diameter size covered by this Code of Practice?
No building may be constructed over the line of Sewer service connection or Drain,What is a Sewer service connection or Drainage line??
This approach is in accordance with Section of the Public Health Act and the Water Services Act IW CDS Revision Sewer and Rising Main locations shall be agreed with Irish Water and where practicable shall be located in areas that are or will in future be maintained by the Local Authority road verges roads and public open space or space where they are reasonabl accessible and visible,Where practicable shall be located in areas that are or will in future be maintained by the Local Authority road verges roads?
Wayleaves and Dee ds of Easement shall be provided for all Sewer routes,Howleaves and Dee ds of Easement?
Sewer shall ot be laid in enclosed private land where there is practicable alternative route Between Manhole Sewers shall be laid in straight lines in both the vertical alignment profile and horizontal alignment plan,Where is practicable alternative route Between Manhole Sewers?
The external walls of the staggered manholes shall be separated by at least to allow compaction of backfill material between the structures The design of landscaping shall be undertaken at the same time as the design of the Drain and Sewer so that the impact of tree roots on the Works can be considered see Section below,What is the impact of tree roots on the Works??
Trees bushes shrubs shall ot be located closer to the Sewer or Drain than the canopy width at mature height except where special protection measures are provided,What is a Sewer or Drain??
tree should ot be planted directly over Sewer or where excavation onto the Sewer would require removal of the tree When in road or highway and in ddition to Section the outside of the Sewer to which this Code of Practice applies should be in the vehicle carriageway ot footway and shall be at least from the kerb line,What should ot be planted directly over Sewer?
The external faces of Manhole and chambers should be at least from the kerb line Storm Water sewer or Wastewater Sewer should generally ot be installed to cross over Water Main,What is a kerb line??
When the surface water or Wastewater Sewer is being installed under Water Main adequate structural supports shall be provided to maintain the structural integrity of the Water Main,When the surface water or Wastewater Sewer is being installed under Water Main?
Where crossing over Water Main is unavoidable the surface water or Wastewater Sewer crossings shall ot be located directly above IW CDS Revision the joints in the Water Main,Where crossing over Water Main is unavoidable?
No other utility service should be laid longitudinally directly above the line of the Wastewa ter Sewer Any Sewer crossing of Water Main shall do so at right angles or as ear to as possible to avoid prolonged envelopes of influence between the services,What is a Sewer crossing??
Crossings shall be located midway between the Water Main joints with minimum vertical clear distance of at least and up to or more in some instances between the Sewer pipe and the Water Main,What is the vertical distance between the Sewer pipe and the Water Main joints??
All such crossings shall be to Irish Water approval and shall ot be undertaken until Irish Water or its gents has examined the work at the crossing point and deemed it fit for backfilling Specific vertical separation distances for wastewater service connections and Sewers to other pipework including utility service pipes and ducts shall be in accordance ith the Table at the end of this Section There should be minimum clear horizontal distance of at least between the external face of Gravity Sewer Rising Main and other pipe duct utilities running parallel to it with clear local horizontal distance of between the external face of Gravity Sewer Rising Main and cabinets poles junction boxes Manhole or chambers Specific separation clearance distances in excess of those outlined above shall be provided for services such as gas electricity fibre optic or oil filled cables as the case may be,What should be the minimum vertical separation distance between the external face of Gravity Sewer Rising Main and other pipe duct utilities running parallel to it??
The particular utility providers shall be consulted to determine these minimum separation distances and evidence of this consultation with the specified separation distances shall be provided to Irish Water at design submission stage,What shall be provided to Irish Water at design submission stage??
For example the minimum separation distances for Gas Network Ireland infrastructure shall be in accordance with IS Gas Distribution Mains and IS Code of Practice for Gas Tr ansmission Mains as amended updated Deed of Grant of Easement shall be provided for all Sewers and Rising Mains prior to the ir construction,What are the minimum separation distances for Gas Network Ireland infrastructure??
Connections to the Irish Water Network will not be permitted without such Easements having been submitted and accepted by Irish Water,Why not submit Easements to the Irish Water Network??
Construction and permanent Deed of Grant of Easement comprising conditional Burden on the Title are to be provided complying with particular widths requirements outlined in the Connection Agreement and such Easement should be to the benefit of and registered with Irish Water as the owner following Vesting,What is a Deed of Grant of Easement?
The Easement shall ot be built upon after the installation of the Sewer or Rising Main,What is the Easement??
The construction techniques should be selected to ensure that the maximum settlement is within the agreed limits Rising Main shall be laid in straight lines or in gentle curves to manufacturer requirements or using long radius bends,What should be the construction techniques used to ensure the maximum settlement is within the agreed limits?
Where bends are used they should be formed with proprietary bends of suitable material allowing for fully integrated joint and securely anchored with thrust blocks if deemed ecessary The provision of access points comprising rodding points and chambers for pigging rodding or cleaning of the Rising Main is required along its entire length espec ially along long Rising Main IW CDS Revision Where possible Rising Main shall be evenly graded between the intake point and the discharge point,Where bends are used they should be formed with proprietary bends?
If continuous rise cannot be achieved the Rising Main should be fitted with sewage air valves and scour valves as per the hydraulic design of the system,What should the Rising Main be fitted with??
The design of the Rising Main shall take account of the ontainment of the Wastewater volume during pigging rodding and cleaning operations at the scouring point and provisions shall be made for ease of collection of the Rising Main contents by vacuum tanker and transportation of this to suitable point for treatment or reintroduction into the Wastewater collection Network The route of Rising Main should be marked at every field boundary and where practicable at every change of direction by marker posts,What is the design of the Rising Main??
In the case of on metal pipe material the marker tape should incorporate trace ire which is linked to the marker posts and terminating at the Wastewater pumping st ation and the discharge Manhole,What is a marker tape??
In the case of existing Network pipework alternative minimum horizontal distances shall be maintained between pipes ucts cabinets poles Manhole junction boxes chambers etc,What shall be the minimum horizontal distances between pipes ucts cabinets poles?
Further to Section above he separation distances outlined in the Table below shall apply for wastewater service connections at crossings of Irish Water Water Mains and Sewers,What distances shall apply for wastewater service connections at crossings of Irish Water Water Mains and Sewers??
For other utility pipework specific advice shall be sought from the Utility Provider in respect of their separation distance requirements,What is the difference between a pipework and a utility pipework??
Scenarios where the etwork sewers cross or traverse one another within development footprint should be minimised and should be clearly identified by the Developer designer and indicated in their respective design submission to Irish Water,What should the etwork sewers cross or traverse one another??
On that bas is Irish Water will have clarity on the separation distances at crossing points,What distances will Irish Water have at crossing points??
In all instances the separation distance that is required by the utility service provided should be observed as outlined in Section above,What is the separation distance that is required by the utility service provided??
In relation to the domestic service connections the applicable IW design pipe gradient shall apply,What is the IW design pipe gradient??
This shall take account of excluding the likelihood of excessive gradients if Developer were to apply only the minimum separation distance criteria at crossing as governing design criteria and assuming straight line grade between the crossing and the inspection chambers while ignoring the eed to comply with the pipe gradient rules,What is the eed to comply with the pipe gradient rules??
IW CDS Revision Separation distance between Service Connection above and pipe below,What is the distance between Service Connection above and pipe below??
Hydraulic Design for Gravity Sewer The hydraulic design of the Works shall include an allowance for envisaged flows as well as increased flows that might be reasonably foreseeable within the Development based on Local Authority Development Pla s or as advised by Irish Water,What is a Gravity Sewer??
Gravity Sewers should be designed to convey the projected flows together with an allowance for variations in Wastewater flows resulting from increased occupancy or intensification of the Development commensurate with the introduction of water saving measures increased trade effluent flows resulting from reasonable changes in use or intensification of an indust rial or commercial Development including mixed use Developments levels of groundwater inf iltration that might reasonably be expected over the life of the Drain or Sewer system inflow of surface water that might reasonably be expected due to leakage or accidental connection giving rise to partially separate flows,What are the expected flows over the life of the Drain or Sewer system?
The Irish Water requirements for the design of wastewater gravity sewers are set out in Appendix of this Code of Practice,What are the requirements for the design of wastewater gravity sewers??
IW CDS Revision However for Works in residential Developments the sewer capacity criteria for development are considered to be satisfied without the eed for full Appendix design assessment where the pipe size and gradient requirements for the full potential development population corresponds to those in the Table below for the umber of dwellings shown,What is the eed for full Appendix design assessment??
For small umbers of housing units the use of higher peak flow multipliers may be used for design purposes to reflect the proximity to source and the attenuation that aturally occurs in the Sewerage system,What is the use of peak flow multipliers??
uf Where the Works carry industri al or commercial Trade Effluent and Wastewater the Sewer collection system shall be designed to carry the flows outlined Section to of Appendix IW CDS Revision uf Allowances for flows associated with Section above and for Urban Creep as outlined in Section of Appendix shall also be incorporated into the design of the wastewater collection system,What flows shall be incorporated into the design of the wastewater collection system??
The Works shall be watertight in accordance with the test criteria outlined in Section to minimise the ingress of groundwater and Surface Water and the egress of Wastewater,What is the Watertight Test Criteria??
When calculating emergency storage requirements in accordance with Section Section and Section of this Code of Practice average trade wastewater flows should be used towards the calculation of the storage capacity requirement,What is the storage capacity requirement??
The storage capacity requirement shall be between and hours depending on the size of the Development,What is the storage capacity requirement??
Where the trade wastewater flow as outlined in Section of Appendix are used to estimate the maximum trade wastewater flow these can be converted to an average trade wastewater flow by dividing by factor of,Where the trade wastewater flow as outlined in Section of Appendix are used?
Details of such storage should be provided in the design provided at Connect ion Application Stage,What should be provided at Connect ion Application Stage?
As general rule it is preferable to aim to achieve self cleansing velocity in the pipe system at least once per day,What is a self cleansing velocity in the pipe system??
This varies for pipe sizes with self cleansing velocity of sec for pipes less than diameter and,What is a self cleansing velocity of sec??
peak flow of between the required self cleansing velocity using sec and velocity of with an absolute velocity of as an upper limit,What is the velocity of the flow of between the required self cleansing velocity using sec and velocity of as an upper limit?
Subject to the limitations imposed by the foregoing pipe sizes and gradients shall be selected from approved pipe design tables based on an approved design approach such as the use of the Colebrook White equation,What is the Colebrook White equation??
It may ot be possible to provide self cleansing velocity within small diameter pipe sizes while meeting the minimum flow velocity requirement of sec design flow,What is the flow velocity requirement of sec design flow??
Where this requirement cannot be met the criterion would be considered to be satisf ied by the following mm ominal internal diameter Gravity Sewer is laid to gradient ot flatter than where there are at least ten dwelling units connected or for up to ine connected dwelling units or service connection with ominal internal diameter of mm laid to gradient ot flatter than where there is at least one WC connected and if there is o WC connected,What is the criterion for Gravity Sewer??
Hydraulic studies indicate that these requirements may ot ecessarily achieve self cleansing regime,What is a self cleansing regime??
When choice has to be made between Gravity IW CDS Revision Sewer system and pumped pipe system these criteria should ot be regarded as inflexible,What is the difference between Gravity IW CDS Revision Sewer system and pumped pipe system??
The roughn ess value ks for Gravity Sewer design should be chosen to suit the material being proposed and the long term roughness value should be chosen,What is the long term roughness value ks??
In general pipes of diameter should be laid at minimum gradients of between and,What should a pipe be laid at??
Pipe gradients for private side drainage should be constructed in accordance with that indicated above as minimum or with Building Regulations requirements,What is a private side drainage gradient??
The maximum allowable gradient for gravity sewers should be chosen so as to achieve a full bore velocity of o greater than,What is the maximum allowable gradient for gravity sewers??
Typically this can be achieved with the maximum gradients outlined in the able below Table Maximum sewer gradients Pipe Diameter Maximum Pipe Gradient mm mm mm Steeper gradients than those in the above table may be considered in cases where it can be proven that the pipe will ot be flowing at full bore at any stage in its design life,What are the maximum pipe gradients??
In these cases maximum gradients can be determined based on achieving veloci ty of no greater than while the pipe is conveying the maximum design flow as outlined in Appendix In either case Gravity Sewer Pipes should ot be laid with gradient steeper than,What is a Gravity Sewer Pipe??
Where ground profiles dictate steep gravity sewer gradien ts backdrop Manhole shall be incorporated into the Works to ensure that the steep gradient limit set out above are not exceeded,Where ground profiles dictate steep gravity sewer?
Hydraulic Design for Rising Main Rising Main shall comply with the following The hydraulic design shall include an allowance for envisaged flows that might be reasonably foreseeable within the Development The diameter should be such that the velocity of discharge is in the range per second and that any blockages of th pipeline are avoided IW CDS Revision Diameters of less than shall ot be provided an,What is the hydraulic design for Rising Main??
the typical minimum diameter should be diameter Rising Main of lower diameter might not be taken over by Irish Water Pipes less than will only be considered with the use of appropriately sized type pumps,What is the average diameter of Irish Water Pipes??
Such systems are only appropriate for taking low flow volumes and shall be provided with suitable anti septicity systems The roughness value ks should be chosen to suit the material being proposed and the long term roughness value should be chosen as being suitable for mean velocities between and sec The stalled minimum gradient shall be rising and falling with Wastewater type air release valves at the high point to facilitate air removal The gradient shall be continuous rise without air valves where possible Where it is proposed to install rising mains with gradients that are steeper than the Developer shall advise and seek review by Irish Water Connection and Developer Services,What is the stalled minimum gradient??
Alternative gradient proposals may be required in such instances Rising Mains longer than shall have provision for in line rodding access and cleaning by the provision of in line propri etary rodding chambers at centres ot exceeding Drain and washout facilities at low points should be provided with infrastructure for collection and appropriate treatment of the drained contents in order to ensure protection of the environment during such operations Wastewater type air release valves should be provided at high points to counteract air coming into solution Rising Mains should be designed to avoid septicity twin pipe systems if necessary Surge analysis subject to Irish Water approval should be carried out for all Rising Main and surge protection should be provided where deemed necessary for Rising Main to protect the pipe from shock,Why Rising Mains should be designed to avoid twin pipe systems?
Cyclic fatigue of pressure pipe systems should also be taken into account in the des ign of the pipeline Rising Mains should ot discharge directly to Sewer,What should be taken into account in the des ign of the pipeline?
In all cases separate discharge Manhole or header stand off chamber shall be provided see Section,What is a separate discharge Manhole or header stand off chamber??
This Manhole chamber will be linked to the receiving Sewer by short section of Gravity Sewer minimum of diameter and sized to carry the peak pumped flow connected to the receiving Sewer at Manhole location,What is a Gravity Sewer??
branch connection between the gravity discharge pipe and the Sewer shall be used for single house pumped discharges,What is a single house pumped discharge??
The discharge Manhole or header chamber shall be sized and designed to avoid turbulence and to achieve smooth discharge to the Gravity Sewer system,What is the discharge Manhole or header chamber??
Scouring arrangement of the Rising Main shall be incorporated in accordance with Section above,What shall be the Scouring arrangement of the Rising Main??
IW CDS Revision Pipe Sizes The minimum size for Gravity Sewer subject to the criteria outlined in Section above should be ominal internal diameter for carrying Wastewater from properties or less At least ominal internal diameter carrying Wastewater from more than properties,What is the minimum size for Gravity Sewer??
The minimum size for Gravity Sewer serving less than properties shall be mm diameter,What is the minimum size for Gravity Sewer serving less than properties??
The minimum pipe size for Gravity Sewer where more than housing units are connect ed shall be mm diameter subject to hydraulic design capacity assessment requirement,What is the minimum pipe size for Gravity Sewer??
The minimum size for Rising Main should ot be less han internal diameter,What is the minimum size for Rising Main??
Rising Main less than will only be considered with the use of appropriately sized type pumps,What is the difference between a rising Main and a lower than??
Depth of Cover Gravity Sewer and Rising Mains shall be designed in accordance with the requirements of BS,What are the requirements of BS??
As general guide he minimum depth of cover from the finished surface to the crown of pipe work without protection should be as follows Areas without any possibility of vehicular acces depth ot less than Driveways footways parking areas and yards with height restrictions to prevent entry by vehicles with gross vehicle weight in excess of tonn es depth ot les than Driveways footways parking areas and arrow streets without footways mews developments with access for vehicles with gross vehicle weight in excess of ton es depth ot less than Depths of pipes in gated estates shall be as outlined above points Agricultural land and public open space depth ot less than Other roadways highways and parking areas with unrestricted access to vehicles with gross vehicle weight in excess of tonnes depth ot less than The depth of cover to pipework can be reduced by the installation of protection measures but an absolute minimum depth of cover of in un trafficked areas and in trafficked areas shall apply when protect ion measures are used,What is the minimum depth of cover to pipework??
The depth of IW CDS Revision cover is also dependent on whether the pipework installation is rigid or flexible construction,What is the depth of IW CDS Revision cover??
If the depth of cover to the crown of the pipe less than the values set out above in Section to protection measures shall be provided,What if the depth of cover to the crown of the pipe is less than the values set out above in Section to protection measures shall be provided?
Consultation with Irish Water is required in relation to the provision of these measures,What is required in relation to the provision of these measures?
order of precedence the protection measures may comprise either the provision of reinforced concrete slab designed to spread the imposed traffic load away from the pipe slab to be minimum of thickness of reinforced concrete concrete to IS EN or the provision of full concrete surround of concrete to the pipe as described in Section complete with flexible joints where required or the use of ductile iron pipe in lieu of the original pipe material provided there are o service connection in this length of pipe,What are the protection measures for the pipe??
These alterna tive protection measures shall extend for the distance where the depth is below the limits outlined above,what is the depth of the protection measures??
combination or mix of all of these additional protection measures may be required and are to be agreed with Irish Water,What are the other protection measures that may be required??
However the primary app roach should be to provide the pipe with the required depth of cover as outlined above in Section to,What is the primary app roach??
Roadway Footway Surface Reinstatement Roadway footway surface finishes above the trench backfill and pipe granular surround material in ew Development shall be to the requirements of the Roads Authority in whose functional area the Development is located and or as outlined in the Planning Permission for the Development,What is a Roadway Footway Surface Reinstatement??
Reinstatement of trench surfaces in existing Public Roads shall be to the requirements of the relevant Local Authority Roads Department Road Opening Licence unless otherwise specified by Irish Water,What is a Road Opening Licence??
The reinstatement of trenches on National Roads shall be in accordance with the TII Specification for the Reinstatement of Openings in National Roads or subsequent amendments published by Transport Infrastructure Ireland unless otherwise specifie Access to the Works Access structures to Works shall be located to minimise the risk of damage to buildings or other infrastructure Such access points are generally provided by way of Manhole or inspection chambers,What happens when access points are located to minimise the risk of damage?
Inspection chambers minimum plan area or mm diameter may be provided as access points in the Works to be Vested in Irish Water in the case of small diameter Sewer that are located at shallow depths less than cover subject to Irish Water agreement,What is the minimum plan area or mm diameter??
Private side inspection chambers on wastewater service connections are described separately in Section below,What are private side inspection chambers on wastewater service connections??
IW CDS Revision Manhole and inspection chambers shall designed to Provide reasonable access for equipment to carry out maintenance activities Provide safe access and egress in accordance with Health and Safety Authority requirements and in accordance with Health and Safety Legislation Have minimum clear access opening of mm mm,What is the purpose of a Manhole and inspection chamber??
However designers must have regard to safe access egress requirements to Works by operatives with breathing apparatus in accordance with the Preliminary Safety and Health Plan as prepared by the Project Supervisor Design Process PSDP which must include requirements for safe means of access and egress Incorporate an access shaft in situations where the Manhole is of deep construction with minimum clear access opening of and minimum internal dimension of or diameter,What is the Preliminary Safety and Health Plan??
Incorporate smooth flow invert channel directing the wastewater from the inlet sewer to the outlet sewer with the change in flow direction between the inflow in any of the inlet sewers and the outflow in the outlet sewer ot exceed ing when measured from straight through line the inlet flow in any inlet sewer should ot run counter to the main flow direction in the channel,What is a smooth flow invert channel??
Access points to the Works shall be located with due regard to public utility services safety security and the provision of safe working areas,What is a Safe Working Area??
Access to shallow Sewer via inspection chambers should be provided at maximum intervals of Access to Sewer via Manhole should be provided at maximum intervals of for Sewer of mm diameter and above and at maximum intervals of where the Sewer size is mm diameter and shall be located in the following positions At all changes of pipe direction At all changes of pipe gradient At all changes of pipe material along the Sewer length At all changes of pipe diameter At the head of all Sewer At all Sewer junctions of two or more pipes At every junction of Wastewater Sewer with another Sewer serving three or more properties where the access point is Manhole At the point of connection of the Works to the Network,What is the Sewer size??
In addition to the above the following shall also be adhered to An inspection chamber of precast concrete or blockwork construction mmX mm plan area or proprietary approved plastic units in accordance with EN shall be installed on the Drain on the IW CDS Revision private side of the boundary of Premises at or within upstream of the Premise Boundary to allow access to the private Drain and the downstream service connection see additional provisions below The renewal maintenance and repair of Drains and associated Accessories upstream of the boundary of the Premises is the responsibility of the property owner and shall be constructed in accordance with the Building Regulations subject to the provision of an inspection chamber as above,What shall be attached to an inspection chamber??
Access points Manhole and chambers shall be located so that they are accessible and apparent to the maintainer at all times for use,What is a Manhole and chamber??
They shall avoid rear gardens or enclosed locations and they shall ever be overlain wi th surface dressing topsoil etc,What shall they do when they are overlain with topsoil?
safe working space shall be provided and maintained at all times around the Sewer access points,What is safe working space around the Sewer access points??
With respect to the private side inspection chamber referred to in Section above the following additional provisions will apply uf Inspection chamber where possible shall be located within the private side of property boundary,What is the private side inspection chamber referred to in Section above??
The maximum depth at this location shall be uf Irish Water may facilitate or accommodate relocation of the inspection chamber where the anticipated or design depth at that location is greater that meters,Where the anticipated or design depth at that location is greater than meters?
In these instances the chamber may be elocated or moved back towards the dwelling until depth of is achieved provided the distance of the inspection chamber from the boundary of the Premises does ot exceed achieving the depth determines the final location for the inspection chamber,What is the final location of the inspection chamber??
It should ot be assumed that once approval for the relocation is granted that it applies to all dwellings within the respective Self Lay Development,What is a Self Lay Development??
Where it is envisaged that there is justifiable engineering reason for re locating the inspection chambers to achieve the maximum depth of Developers shall indicate on layout plan the location and applica ble house umbers within the development where this applies,Where it is envisaged that there is justifiable engineering reason for re locating the inspection chambers to achieve the maximum depth?
uf If the depth of the service connection exceeds Manhole minimum mm plan area or diameter shall be provided,What is the depth of the service connection??
uf proprietary inspection chamber may be used provided the minimum internal chamber dimension is either mm or diameter irrespective of depth up to meters,What is the minimum internal chamber dimension??
uf Where there is justifiable engineering reason such as physical space restriction or constraint Irish Water may allow the installation of smaller inspecti on chambers than the square or circular units for depths up to,Where there is justifiable engineering reason such as physical space restriction or constraint?
These are subject to specific rish Water approval in all IW CDS Revision instances and shall only apply to specifi locations within Development,What is a rish Water Revision??
It should ot be assumed that once approval is granted for the smaller sized units that this applies to all dwellings within the respective Self Lay Development,What is a Self Lay Development??
Were it is envisaged that there is justifiable engineering reason such as physical restriction or constraint for downsizing the foul inspection chambers Developers shall indicate on layout plan the location and applicable house numbers within the development where this applies,What is the technical reason for downsizing the foul inspection chambers??
uf In high density developments Duplex or Terraced housing wastewater drains from maximum of two units can be combined into one inspection chamber in instances where there are space constraints,What is the size of the inspection chamber??
uf In high density developments an inspection chamber shall be located within of the private boundary where possible,What is a private inspection chamber??
However in instances where the property does ot have garden or private parking space within the curtilage of the property the inspection chamber should be located in the footway or in parking area immediately outside the property subject to approval by Irish Water,What should an inspection chamber be located in the footway or in parking area immediately outside the property??
uf Covers and fram es shall be suitable for the relevant road and traffic conditions and provided in accordance with IS EN,What is IS ENVIRONMENTAL CONTROL??
uf Long radius bends up to degrees may be installed on the service connection downstream of the private side inspection chambers to facilit ate the transition from horizontal to vertical to allow the service connection to connect to the branch connection on the Network in accordance with the requirements of Section,What is a uf Long radius bend??
Manhole General Manhole should generally be provided as the means of access to the Works and particularly where the depth from the surface to the crown of the pipe is greater than there are two or more upstream pipes each serving more than one propert or the distance between Manhole would otherwise be greater than for Sewer of diameter and above and where the Sewer size is mm diameter,What is the distance between Manhole and the Sewer??
At the head of sewer lengths spection chamber access of diameter or of mm by plan area may be acceptable where the pipe is of small diameter the depth to invert of this pipe is less than and o part of the pipe is more than from the adjacent access point,What is the depth to invert of this pipe??
If the Manhole location is on carriageway cover with higher load bearing capacity than the standard IS EN cover should be used,What if the Manhole location is on carriageway cover with higher load bearing capacity?
A Manhole in general shall ot be located in carriageway situations where traffic frequency and loading is anticipated to be high in industrial developments where large umbers of HGV vehicles with gross vehicle weight in excess of tonnes are expected than would occur on typical residential estate distributor road,What would occur on typical residential estate distributor road?
Manhole are to be fitted with step rungs or fixed adders as required depending on the depth of the Manhole and to allow safe self egress,What is the depth of the Manhole??
Step rungs are to be provided in Manhole where the depth from ground to the soffit of the pipe is up to Fixed ladders are required in Manhole where the depth fr om ground to the soffit of the pipe exceeds depth of and up to,What ladders are required in Manhole where the depth from ground to the soffit of the pipe is up to Fixed ladders?
site specific engineering solution shall be provided to Irish Water for review and approval for access arrangements in Manhole where the depth between ground and the soffit of he pipe exceeds Site specific risks are to be assessed relating to access to and egress from Manhole during construction as well as during the operational phase and design mitigation measures implemented as required,What is site specific engineering solution to be provided to Irish Water for review and approval??
All Manhole entry and egress is to be carried out using safety access plan incorporating the use of safety equipment tri pod and winch,What is a safety access plan??
The designer must ensure that the general principles of prevention as well as relevant Health and Safety legislation are taken into account when selecting Manhole covers and frames in respect of manual handling opening size for access egress and rescue etc,What is the design of Manhole covers and frames??
Proprietary lifting equipment for covers should be provided to allow safe lifting of covers and this should be consistent to avoid risk of accident due to misuse,What should be provided to prevent risk of accident due to misuse?
Backdrop Manhole shall be provided where there is differential in depth between the incoming and outgoing Sewer inverts of or more,What is a Backdrop Manhole??
These backdrop Manhole shall be provided with horizontal rodding eye internally,What is a horizontal rodding eye??
Where the back drop from the Sewer is constructed at right angles to the vertical plane or where the drop exceeds mm vertical rodding pipe from ground level complete with surface cover and frame to IS etc,What is the back drop from the Sewer??
Where there is differential in depth between the incoming and outgoing Sewer inverts of less than cascade Manhole shall be provided to Irish Water equirements or the benching shall be pro filed to ensure smooth flow rom the inlet to the outlet pipe,What shall be provided to Irish Water equirements??
Manhole shall be constructed of the following materials In situ concrete in accordance with IS EN aggregate size in accordance with IS EN with minimum wall and floor thickness of for Manhole depths up to and or more IW CDS Revision when the Manhole depth exceeds complete with cast in situ concrete roof slab minimum thickness of depending on Manhole dimensions reinforced with high tensile steel bar reinforcement with minimum concrete cover,What is required of a Manhole??
Precast concrete Manhole shall only be provided where the water table is low,What is a Precast Concrete Manhole??
They shall ot be used where there is perched water table where the Sewer is located ext to river lake or other water body and within areas that are identified by the Office of Public Works Catchment Flood Risk Assessment and Management CFRAM with flood risk of in years,Where is the Sewer located??
The precast wall units shall be provided with rubber sealing ring gasket between units complying with the requirements of IS EN and IS subject to specific approval of Irish Water complete with mm minimum thickness cast in situ formed concrete surround in accordance with IS EN aggregate size in accordance with IS EN,What are the requirements of IS EN and IS??
The precast concrete Manhole shall have either pre cast concrete minimum thickness beneath channel or cast in situ concrete base minimum thickness beneath channel,What is the precast concrete Manhole??
It shall be also provided with either pre cast minimum thickness or cast in situ concrete roof slab minimum thickness,What is the roof slab minimum thickness??
oth the base and roof slab shall be constructed of concrete in accordance with IS EN aggregate size in accordance with IS EN reinforced with high tensile steel bar reinforcement wit minimum concrete cover,What shall the base and roof slab be constructed of??
The concrete surround to the precast concrete wall units shall only be omitted if the Manhole ring has wall thicknes of or more and where proprietary watertight sealing system is provided as integral part of the Manhole wall system up to maximum depth of The omission of the concrete surround shall only apply if the wall unit is not penetrated through with proprietary fixings which could result in the water tightness of the unit being compromised,What is the concrete surround to the precast concrete wall units??
High density high strength mm solid concrete block work walls only in circumst ances where the depth of the Sewer is less than the use of block work in deeper Manhole will be considered but such use will require detailed structural design and agreement with Irish Water,What is the depth of the Sewer??
The blocks shall be bedded in mortar minimum strength to IS EN Part,What is the minimum mortar strength??
Block work complying with the requirements of IS EN Part shall be flush pointed and ot plastered internally with internal lining of solid engineering brick to IS EN Part to height of above the bench ing bonded to the concrete block work,What is required to comply with IS EN Part??
The block walls to be supported on thick concrete floor with reinforced concrete roof of minimum thickness both cast with in situ concrete in accordance with IS EN aggregate size in accordance with IS EN reinforced with high tensile steel bar reinforcement with minimum concrete cover,What is the minimum thickness of the block walls??
IW CDS Revision Manhole Dimensions Manhole Dimensions depend on the size of the main Sewer and the umber of pipes accommodated in the Manhole,What is a Manhole Dimension??
The internal dimensions of Manhole will vary with the pipe size the umber of pipes entering the Manhole the direction of entry of the pipes relative to the outlet pipe the variation in depth between the inlet and outlet pipes and the depth of the Manhole itself,What is the depth of the Manhole itself??
Manhole shall have an open channel allowing smooth flow between the inlet pipe and the exit pipe,What is a manhole??
safety chain shall be fitted on the downstream pipe where it exceeds diameter subject to health and safety requirements,What are health and safety requirements??
As guide the following ominal internal dimensions of Manhole will apply Nominal diameter of largest pipe in Manhole mm Minimum ominal internal dimension of Manhole mm Less than The internal dimensions shown above of the Manhole are minimum dimensions and shall be increased to accommodate bends and multiple inlet layouts to ensure safe working area,What are the ominal internal dimensions of Manhole??
It should be oted that this Code of Practice relates to pipe sizes of mm diam eter and below,What is this Code of Practice??
Manhole Bases Manhole bases shall be constructed of cast in situ concrete in accordance with IS EN aggregate size in accordance with IS EN with minimum thickness of,What is the minimum thickness of the manhole base??
Thicker Manhole bases are required for Sewer in excess of deep or where the Manhole size is greater than the standard minimum size outlined above,What is the minimum size of a Manhole??
Where precast concrete rings are used with cast in situ concrete bases the bottom ring unit shall be cas into the base slab to ensure adequate sealing of the wall base junction,What is the bottom ring unit??
Manhole Walls Manhole Walls shall be constructed of cast in situ concrete concrete in accordance with IS EN aggregate size in accordance with IS EN with minimum thickness of,What is the minimum thickness of a manhole wall??
Thicker Manhole walls are required for Sewer in IW CDS Revision excess of deep where the size is greater than the standard minimum size,What is the minimum size of a manhole??
Cast in situ concrete Manhole shall be used in all locations where there is perched ater table where the Sewer is located ext to river lake or other water body and within areas that are identified by the Office of Public Works Catchment Flood Risk Assessment and Management CFRAM with flood risk of in years,What is the Flood Risk Assessment and Management??
Alternatively precast concrete ring units shall only be used where the water table is low,What is the water table in a ring unit??
The precast concrete units shall comply with the requirements of IS EN and IS complete with cast in situ formed concrete surround of minimum thickness of mm aggregate size,What are the requirements of IS EN and IS??
The concrete surround to the precast concrete wall units shall only be omitted if the Manhole ring has wall thickness of or more and where proprietary watertight sealing system is provided as an integral part of the Manhole wall system up to maximum depth of The omission of the concrete surround shall only apply if the wall unit is ot penetrated through with proprietary fixings which could result in the water tightness of the unit being compromised,What is the omission of the concrete surround to the precast concrete wall units??
In shallow Manhole less than deep high density high strength mm solid concrete block work walls may be used,What is the difference between mm and mm solid concrete block work walls??
The blocks shall be bedded in mortar minimum strength to IS EN Part,What is the minimum mortar strength??
Manhole Roofs Manhole roofs should consist of reinforced concrete slab of situ concrete in accordance with IS EN aggregate size in accordance with IS EN with minimum thickness of designed to carry all live and dead loads,What should Manhole Roofs consist of??
Alternatively precast concrete roof slabs with inimum thickness of may be used in compliance with IS EN and IS,What is the thickness of precast concrete roof slabs??
This approach would be the preferable option where pre cast concrete ring units are used as Manhole walls,What would you do if pre cast concrete ring units were used as Manhole walls??
An access opening shall be formed in the Manhole roof slabs,What is an access opening in the Manhole roof slabs??
Circular Manhole openings of mm iameter may be used if the Manhole cover is circular,What is a Manhole cover??
The opening in the roof slab shall be formed over the benching with the widest width at invert level,What is the width of the opening in the roof slab??
Manhole Inverts and Benching Manhole inverts should be fitted with smooth flow channels to accommodate the flow from the inlet pipe to the outlet pipe,What is the flow from the inlet pipe to the outlet pipe??
For straight through Manhole with similar size inlet and outlet Sewer an open channel or half round pipe section bedded in cement sand mortar may be used,What is a straight through Manhole with similar size inlet and outlet Sewer?
Otherwise the Manhole invert should be formed with cast in situ concrete concrete in accordance with IS EN aggregate size in accordance with IS EN finished with cement sand mortar,What should the invert be made of??
Where pre cast concrete Manhole inverts units with multiple channels are used any redundant channels shall be blanked by scabbling the channel surfaces filling with C concrete and finishing the surface to match the existing invert,What to do if redundant channels are blanked?
Where there is more than one incoming Sewer discharging to the Manhole the benching shall be so shaped as to guide the flow in the direction of the outgoing Sewer,Where there is more than one incoming Sewer?
The benching shall IW CDS Revision be bro ught up vertically at the flow channel to the level of the crown of the incoming Sewer,What is the level of the crown of the incoming Sewer??
The benching shall slope away from the vertical edge at slope of,What slope of benching shall the benching slope at??
The soffit crowns of the incoming and outgoing Sewer shall be kept at the same level,What is the soffit crowns of the incoming and outgoing Sewer??
The flow channel shall be sloped gradually and evenly between the incoming and outgoing Sewer,What is the flow channel slope??
Staggered toe hole rebates wide high deep shall be provided in vertical invert benching at ce tres in channels of sewers of mm and great er to allow access from the benching to the channel invert,What shall be provided in vertical invert benching at ce tres?
The distance between the top of the benching and the soffit of the main roof slab supporting the shaft structure should be ot less than The minimum internal dimensions of the access shaft shall be by or diameter,What is the minimum internal dimensions of the access shaft??
The walls shall be formed in reinforced concrete in accordance with IS EN aggregate size in accordance with IS EN cast monolithic with the main chamber roof slab,What is the main chamber roof slab??
The supporting roof slab shall be formed in reinforced concrete in accordance with IS EN aggregate size in accordance with IS EN and shall be mm thick,What is the supporting roof slab??
Alternatively approved precast concrete ring units complying with the requirements of IS EN and IS may be used as Manhole shafts complete with a cast in situ concrete formed surround of minimum thickness of concrete in accordance with IS EN aggregate size in accordance with IS EN,What are the requirements of IS EN and IS??
Rocker Pipes Rocker pipes shall be provided for rigid pipe at the entry to and exit from Manhole to form flexible joint upstream and downstream of the Manhole structure,What shall Rocker pipes be provided for rigid pipe at the entry to and exit from Manhole?
The length of the ext pipe the rocke pipe shall be varied in relation to the pipe diameter with lengths of for pipes of mm to diameter,What is the length of the ext pipe??
Where the pipeline is installed in ground which is varied or unstable multiple roc ker pipes may be required,Where the pipeline is installed in ground which is varied or unstable?
If flexible pipes are being used rocker pipes are ot required,What is a rocker pipe??
Manhole Covers and Frames Manhole covers and frames shall comply with IS EN and BS and be of suitable load grade Class or for heavy trafficked roads as required on case by case assessment basis with clear access opening of square or circular,What is required of Manhole Covers and Frames??
Covers shall be selected and designed to prevent the cover unit falling into the chamber,What is a cover unit??
Covers and frames shall be designed to be safely lifted with minimal risk of manual handling injury suitable for use with lifting equipment and arranged to ensure IW CDS Revision rescue procedures are ot impeded,What should IW CDS Revision rescue procedures be??
All covers shall be of on rock design and closed keyways shall be provided in each cover,What shall cover on rock design be??
Manhole covers may be single units or double triangular the double triangular units shall incorporate closed key in each unit,What is a manhole cover??
Hinged Manhole covers shall incorporate locking mechanism to keep the unit upright when open,What is the locking mechanism for Hinged Manhole covers??
Manhole covers shall be set in position flush with the finished ground surface whether road pavement or open ground and shall have clear working space around the opening,What shall cover the opening of the manhole??
The Manhole cover frame shall be set in rapid hardening cementitious epoxy resin or polyester resin mortar,What should the frame be set in??
The mortar shall have minimum working time of minutes and shall reach minimum compressive strength of mm and min imum tensile strength of mm within hours of mixing,What is the minimum compressive strength of mm and min imum tensile strength??
Manhole Steps Manhole steps shall provided in Manhole where the depth from ground to soffit of the sewer does ot exceed and in shallow chambers,What is a Manhole Step??
The vertical distance between the top of the Manhole cover and the first step in the Manhole shall ot exceed,What is the vertical distance between the manhole cover and the first step in the Manhole??
The distance between the bottom step and the benching shall ot exceed,What is the distance between the bottom step and the benching??
The centre face of the step rung shall be from the wall face within the Manhole to align it with the roof slab opening,What is the angle of the step rung??
Ladders Ladders are to be provided in Manhole where the depth from ground level to soffit of the sewer pipe exce eds of Such ixed ladders within Manhole shall comply with IS EN,Why Ladders in Manhole??
The vertical distance between the top of the Manhole cover and the first step in the Manhole shall ot exceed,What is the vertical distance between the manhole cover and the first step in the Manhole??
The distance between the bottom ladder rung and the benching shall ot exceed,What is the distance between the ladder rung and the benching??
Ladder stringers should be adequately supported from the Manhole walls at intervals of ot more than Stringers should be bolted to the support cleats to facilitate renewal,Why stringers should be bolted to the support cleats??
Alternatively tainless steel fixed ladders may be required in accordance with Irish Water requirements,What is the Irish Water requirement for ladders??
The tops of ladders shall be provided with proprietary fixings to extend the ladder above ground level if deemed ecessary,What is deemed necessary to extend a ladder above ground level?
The centre line of the ladder rung shall be from the wall face within the Manhole to align it ith the roof slab opening,What is the roof slab opening??
Manhole in excess of depth shall be the subject of detailed design submission for agreement with Irish Water in advance of construction,What is a detailed design submission for agreement with Irish Water?
The Manholes shall be provided with intermediate landing platform as part of an engineered access solution and full details of the landing platform shall also be provided for agreement with Irish Water,What are the requirements of the landing platform??
Access to Manhole is regarded as confined space ccess and shall be subject to afety access plan,What is a confined space access plan??
Gravity ewer Pipe Material Types The types and fittings outlined herein shall be used in the construction of the Gravity Sewers,What Type of Gravity Sewer Pipe Material Types?
Pipe material shall ot change between Manhole The list below does ot apply to pipes installed by pipe jacking or micro tunnelling,What does ot apply to pipes installed by pipe jacking?
Concrete Concrete Sewer pipes with spigot and socket joints and rubber ring fittings shall comply with IS EN BS Part and IS or equivalent standard strength Class with minimum crushing loads in accordance with Table of BS,What is Concrete Sewer pipes with spigot and socket joints??
All pipes and fittings shall have gasket type joints of spigot and socket or rebated form,What is a spigot and socket??
Pipes shall be of Stiffness Class SN and to be capable of demonstrating jetting resistance of psi Bar without damage when tested in accordance with Section of WIS,What is the jetting resistance of psi Bar??
Pipe fittings of Stiffness Class SN stiffness class complying to IS EN will be acceptable if SN stiffness class fittings are ot manufactured by the pipe manufacturer Unplasticised PVC Unplasticised PVC pipes shall comply with the provisions IS EN,What is a pipe fitting of SN stiffness class??
Provision for jetting shall be based on the WRc Sewer Jetting Code of Practice June,What is the Sewer Jetting Code of Practice??
Pipes to be capable of resisting maximum jetting pump pressure of psi Bar without IW CDS Revision damage,What is a psi bar??
Pipe fittings of SN stiffness class complying to IS EN will be acceptable if SN stiffness class fittings are ot manufactured by the pipe manufacturer Other The use of alterna tive pipe types and materials will require the prior written agreement of Irish Water,What is a SN stiffness class fitting??
Rising Main Pipe Material Types The pipes types and fittings outlined herein shall be used in the construction of Rising Main Pipe material shall ot change along the Rising Main length,What are the pipes types and fittings outlined herein??
Ductile iron pipes may require plastic sheeting protection in adverse ground condit ions in accordance with BS Polyethyle e Polyethylene pipe and fittings for Wastewater shall comply with the requirements of IS EN,What are the requirements of IS EN??
Polyethylene fittings including fusion joints and electro fusion fittings shall comply with the provisions of IS EN Part Polyethylene pipes sh all also conform to the following UK Water Industry Specification documents uf WIS Specification for the Fusion Jointing of Polyethylene Pressure Pipeline Systems Using PE and PE materials uf IGN The Choice of Pressure Rating for Polyethylene Pipe Systems for Water Supply and Sewer age Duties uf IGN Pressure Testing of Pressure Pipes and Fittings for use by Public Water Supplies,What are the requirements of IS EN Part Polyethylene fittings??
Rising Main Discharge Header Manhole A Rising Main discharge Manhole or header Manhole shall be provided at the discharge point of Rising Main,What is a Rising Main discharge Header Manhole??
This Manhole shall be set off from the Network and it shall be linked to the Network by length of Gravity Sewer of appropriate size to carry the Rising Main maximum pumped flow,What is the Rising Main maximum pumped flow??
The Gravity Sewer shall be connected into the Network at Manhole when the Rising Main flow is from Type or Pumping Station See Part,What happens when the Rising Main flow is from Type or Pumping Station?
In the case of low flow discharge volumes the connection of the Gravity Sewer to the Network may be provided by branch connection,What is the Gravity Sewer Connection to the Network??
The header Manhole shall be constructed in either cast in situ concrete or pre cast concrete rings both as described above in Section above,What should the header Manhole be constructed in??
The rising main pipe shall terminate outside the wall of the header Manhole with IW CDS Revision stub rocker pipe arrangemen straight length of pipe and flexible coupling,What is a stub rocker pipe??
The straight length of rocker pipe shall be connected by flexible coupling to length of plain flanged ductile iron pipe which shall be built into the wall of the Manhole complete with puddle flange,What shall be connected to length of plain flanged ductile iron pipe?
The flanged end of this flanged plain pipe located ithin the Manhole shall be fitted with degree all flanged bend and flanged bell mouth to allow the rising main to discharge vertically within the Manhole,What is a flanged plain pipe??
The invert of the Manhole shall be provided with internal benching formed to allow the Risin Main discharge volume to be directed to the outlet gravity discharge Sewer,What is the invert of the Manhole??
The benching shall be formed to ensure smooth flow transition between the Rising Main bell mouth discharge and the outlet Sewer,What is the flow transition between the Rising Main bell mouth discharge and the outlet Sewer??
The Manhole invert shall be formed with cast in situ concrete in accordance with IS EN aggregate size in accordance with IS EN and finished with cement sand mortar perfectly smooth,What is a manhole invert??
The benching shall slope at gradient of from the bell mouth,What is the gradient of the benching??
In all areas the header Manhole shall be provided with diameter vent pipe linked to vent stack and it shall be fitted with sealed manhole cover and frame,What shall the header Manhole be fitted with??
The vent pipe shall be built into the wall of the Manhole at high level and sea led watertight within the wall,What shall be built into the wall of the Manhole at high level and watertight within the wall?
The activated carbon filter shall be of robust proprietary manufacture and sized to have minimum retention time of seconds at maximum flow rate,What is the minimum retention time of seconds at maximum flow rate??
Pipe Joints General Pipe joints shall be in accordance with the manufacturer requirements for the pipe material,What is a Pipe Joint??
Pipe joints will generally be one of the following uf Push in rubber ring joint uf Bolted flanged joint uf Flexible mechanical coupling with rotective coating uf Fusion welded joints where the site fusion jointing shall be strictly in accordance with UK WIS Specification for Fusion Jointing of Polyethylene Pressure Pipeline Systems Using PE and PE Materials and with BS ISO Plastic Pipes and Fittings Butt Fusion Jointing Procedures for Polyethylene PE Piping Systems,What is the fusion jointing procedure for Polyethylene PE Piping Systems??
uf Equipment used for butt fusion and electrofusion welding shall be in accordance with BS ISO Plastic Pipe Fittings Equipment for Fusion Jointing Polyethylene Pipe Systems Part Butt Fusion Part Electro Fusion,What is BS ISO Plastic Pipe Fittings Equipment for Fusion Jointing?
uf Equipment used for butt fusion and electrofusion welding shall have CE Certification and shall be calibrated on monthly basis,What equipment shall be used for butt fusion and electrofusion welding??
IW CDS Revision Bolted flanged joint shall have raised face flanges complete with uts and bolts to IS EN ISO and double metal washers to BS,What is a flanged joint??
Flange assemblies including uts bolts washers d gaskets to be designed to meet working and test pressure of bar and bar respectively,What is a flange assembly??
All pipes and joints will be subjected to appropriate pressure tests as outlined in Section and Section below,What pressure tests will be carried out??
Jointing of Polyethylene Pipes In advance of commencing pipe installation on site the Developer shall provide specific ethod statement to the Irish Water field engineer for review assessment outlining the butt fusion and electrof usion jointing processes for polyethylene pipes that will be carried out on site,What is a butt fusion and electrof usion jointing process??
In addition the Developer shall also follow the manufacturer requirements but these shall ot take precedence over good site practices,What is the Developer's responsibility??
Butt fusion d electro fusion jointing of polyethylene pipes shall only be carried out by appropriately trained and experienced operatives in possession of current relevant Training Certificate,What is a Training Certificate??
Training should be certified and equivalent to City and Guilds qualific ations,What should be certified and equivalent??
Jointing personnel sh all have and be able to confirm minimum of one year experience in successfully completing pipe welding under live construction conditions,What experience do jointing personnel have??
Jointing shall be completed using fully automatic or pre approved jointing machi e rigs in accordance with the manufacturer instructions,What is a jointing rig??
In relation to electro fusion jointing the jointing machine shall incorporate remote inspection monitoring system which allows for real time inspection of the weld integrity or data download facility,What is a remote inspection monitoring system??
The identity of the polyethylene PE PE pipeline manufacturer shall be made known to Irish Water prior to commencement of the installation,What is the identity of the polyethylene PE PE pipeline manufacturer??
Each joint shall be clearly marked with the joint logged automatically on the jointing machine in format to the satisfaction of the Irish Water field engineer,What is the format of the joint??
printout of the joint details with an as built drawi g complete with GPS location and geo located photograph of each joint shall be provided and retained for quality assurance purposes,What shall the joint details look like??
In addition to the data log report the welders own record ledger must also be maintained and provided as part of the uality assurance documentation,What is the welders own record ledger??
All fusion welds shall be undertaken in an enclosure tent to minimise the effects of wind and rain on the jointing process and to prevent contamination from wind borne dust,What is a weld enclosure tent??
All personnel carrying out pipe jointing hall have appropriate training in health and safety and shall follow all safety procedures laid down for welding,What does a pipe jointing hall do??
Where it is deemed ecessary by the field engineer Irish Water may require or instruct the Developer to procure an audit from an independent accredited auditor,Where it is deemed necessary by the field engineer Irish Water may require or instruct the Developer to procure an audit from an independent accredited auditor?
The audit reports from this independent auditor shall be provided to the Irish Water field engineer on regular basis,What are the audit reports from this independent auditor??
Each installation and welding team shall also be audit ed by the Developer Construction Engineer on weekly basis or more frequently if required by the Irish Water field engineer,What is the Developer Construction Engineer audited for??
All of these audits will use standard checklist to ensure that all the correct equipment and working practices are being utili sed,What is a standard checklist??
Weekly equipment checks and regular supervision of the welding equipment shall be carried out by the Developer and reports on these checks will be inspected by the Irish Water ield engineer,What checks will be carried out by the Developer??
The destructive weld testing and analysis shall be carried out by specialist and accredited testing organisation who will take the samples deliver the sample for testing test the joint and report on the result thus ensuring that chain of custody is maintained on all test samples,What is the chain of custody on all test samples??
Joint tests complying with WIS shall be carried out for each pipe diameter containing electro fusion welds used by the Developer contractor personnel and welded by the equipment to be used for Works,What shall be performed for each pipe diameter containing electro fusion welding?
These shall be in accordance with ISO for assembly socket fittings in accordance with ISO for assembly sock et fittings and in accordance with ISO for saddle assemblies,What shall be the sock et fittings??
Where possible least strips should be taken from welded coupler for testing with lower umber of strips taken for smaller diameter units,What should be taken from welded coupler for testing??
The tests shall be undertaken by an independent laboratory accredited by the Irish National Accreditation Board or equivalent,What is an independent laboratory accredited by the Irish National Accreditation Board??
Reports in format accept able to Irish Water on these tests shall be provided to the Irish Water field engineer for review,What is the Irish Water field engineer for review on these tests??
Prior to the commencement of polyethylene pipe laying works pipe joint sample testing shall be carried out for all pipe sizes to be used in the Works,What is pipe joint sample testing??
On initial sample test butt fusion weld per designated butt fusion crew and one initial sample test electro fusion weld per designated electro fusion crew shall be cut and taken for testing,What is a test butt fusion weld??
These shall be taken for each pipe size per designated crew on pip es that are to form part of the Works,What are the pipe sizes per designated crew on??
The weld joint chosen for testing will be as indicated by the Irish Water field engineer,What is the weld joint chosen for testing??
The rate of testing of th joints shall be as follows uf minimum of one butt fusion weld per designated butt fusion crew per week and one electrofusion weld per designated electrofusion crew per week shall be cut out from the polyethylene pipes associated with the Works and tested,What is the rate of testing of th joints??
The sample test frequency is additional to the works te st frequency outlined above,What is the sample test frequency??
uf In addition to the initial and weekly weld joint testing outlined above testing of the installed pipe joints shall be undertaken on joints as selected by the Irish Water field engineer,What is a weld joint test??
The frequency of joints testing on the olyethylene pressure main that has been installed in the Works shall be at least one test per joints made on site with minimum of five tests in smaller developments or as directed by the field engineer,What is the frequency of joints testing on the pressure main that has been installed in the Works??
All test shall be carried out at the expense of the Developer and this shall include for all costs associated with the taking of testing analysis of and transportation of samples as well as the required reporting of the test results,What shall be the Developer's responsibility??
The Contractor shall arrange for the selected installed joint samples to be tested in accordance with WIS IS EN Part and with ISO IS ISO and ISO as appropriate and listed above by an accredited laboratory accreditation by the Irish National Accreditation Board or quivalent and test report in format required by Irish Water shall be provided to Irish Water field inspectors within week of the sample joint being taken,What is the test report format required by Irish Water??
The report should indicate the test result the failure mode of samples Wasted Specimens the specific joint identification data Welders Name Joint Number Weld Date Machine Date that the sample joi t was received by Testing Facility on the test report and results along with clear photos of the joints prior to sampling with the rish Water field engineer signature present on the pipe photos of the tested wasted specimens and in addition particul ar photos of any individual wasted specimens that were classified as failure,What was the failure mode of samples??
Where welds have failed the Contractor shall excavate cut out and provide the welds carried out immediately before and immediately after the failed joint for additional testing,Where welds have failed the Contractor shall excavate cut out?
The Contractor shall ote that if the results of any of the se two additional weld tests indicate that weld is ot in compliance with WIS weld failure then the IW CDS Revision Developer shall be required at his her own expense remove and replace all welds from the date of the last verifiable weld test found to be in compliance with WIS performed by the particular welding machine and designated crew who completed the weld that failed,What shall the IW CDS Revision Developer do if the results of any of the se two additional weld tests indicate ot in compliance with WIS??
If any additional work undertaken by designated crew is persistently at fault they shall be prohibited from undertaking further welds until re training shall be carried out,What happens if a crew is persistently at fault??
All butt fusion joints shall be de beaded and the bead referenced and kept for inspect ion,What is the bead reference??
Beads shall be examined upon removal for signs of defects or splitting along the length of the bead joint,What happens when a bead is removed??
For butt fusion welding completed welds shall be de beaded and the weld bead shall be inspected on site by the welding crew,What is the welding crew responsible for??
Beads shall be la belled bagged and stored by the Developer contractor and access shall be provided to the Irish Water field engineer to inspect the weld beads when requested,When will the Developer contractor inspect the weld beads??
The provision of the sample and all costs associated with their provision including restoring the pipe to service and reinstatement will be borne by the Developer,What are the costs associated with the pipe to service and reinstatement??
The sample welds thus stored shall remain the property of Irish Water and shall be made available to the Irish Water field inspectors at any time for testing should it be so directed,What is the purpose of the sample welds??
Pipe coils will only be permitted to be used for pipe diameters of OD and below,What is the pipe diameter of OD and below??
Hydraulic re rounding clamps and steel re rounding inserts must be used to permit straight length of pipe to be electrofusion jointed to the ends of the coil,What is electrofusion jointed to the ends of the coil??
The pipe profile within the area of the coil to be jointed shall be re rounded to within the limits of ovality prescribed by BS EN,What is a re rounded pipe profile??
Two lengths of straight stick PE pipe min length shall be used to join the coils together,What length of PE pipe shall be used to join the coils together??
IW CDS Revision Rising Main Fittings General All fittings to Wastewater Rising Main including sluice valves scour valves air valves and meters shall be operable without the eed to enter Chambers or other confined spaces,What Does Rising Main Fittings Do?
Sluice Valves Sluice valves shall be double flanged ductile iron resilient seated valves suitable for use in Wastewater pipework and Rising Main They shall comply with the requirements of BS Parts and EN Part and and they shall have the CE marking in accordance with the EU Construction Products Regulations No,What are the requirements of Sluice Valves??
Sluice valves shall be suitable to be buried in the ground and shall have minimum design life of years,What is the design life of a sluice valve??
All flanges shall be drilled to PN and shall have ducti le iron flanges in accordance with IS EN Parts and,What is a ducti le iron flange??
Sluice valves shall be capable of accommodating maximum differential pressure during operation of bar,what is the maximum differential pressure during operation of bar?
The fittings associated with the sluice valve will be dependent on the pipe material of the Rising Main,What is the fittings associated with the sluice valve??
In ductile iron mains the valve shall be fitted with an appropriate dismantling joint and flanged to plain ended pipe with flexible coupling at one end flanged to plain ended pipe and flexible coupling at the other end to allow the valve disconnection from the Rising Main pipework for maintenance if desired,What is a dismantling joint??
Puddle flanges shall be fixed to the flanged to plain ended pipe as appropriate to allow it to be secured to thrust block,What flanges shall be fixed to the pipe??
One of the proprietary flexible couplers may ot be required on spigot socket ductile iron pipes,What is a flexible coupler??
In polyethylene pipes the valve shall be fitted to an appropriate dismantling joint and stub flange with backing ring at one end and stub flange with back ing ring at the other end to allow the valve disconnection from the Rising Main pipework for maintenance if desired,What should the valve disconnection from the Rising Main pipework be??
The stub flanges shall be fusion welded to the polyethylene main at both sides of the valve arrangement,What are the stub flanges??
Alternative pipe fitting pieces will be required for other pipe material types,What will be required for other pipe material types??
The depth of the slu ice valve stem cap or the top of an extension spindle shall ot be less below the finished ground level and o valve stem cap or spindle cap hall be greater than below gro und level while observing the requirements for depth of cover of the pipe as outlined in Section above,What is required for depth of cover of the pipe as outlined in Section above?
The direction of closing shall be imprinted on the valve casing and on the associated marker plate,What is the direction of closing??
The umber of turns to open close the valve shall be where is diameter in inches,What is the diameter of turns to open close the valve??
The sluice valve shall be protected from corrosion by coating in accordance with A WIS or B IS EN For coatings in accordance with WIS the internal water wetted surface shall be coated to Class standard while all other surfaces shall be coated to Class standard,What is a Class standard coating??
Scour Valve Arrangements Scour valves shall be double flanged ductile iron resilient seated valves as outlined in Section above,What is a Scour Valve Arrangement??
Sluice valves shall be provided on the Rising Main at either side of the take off point of the cour pipe complete with dismantling joint arrangement as outlined above,What is a sluice valve??
The scour pipe and scour valve shall have the following minimum diameters Diameter of Rising Main mm Diameter of Scour mm to to to Scour valves and outlet pipes shall be sized for gradual emptying time and based on the capacity of the scour chamber and the vacuum tanker used for emptying the chamber,What are the dimensions of the scour valves and outlet pipes??
The scour take off from the Rising Main shall be provided by flanged tee piece fitting with level invert outlet of appropriate size,What is the scour take off from the Rising Main??
The connection pipe between tee piece at the take off point on the Rising Main and the scour chamber shall be of ductile iron material,What is the connection pipe between the scour chamber and the tee piece??
scour chamber as de scribed below in Section shall be provided downstream of the take off point and the discharge point to balance the scour discharge and to allow collection and pumping out of scour discharge and debris,What is a scour chamber??
Pipe fittings for the tee piece at the take off point will be dependent on the pipe material of the Rising Main,What will the tee piece at the take off point be??
In ductile iron mains the tee piece shall be fitted with flange to plain ended pipe dismantling joints and flexible coupling at both ends,What is ductile iron mains??
One of the proprietary flexible couplers may ot be required on spigot socket ductile iron pipes,What is a flexible coupler??
In polyethylene pipes the tee piece shall be fitted to stub flange with backing ring at both ends,What is a tee piece??
The stub flanges shall be fusion welded to the polyethylene main at both sides of the tee piece arran gement,What shall be the stub flanges??
Alternative pipe fitting pieces will be required for other pipe material types,What will be required for other pipe material types??
IW CDS Revision Wastewater Air Valves Air valves shall be of Wastewater air valve type with isolating valve in accordance with the requirements of BS ISO,What is a Wastewater Air Valves??
The Air valves shall have bodies and covers of cast iron to BS EN with flanges drilled to PN in accordance with IS EN,What shall the Air valves be made of??
Each valve shall have large and small air escape orifice with an isolating valve,What is a small air escape orifice??
The isolating valve shall be either resilient seated gate valve to BS and BS EN Part and shall be of boltless bonnet design or butterfly va lve to IS EN Part,What is the isolating valve??
The inlet iameter shall be for Rising Main of and below,What is the inlet iameter??
The location of the air valve shall be the subject of particular agreement with Irish Water to ensure that the risk of odour is eliminated,What is the location of the air valve??
The air valve shall have flanged inlet and it shall be fitted on flanged tee piece branch off of the Rising Main,What is a flanged inlet??
The tee piece shall be supported on concrete cr adle supported on the floor of the valve chamber,What is the tee piece??
The flanged tee piece shall be fitted at one end with flange to plain ended connection piece of ductile iron material,What is the flanged tee piece??
This fitting shall be built into the wall of the air valve chamber and fitted with puddle flange,What is a puddle flange??
It shall extend outside the wall by to allow its connection to the Rising Main pipework,Why not extend it outside the wall by??
The other flanged end of the tee piece shall be fitted to dismantling joint which in turn shall be attached to flanged to plain ended pipe,What is the other flanged end of the tee piece??
This flanged to plain ended fitting shall be built into the wall of the air valve chamber and fitted with puddle flange,What is the puddle flange??
It shall extend outside the wall by to allow its connection to the Rising Main pipework,Why not extend it outside the wall by??
The omission of the dismantling joint and flanged to plain ended pipe and its replacement with longer flanged to plain ended pipe complete with puddle flange will be allowed if written confirmation from the air valve manufacturer is provided to warrant that the air valve and isolation val ve assembly can be replaced without the eed to take the rising main out of operation,What is the difference between the dismantling joint and flanged to plain ended pipe??
Rocker pipe arrangement shall be provided at either side of the air valve chamber in the case of ductile iron Rising Main The rising main pipe shall terminate outside the wall at either side of the chamber with stub rocker pipe arrangement straight length of pipe and flexible coupling,What shall the rising main pipe arrangement be??
The straight length of rocker pipe shall be connected by a flexible coupling to length of plain flanged ductile iron pi pe which shall be built into the wall of the chamber complete with puddle flange,What shall be the coupling length of rocker pipe??
In the case of polyethylene Rising Main the built in pipe fitting in the walls of the chamber shall be double flanged ductile iron,What is the pipe fitting in the walls of the chamber??
Other Fitting Materials Joint gaskets for flexible and flanged joints shall be Ethylene Propylene Diene Mon omer EPDM,What are the other fitting materials for flexible and flanged joints??
Gaskets shall be designed to meet IW CDS Revision working and test pressure of bar and bar respectively when installed as intended in flanged and flexible joints,What is the test pressure of bar and bar??
All lubricants to be used in joints shall be provided by and recommended by the pipe and fitting manufacturer and shall have o dele terious effects on either the joint rings or pipes and shall be unaffected by the liquid to be conveyed,What is lubricant to be used in joints??
All uts bolts and washers shall be protected against corrosion in accordance with WIS for barrier and galvanic coating system,What is a corrosion barrier??
Flanges shall be PN rated and shall be drilled in accordance with IS EN,What is a PN rated flange??
The body of the end ring shall be ductile iron in accordance with IS EN,What is the body of the end ring??
The manufacturer shall supply any liners required to stiffen polyethylene or other pipe material types in accordance with his her recommendations,What liners are needed to stiffen polyethylene or other pipe material types?
The body and end ring shall be either stainless steel minimum Grade or ductile iron in accordance with IS EN,What is a ductile iron ring??
Couplings shall be suitable for use with ductile iron cast iron steel PVC asbestos cement polyethylene,What is a PVC asbestos cement polyethylene??
The manufacturer shall supply any liners required to stiffen polyethylene or other pipe types in accordance with his recommendations,What is the manufacturer's recommendation??
Dismantling joints shall be designed for working pressure of bar and be tested to comply with the performance requirements of WIS,What are the performance requirements of WIS??
The body shall be either ductile iron in accordance with IS EN with minimum tensile strength of N mm or steel in accordance with BS EN with minimum grade,What type of body shall the body be??
Dismantling joint flanges shall be minimum PN rated and flanges shall be drilled in accordance with IS EN,What is the minimum PN rated flange??
All bolts shall be minimum either steel Property Class in accordance with BS EN ISO or stainless steel with minimum chromium content of in accordance with BS EN ISO,What type of bolts shall be used??
All uts shall be minimum either steel Property Class in accordance with BS EN ISO or stainless steel with minimum chromium content of in accorda ce with BS EN ISO,What is the minimum chromium content??
IW CDS Revision Couplings shall be suitable for use with ductile iron cast iron steel or PVC pipe material Sluice Valve Scour Valve and Air Valve Chambers Sluice Valve Chamber Sluice alve chamber for Rising Main shall have minimum plan area of by mm for pipes up to in diameter,What is a Sluice Valve Chamber??
Alternative dimensions for sluice valve chambers of by or by may be allowed subject to Irish Water review,What size sluice valve chambers are allowed??
Chambers can be constructed of pre cast concrete or of high density blockwork,What type of chambers can be constructed??
The walls of blockwork chambers shall be constructed with mm² high density solid concrete block work complying with the requirements of IS EN Part laid on flat bedded in mortar complying with the requirements of IS EN Part and flush pointed without internal plaster The walls of the chamber can alternatively be formed with reinforced pre cast concrete units formed with concret aggregate size with mild steel reinforcement,What are the walls of the blockwork chambers??
If modular units are proposed the pre cast concrete units shall be bedded in mortar complying with the requirements of IS EN Part and flush pointed,What are the requirements for modular units??
The valve chamber floors shall be formed with concrete in accordance with IS EN aggregate size in accordance with IS EN with minimum thickness of complete with mild steel reinforcement,What is the minimum thickness of the floor??
The floor slab of valve chambers shall ot be cast against the body of the sluice valve,What is the floor slab of valve chambers??
Drain hole shall be allowed in the base slab to allow free drainage of liquid from the chamber to free draining granular material below,What is a drain hole in the base slab??
The chamber shall be complete with reinforced concrete roof formed with concrete in accordance with IS EN aggregate size in accordance with IS EN of min imum thickness of reinforced with high tensile reinforcement to BS,What is a reinforced concrete chamber??
The sluice valve chambers shall be surrounded with Clause granular backfill material in acco rdance with the Transport Infrastructure Ireland formerly National Roads Authority Specification for Road Works compacted in layers to the underside of the road footpath structure,What is Clause granular backfill material??
IW CDS Revision Sluice valve chambers shall be covered with approved heavy duty cast iron surface box covers and frames by plan area to IS or BS subject to the minimum mass of the cover per for Grade being and Grade being kg,What is the minimum weight of the cover??
The sluice valve cover frames shall be supported on Class engineering brick to IS EN Part minimum of one course with maximum of three courses,What is a sluice valve cover frame??
The brickwork shall be bedded in mortar minimum strength to IS EN Part,What is the minimum mortar strength??
The frame and cover shall be set in rapid hardening cementitious epoxy resin or polyester resin mortar,What type of mortar shall be used for the frame and cover??
The mortar shall have minimum working time of minutes and shall reach minimum compressive stre gth of mm and min imum tensile strength of mm within hours of mixing,What is the minimum compressive stre gth of mm??
The covers shall be set on the brick to finish in alignment with the final road or footway surface,What is the final road or footway surface??
The finish of the road surface aro und the Chamber cover and frame shall be to the requirements of the relevant Roads Authority for the area,What is the Roads Authority for the area??
Covers for surface boxes on Rising Main shall have either the word WASTEWATER or the letter WW cast on the top surface in letters,What is the word WASTEWATER??
The valve covers where located in grass ar eas shall be surrounded by concrete plinth all round and deep formed with concrete in accordance with IS EN aggregate size in accordance with IS EN bedded in Clause material,What is a Clause material??
The plinth shall be complete with ull ose finish to its perimeter and shall be provided with mild steel reinforcement link,What does a plinth look like??
Proprietary prefabricated spindle tube units with surface box may be used only in special situations,what is the use of spindle tube units with surface box??
Scour Chamber The scour chamber shall be constructed off the line of the rising main with suitable access for vacuum tanker,What a Scour Chamber??
Scour chambers shall be provided to balance the scour discharge from the Rising Main and to collect the contents of the Rising Main during the scouring operation for separate disposal,What is the scour discharge??
Where possible scour chambers should be located off carriageways and enerally in areas only subject to foot traffic,Where possible scour chambers should be located off carriageways and in areas only subject to foot traffic?
IW CDS Revision The scour chamber shall be constructed with precast concrete Manhole wall units completed with rubber sealing ring gasket between units complying with the requirements of IS EN and IS complete wi th minimum thickness of cast in situ concrete formed surround in accordance with IS EN aggregate size in accordance with IS EN with either pre cast or cast in situ concrete base of concrete in accordance with IS EN aggregate in accordance with IS EN minimum thick with mm deep floor sump located beneath the roof opening,What is the scour chamber??
The scour chamber shall have cast in situ concrete roof slab minimum thickness constructed of aggregate size reinforced with high tensile steel bar reinforcement with minimum concrete cover,What is a scour chamber??
Alternatively precast concrete roof slabs minimum thickness may be used subject to Irish Water approval and compliance with IS EN and IS,What is the minimum thickness of precast concrete roof slabs??
This approach would be the preferable option where pre cast concrete ring units are used as scour chamber walls,What is a scour chamber wall??
An access opening shall be formed in the Manhole roof slabs,What is an access opening in the Manhole roof slabs??
The minimum dim ensions of the roof opening shall be by,What is the minimum dim ension of the roof opening??
Circular Manhole openings of diameter may be used if the scour chamber cover is circular,What is the diameter of the scour chamber cover??
Frames should be square with square or circular insert with minimum clear diameter dimension of and minimum depth of mm if located in light traffic roads,What should a square frame look like??
Where square covers are provided they shall be double leafed covers and secured to prevent the cover section from falling into the chamber,Where square covers are provided they shall be double leafed covers?
The covers shall be set in position flush with the inished ground surface whether road pavement or open ground,What shall the covers be set in position??
The frame cover should be supported on solid engineering brick wide to IS EN Part one course minimum and o more than maximum of three courses in height bedded and pointed in mortar minimum strength to IS EN Part,What should the frame cover be supported on??
The frame and cover shall be set in rapid hardening cementitious epoxy resin or polyester resin mortar,What type of mortar shall be used for the frame and cover??
The mortar shall have minimum working time of minutes and shall reach minimum compressive strength of mm and min imum tensile strength of mm within hours of mixing,What is the minimum compressive strength of mm and min imum tensile strength??
Covers for surface boxes on Rising Main shall have either the word WASTEWATER or the letters WW cast on the top surface in letters,What shall be the words WASTEWATER or WW cast on the top surface?
The scour chamber shall be provided with ductile iron inlet pipework built into the walls of the chamber and fully sealed complete with puddle flanges,What is a scour chamber??
The inlet pipe shall be fitted with Wastewater sluice valve complete with extended spindle to allow its opening from ground level,What is a Wastewater sluice valve??
surface box to IS or BS subject to the minimum mass of the cover per for Grade being and Grade being shall be provided to over roof opening to al low access to the extended spindle for the chamber sluice valve,What is the minimum mass of the cover per for Grade being and Grade being??
Scour valves scour chambers and outlet pipes for large diameter mains shall be sized for an emptying time appropriate for vacuum tanker identified by Irish Water,What is a Scour valve??
Each specific location for the scour valve chamber will require the approval of Irish Wate and the relevant Local Authority,What is a scour valve chamber??
Access to the co fined space within the chamber shall ot generally be required but when eeded this access shall be by way of safe access lan,When eeded this access shall be by way of safe access?
Air Valve Chamber Air valves shall be installed in chambers and these shall be suitably sized to accommodate the air valve and allow access for maintenance replacement,What is an Air Valve Chamber??
The chamber should be located to allow ease of access and maintenance of the air valve,What chamber should be located to allow easy of access and maintenance of the air valve?
The base and walls of the chamber shall be constructed in concrete in accordance with IS EN aggregate size in accordance with IS EN with inimum thickness of and respectively,What is the minimum thickness of the chamber??
The chamber shall be complete with reinforced concrete roof of minimum thickness of formed with C concrete in accordance with IS EN aggregate size in accordance with IS EN reinforced with high tensile reinforcement to BS,What is a reinforced concrete roof??
The roof slab shall incorporate opening to allow the visual inspection of the air valve and to allow access to the associated isolating valve,What is the associated isolating valve??
Cast in recessed lifting lugs shall be rovided in each corner of the concrete roof slab to allow its positioning in place,What shall be the rovided lifting lugs??
In addition these lifting lugs shall be used to remove the roof slab for access to the chamber to allow maintenance of the air valve and its removal and replacement if ec essary,Why use lifting lugs to remove the roof slab?
The internal dimensions of the chamber shall be sufficient to contain the air valve and any associated pipework,What is the internal dimension of the chamber??
The depth of the meter chamber shall provide minimum of mm clearance beneath the air valve itting,What is the depth of the meter chamber??
Sufficient clearance shall be provided between the walls and the air valve equipment to allow maintenance activities to be carried out,What is the clearance between the walls and the air valve equipment??
The air valve chambers roof slab opening shall be provided with approved ventilated heavy duty metal surface overs to IS EN BS rating if located on roadways or footways,What is an air valve chambers roof slab opening??
Lower load capacity rated covers may be used if the chamber is located off road in green areas,What if the chamber is located off road in green areas?
The brickwork shall be bedded in mortar minimum strength to IS EN Part,What is the minimum mortar strength??
The frame and cover shall be set in rapid hardening cemen titious epoxy resin or polyester resin mortar,What type of resin shall be used for the frame and cover??
Air valve chamber covers where located in gr ass areas shall be surrounded by concrete plinth all round and deep formed with concrete in accordance with IS EN mm aggregate size in accordance with IS EN bedded in Clause material,What is a Clause material??
The plinth shall incorporate mild steel reinforcement links and shall have bull ose finish around its external perimeter,What does the plinth look like??
The overs for surface boxes on Rising Main shall have either the word WASTEWATER or the letters WW cast on the top surface in letters,What are the overs for surface boxes on Rising Main??
Access to the air valve chamber confined space shall be subject to safety access plan,What is the safety access plan for the air valve chamber??
Existing Utilities It is the responsibility of the Developer and or designer to obtain all current information on the location of other existing utility providers apparatus prior to the design being carried out,What is the responsibility of the Developer and or designer to obtain all current information?
and other works so as ot to interfere with the working arrangements and integrity of such utilities,What is a utility's working arrangement??
This agreement shall also includ any ecessary protection for Water Main and Sewers,What is included in this agreement??
In the case of installations in close proximity to existing Water Main and Sewers the following minimum horizontal distances shall be maintained between pipes ducts cabinets poles Manhole junction boxes chambers etc,What are the minimum horizontal distances between pipes ducts cabinets poles Manhole junction boxes chambers etc?
where depth to the existing infrastructure does ot exceed at either side of pressure mains up to and including diameter at either side of pressure mains of to diameter at either side of pressure mains of and diameter at either side of pressure mains of and diameter Specific Irish Wate advised distances for pressure mains in excess of mm at either side of gravity sewer up to and including diameter at either side of gravity sewer of and up to mm diameter at either side of gravity sewers of diame ter and greater,Where depth to the existing infrastructure does ot exceed?
Specific written permission shall be required from Irish Water for installing infrastructure closer to existing Irish Water asset than the limits outlined above or where the depth of the existing service exceeds,What is the depth of the existing service exceeds??
Irish Water may require increased clearance separation distances in excess of the specific utility providers requirements,What are the requirements of Irish Water??
The separation distances between ew pipework associated with the Works and between the pipework associated with the Works and other utility pipework are set out in Section and Section above,What are the separation distances between the pipework associated with the Works and other utility pipework??
Where pipes or ducts are be laid close to an existing Water Main or Sewer in the ownership of Irish Water otification in writing shall be provided minimum of working days ahead of the commencement of the work,When pipes or ducts are laid close to an existing Water Main or Sewer in the ownership of Irish Water otification?
This requirement shall also apply to the carrying out of trial holes or slit trenches to locate the main or to gather ground investigation data,What is the ground investigation data requirement??
In the case of large diameter or reater distribution and trunk Water Main and Sewers Irish Water must be otified at leas one month before the work is commenced,What is otified at leas??
This otification is in addition to any formal procedures IW CDS Revision detailed elsewhere in this document,What is CDS Revision??
The otifications shall apply where work is proposed within the following proximities of Irish Water infrastructure at either side of existing pipes less than diameter at either side of existing pipes of to diameter and at either side of existing pipes of or greater,What are the otifications??
Any costs arising from the Developer work associated with locating pipework or any costs due to work undertaken by Irish Water or its agents to assist the Developer in identifying and locating the infrastructure shall be fully covered by the Developer,What costs arising from the Developer work associated with locating pipework or any costs due to work undertaken by Irish Water or its agents?
Irish Water reserves the right to revert to the Developer with pecific requirements in relation to protection of its Water Main and or Sewer,What is the Developer's Right to Revert to??
Care shall be taken while laying pipes so as ot to damage any Water Main or Sewer or any accessories,What is a Water Main or Sewer??
Any damage shall be otified immediately to Irish Water on the Irish Water website www water ie,What shall be otified to Irish Water??
The per son who causes the damage to Water Main or Sewer or any accessories will be deemed to have committed an offence under Section of the Water Services Act,What is an offence under Section of the Water Services Act??
Envi ronmental Considerations The design should take into account the impact of the Works on the environment and the impact of the environment on the Works,What is the impact of the Works on the environment??
Cognisance should be taken of amenity conservation preservation of access to the public and facilitation of recreation when designing infrastructure,What is amenity conservation??
Consideration should also be taken of areas of specific ecological interest such as Special Area of Con servation SACs National Heritage Area NHAs etc,What are some areas of specific ecological interest such as Special Area of Conservation SACs National Heritage Area NHAs?
The design of landscaping works shall be undertaken concurrently and in conjunction with the design of the Works,What works shall be undertaken concurrently and in conjunction with the design of the Works??
The collaborative design process shall incorporate and take account of any likely asses sed egative impact on the root zones and root protection areas of trees and or large shrubs on the Works,What is the collaborative design process??
The design process shall seek to minimise risk to roots and the risk of root ingress to the Works by appropriate separation distances or by the pr ovision of root protection barriers,What is the risk to roots and the risk of root ingress to the Works??
The design procurement and supervision of the landscaping works ext to and over the Works shall be undertaken by the Developer using fully qualified and competent landscape architect working in collaboration with fully qualified and competent arboriculturist both in consultation with Irish Water,What is the design procurement and supervision of the landscaping works ext to and over the Works??
Any part of Works which does ot have special tree root protection measures shall be positioned with adequate separation from ew trees shrubs to ensure that their roo systems will ot cause damage to the IW CDS Revision infrastructure,What is a tree root protection measure??
These separation distances will vary from tree and shrub species to species and specialist advice shall be obtained by the Developer from his her landscape architect and arboriculture advisers in thi regard as outlined above and provided in the Design Submission,What will the Developer do with these separation distances??
Special tree root protection measures may be provided to reduce the separation distances between the Works and the ew planting,What is the difference between the Works and the ew planting??
The design of the tree planting and species selection wil eed to be decided in relation to the depth of the pipe and the distance from the Works,What is the design of the tree planting and species selection?
Where tree planting is proposed within the distances where tree roots could directly damage the Works as referenced in Table of BS special protection measu res shall be provided,Where tree planting is proposed within the distances where tree roots could directly damage the Works?
These measures might be achieved in the pipe system by the provision of high performance joints or the use of polyethylene pipes with welded joints,What might be achieved in the pipe system by the provision of high performance joints?
Tree planting will ot ormally be allowed directly over the Works or within the distances referred to in Table of BS but this may be increased depending on the species type or relaxed where it can be shown that appropriate species selection and protection measures can be provided to prevent root ingress damage to the satisfaction of Irish Water,What can be done to prevent root ingress damage??
Such protection measures may include root barriers root directors and by avoiding planting ext to joints valves or other sensitive parts of the pipe system,What is a root barrier??
Where such planting is carried out directly over the Works and where excavation is required to subsequently access the infrastructure there may be requirement to remove the trees shrubs but this will be assessed on case by case basis and any possible mitigation measures to reduce impact on tree vegetation should be investigated before final decision to remove the tree vegetation taken,Where such planting is carried out directly over the Works and where excavation is required to subsequently access the infrastructure?
Where ew pipe installation works are to be carried out ear existing tree vegetation these shall be in accordance with the provisions of BS Trees in Relation to Design Demolition and Construction Recommendations and the National Joint Utilities Group NJUG Guidelines for Planting Installation and Maintenance of Utility Apparatus in Proximity to Trees Volume which outline the following zones Prohibited Zone from tree trunk Excavation of any kind shall ot be undertaken within this zone unless after full consultation with an arboriculturist or landscape consultant it is deemed acceptable,Where ew pipe installation works are to be carried out ear existing tree vegetation?
Precaution Zone defined as radius of four times the circumference of the tree at above ground level Where excavation is carried out within this zone the use of mechanical excavation plant shall be prohibited,What is a Precaution Zone??
All such excavation works shall be carried out manually or with the aid of an air spade or vacuum and precautions shall be undertaken to protect any exposed roots from damage,What type of excavation shall be carried out??
Permitted Zone outside the Precaution Zone Excavation works may be undertaken within this zone but caution must be applied and the use of mechanical plant limited,What is the Precaution Zone??
The installation of any ew pipework or the planting of e tree vegetation within the vicinity of existing pipe systems will eed to take ccount of the provisions of BS and BS,What is a ew pipework??
Food Service Establishments A Grease Recovery Unit GRU must be fitted on the outlet from all kitchen sinks within Food Service Establishments FSE and commercial buildings with food preparation or canteen facilities subject to the requirements of Irish Water,What is required of a Grease Recovery Unit??
Cognisance shall be aken of the guidance provided in the Water Services Training Group Guidance Document for Control of Fat Oil and Grease or any updated guidance as may be issued by Irish Water,What is the Guidance Document for Control of Fat Oil and Grease??
Grease traps and or GRUs must also be fitted on any commercial scale food prepa ration locations to achieve the discharge limits set out in the Trade Effluent Licence,What are the discharge limits for commercial scale food prepa ration locations??
Grease Traps Trade Effluent from commercial food preparation areas is subject to Trade Effluent Licensing in accordance with the provisions of the Local Government Water Pollution Act,What is Trade Effluent Licensing??
Such discharges shall discharge to suitably sized and manufacture grease trap designed in accordance with IS EN prior to discharge of the Wastewater to the Works,What discharges shall discharge to suitably sized and manufacture grease trap?
Full details of the grease trap including details of the proposed maintenance regime shall be submitted to and agreed with Irish Water Wastewater Source Control and Licencing WWSCL unit,What is the proposed maintenance regime for the grease trap??
These details shall include design loading of the grease trap grease trap capacity etc,What is the design loading of the grease trap capacity??
Compliance with guidance as set out in the Water Services Training Group Fat Oil and Grease FOG Guidance Document and rish Water policy is required in respect of FOG control,What is required in respect of FOG control??
The pumped IW CDS Revision Wastewater shall discharge initially to standoff Rising Main discharge header Manhole before discharging to Gravity Sewer connection to Manhole on the public Sewer See Section,What happens when the pumped IW CDS Revision Wastewater discharges?
Specific requirements may be required by the Local Authority for the prevention of Storm Water flows from basements via access points provision of petrol oil interceptors on Storm Drain etc,What are the requirements for the prevention of Storm Water flows from basements via access points?
Marker Tape All sewers and rising main pipework shall have on degradable marker tape red or orange in colour installed above the crown of the pipework or above the granular surround material and directly above the centreline of the Pipe,What is Marker Tape??
It shall be tied to rising main fittings valves at depth of and terminated at the pumping station,What is a pumping station??
The tape shall be wide brown polyethylene material in accordance with IS EN Plastic Warning Devices for Underground Cables and Pipelines with Visual Characteristics,What is the purpose of the tape??
Plastic pipes and concrete pipes shall have warning mesh incorporating polypropylene reinforced band of stainless steel tracer wire,What is the purpose of a warning mesh??
Service Connections shall have wide tape laid at the same depths as outlined above,What is the length of tape laid at Service Connections??
Indicator Marker Plates and Posts Indicator plates shall clearly identify scour valve wastewater air valves meter and sluice valve locations,What are the Indicator Plates and Posts??
The plates shall be mounted on marker posts at the back of footpaths or on the boundary wall of the public thoroughfar earest to the hydrant or valve,What shall the plates be mounted on??
The plate shall show the diameter of the Rising Main in mm and the distance from the marker to the fitting in,What is the diameter of the Rising Main in mm??
IW CDS Revision Part Construction Related Issues Construction General Requirements The Developer shall be responsible for ensuring that the Works are properly constructe in accordance with this Code of Practice,What is the Code of Practice??
The Developer shall give otice to Irish ater before construction of the Works commences and shall meet with the Irish Water Field Enginee rs to agree procedures and programme of inspections for quality assurance of the infrastructure installation,What shall the Developer do before construction of the Works commences??
The Works shall be constructed strictly in accordance with design which has been submitted by the Developer to Irish Water and which has been asses sed and accepted by Irish Water,What has been submitted by the Developer to Irish Water?
Sewer service connections Rising Main pumping stations and ancillary works shall be constructed taking due cognisance of the requirements of this Code of Practice in manner such that a where relevant materials are i adequately selected mixed or prepared and ii installed sed or fixed to perform adequately the functions for which they are intended b o part of the Works is dama ged or its function impaired by i the method of construction or ii runoff from the construction site entering the Sewer system c damage to existing ecosystems and major trees in the Development site is prevented d soil erosion is minimised e infrastructure installation is carried out in saf healthy and efficient manner f the environment is protected,What are the requirements of this Code of Practice??
All ecessary precautions shall be undertaken to avoid causing damage to or interference with flow in existing water supply systems public Sewer etc,What is the risk of causing damage to or interference with flow in existing water supply systems?
do ot enter the existing Sewer system or any ew Sewer system being installed as part of the ew Development,What is a Sewer system??
All ecessary precautions shall be taken to avoid misconnection of the ew Works or service connections to other utilities to existing Sewer systems or to water bodies that are ot proposed as the disposal route for which the connection is approved,What are the consequences of misconnection of the ew Works or service connections to other utilities?
Construction perations shall be carried out in such manner as to avoid damage to or deterioration of the integrity of adjacent buildings or other infrastructure,What is a Construction Peration??
The construction operations shall be carried out in accordance with the provisions outlined in the Guidance for Control and Management of Traffic at Road Works as published by the Department of Transport Tourism and Sport,What is the purpose of the road works??
All e cessary precautions shall be taken to avoid uf causing damage to or interference with flow in existing public Sewer and shall ensure that debris silt and mud etc,What are the precautions to avoid causing damage to or interference with flow?
On completion of construction all internal surfaces of the Works and access points shall be thoroughly cleansed of all deleterious matter to prevent it passing into the Network,What happens when the Works and access points are cleaned??
The Works shall be tested and inspected to ensure that uf It is fit for all practical purpose leak tight based on the test requirements outlined in Section uf It has been properly cleaned scoured swabbed and disinfected and that water quality testing has been carried out and found satisfactory uf Pipes have ot been damaged deformed or subject to settlements during construction Specific on site surveys shall be carried out to confirm that misconnection of services to Wastewater and to Storm ater Sewer has ot occurred,What are the test requirements outlined in Section uf??
Gravity Sewer pressure pipelines Manhole and inspection chambers shall be leak tight when tested after backfilling based on test requirements outlined in Section,What is the test requirement for a gravity sewer pressure pipeline??
Suitable pipe supports shall be used on vehicles transporting pipes to prevent damage to both internal and external coatings by impact scratching abrasion etc,What a pipe supports shall be used on vehicles transporting pipes to prevent damage to both internal and external coatings?
Purpose made wide fabric slings or suitably designed machines for lifting pipes shall be used uring offloading and or laying of pipes particularly flexible pipes with concrete or IW CDS Revision cement mortar linings to avoid damage and scratches to coatings as well as damage to pipe ends,What are the advantages of laying flexible pipes??
All pipes and fittings sh all be stored off the ground in clean environment to prevent any contamination of the material prior to its use,What happens when pipes and fittings are stored off the ground??
Pressure pipes shall be capped at either end until they are used in the Works to prevent vermin and debris entering them and contaminating the material before their use,What is a capped pressure pipe??
All pipes and fittings and in particular plastic pipes should be kept clear of fuel oils and any material which becomes contaminated should be discarded,What should be kept clear of fuel oils??
Materials and co mponents shall be handled in such manner as to avoid an damage or contamination and in accordance with the applicable recommendations of the manufacturers,What is a damage or contamination??
Plastic pipes shall be carefully examined for flaws in particular for signs of impact damage and scoring,What happens when a pipe is damaged??
No polyethylene pipe shall be installed with scores or cuts penetrating more than of the wall section thickness,What is the wall section thickness??
If after in stallation scores or cuts penetrating more than of the wall section thickness are found the affected pipe length shall be removed and replaced with an undamaged pipe length,What happens if the affected pipe length is removed??
Location of Other Utilities All available records shall be used to identify the location of utility ducts cables pipes etc,What is the Location of Utilities??
Precautions shall be taken when carrying out trial holes and making excavations for pipes and services to ensure o damage is caused to existing services,What is a trial hole??
Trench Widths The trench width shall be kept as arrow as possible but the width must allow adequate room for pipe jointing as well as placing and compaction of pipe bedding haunch surround material and backfill material,What is the Trench Width??
Trench widths at the level of the top of the pipe should generally be as arrow as safe working conditions will allow with desirable minimum width of plus the external diameter of the pipe barrel or mini mum trench width of,What should Trench widths at the level of the pipe be??
Trench widths for pipe sizes up to diameter may be less than subject to consideration being given to the trench depth health and safety consid eration and access requirements,What is the trench depth health and safety consid eration and access requirements??
IW CDS Revision In ground that contains ashes chemicals or material that could accelerate corrosion or deterioration of the pipe contact shall be made with the Environmental Protection Agency in relation to contaminated soil disposal requirements,What is contaminated soil disposal requirements??
Edges of trenches in bituminous or concrete roads footpaths and hard surfaces shall be cut using concrete saw or other equivalent mechanical means in advance of breaking through the paved surface above the trench position,What shall trenches be cut using??
This shall be carried out in all instances to reduce damage to the remaining hard surface and to restrict over break of the trench,What shall be done to reduce damage to the remaining hard surface and to restrict over break of the trench?
Where the trench base is through rock or shows recurrence of hard objects the material shall be excavated and allowance should be made for an additional thickness of bedding of at least and the void backfilled with Clause granular material in accordance ith the Transport Infrastructure Ireland formerly National Roads Authority Specification for Road Works,Where the trench base is through rock?
Soft spots in the trench base shall be excavated out and replaced with Clause material as outlined in Section below,What shall be the replacement material??
Cleaning Pipes Before installation all pipes for inclusion in the Works shall be examined internally for dirt stones or any foreign matter and shall be thoroughly cleaned before installation in the final position,What is the condition of the pipes for inclusion in the Works??
To prevent foreign matter or vermin from entering the Works all open ends of laid pipes shall be plugged if work is suspended until the ext pipe is ready for jointing,What shall be plugged if work is suspended??
If proprietary pipe stops plugs are supplied they shall be left in place until just before jointing,What is a pipe stop plug??
Pipe Bedding Haunch and Surrounds Pipe bedding haunch side fill and surround material for buried pipelines shall comply with WIS and its associated Guidance Note IGN UK Water Industry Specifications both updated in,What is required of Pipe Bedding Haunch and Surrounds??
Granular material shall be to designation graded aggregate or designation single sized aggregate complying with the requirements of IS EN and should have compaction factor value ot greater than wh en measured in accordance with EN,What is the compaction factor value??
Both the to designation graded aggregate and the designation single sized aggregate may be used for pipe diameters greater than and up to,What is graded aggregate and what is single sized aggregate??
The designation single sized aggregate sh all be used with pipes or less,What is a single sized aggregate??
he to designation graded aggregate shall be used for pipe diameters of and above,What is graded aggregate used for??
Pipes shall ot be supported on stones or rock at any point along the pipe trench,What is a pipe trench??
Rock shall be excavated to depth of below the pipe invert of the trench required and the void backfilled with Clause granular material in accordance with the Transport IW CDS Revision Infrastructure Ireland formerly National Roads Authority Specification or Road Works,What shall be excavated to depth of below the pipe invert?
The granular bedding material shall be laid above this void backfill material,What is the void backfill material??
All Sewer pipes and Rising Mains either rigid or flexible shall be laid on bed of granular material,What is a granular material??
minimum bed thickness of shall be provided for pipes up to mm diameter,What is the minimum bed thickness for pipes up to mm diameter??
minimum bed thickness of shall be provided for pipe diameters between and,What is the minimum bed thickness of a pipe??
Rigid pipes as minimum will be provided with haunch of granular material to half the pipe diamet er height,What is the pipe diamet er height??
Flexible pipes shall have haunch of granular material and an additional surround of granular material from the top of the granular haunch to minimum depth of above the crown of the pipe,What is a granular haunch??
Bedding and haunch side fill of granular ma terial shall be placed uniformly underneath and on either side of the pipe in layers ot exceeding each layer being compacted by on mechanical tamping until the required depth of bedding an side fill has been achieved,What is the required depth of bedding an side fill??
Where full granular pipe surround is required it shall be placed above the side fill material in similar fashion to bedding and side fill,Where a full granular pipe surround is required?
The minimum depth of pipe surround material above the exte rnal crown of the pipe shall be at least,What is the minimum pipe surround material above the exte rnal crown of the pipe??
This depth shall be increased to where pipes are located adjacent to trafficked areas or where they are installed along roads and footpaths,What is the depth of the pipes??
Care shall be taken that the process of placing of the beddin side fill and surround material does ot displace the pipe from its correct line and level,What is a beddin side fill and surround material??
Where the Sewer or Rising Main is installed along roads and footpaths the minimum cover of granular surround material shall be above the crown of the pipe irrespective of the pipe being either rigid or flexible,Where the Sewer or Rising Main is installed?
The pipe trench above the granular surround in this instance shall be backfilled in accordance with the requirements of Section,Why backfill the pipe trench above the granular surround??
If Sewer or Rising Main is installed in a green field area the minimum cover of granular surround material shall be above the crown of the pipe and the Backfill shall be in accordance with Section,What is the minimum cover of granular surround material??
Pipe prot ection measures may be required to address impact from loading in heavily trafficked areas and to address minimum pipe cover situations,What is the minimum pipe cover situation??
Consultation with Irish Water is required in relation to the provision of these measures,What is required in relation to the provision of these measures?
In order of precedence the protect ion measures may comprise either the provision of reinforced concrete slab designed to spread the imposed traffic load away from the pipe or the provision of full concrete surround complete with flexible joints where required or the use of ductile iron pipe in lieu of the original pipe material provided there are o service connection in this length of pipe,What is a ductile iron pipe??
These alternative protection measures shall extend for the distance where the depth is below the depth limits outlined above,What are the alternative protection measures for the distance where the depth is below the depth limits outlined above?
However the primary approach should be to provide the pipe with the required depth of cover as outlined above in Section to,What is the pipe depth of cover??
The prot ection slab shall be minimum of thick and constructed of concrete to IS EN and reinforced with high tensile reinforcement to BS,What is the thickness of the slab??
Concrete bed haunch and surrounds of pipes shall be minimum thickness of away from the exter al wall of the pipe with an absolute minimum depth of cover above the external crown of the pipe of,What is the minimum depth of cover above the external crown??
The concrete should be in accordance with IS EN aggregate in accordance with IS EN with vertical haunch to the mid point of the pipe in the case of bed and haunch and vertical faces to the full surround,What should the concrete be in accordance with??
The use of ductile iron pipe in lieu of the original pipe material for the distance where the depth is below limits outlined may also be acceptable provided the depth above the crown is ot less than,What is the depth above the crown??
Where soft ground conditions situations where Cal ifornia Bearing Ratio CBR less than exists are anticipated or encountered the soft material shall be excavated and disposed to an approved disposal area in accordance with the aste Management Act,Where soft ground conditions are anticipated or encountered?
Clause granular material in accordance with the Transport Infrastructure Ireland formerly National Roads Authority Specification for Road Works shall replace the entire extent of the excavated material,What shall excavated material be??
Such arrangements relating soft fill material replacement and or pipe supports shall be subject to submission to Irish Water of detailed proposals for review and response from Irish Water indicating agreement is required before advancing with the work,What is required before advancing with the work??
Backfill Backfill material shall be placed above the granular surround material described in Clause,What is the backfill material used??
The use of Clause Backfill material shall also appl where the trench is in green areas running within of roadways and footways,What does Clause Backfill material do??
The first layer of IW CDS Revision backfill above the granular surround shall be compacted in layers,What is the first layer of IW CDS Revision backfill??
Mechanical compaction equipment shall ot be used until there is minimum of of compacted material above the crown of the pipe,What is the minimum of compacted material above the crown of the pipe??
Alternative Backfill material to that described above Clause or Clause of the pipe trench will only be allowed by Irish Water where the Roads Autho rity in whose functional area the Development is located provides written approval to the Developer for the use of such alternative acceptable material,What is Alternative Backfill material to that described above??
Evidence of this written approval to use alternative acceptable Backfill material shall be provided to Irish Water in advance of the commencement of construction on site or in advance of the issue of the Connection Agreement provided construction has ot commenced on site,What is a Connection Agreement??
The relevant Roads Authority should specify this alternative acceptable Backfill mat erial and this should require compliance with the definition of acceptable material as outlined in Clause of the TII Specification for Roadworks Series Earthworks Table with the specific Class of acceptable material clearly ominated by the relevant Roads Authority in the written approval,What is acceptable Backfill mat erial??
The opening backfilling and reinstatement of trenches on National Roads shall be in accordance with the TII Specification for the Reinstatement of Openings in National Roads July unless otherwise specified,What is TII Specification for the Reinstatement of Openings in National Roads July??
In the case of any discrepancy between this Code of Practice and the Guidelines for the Opening Backfilling and Reinstatement of Trenches in Public Roads or the TII Specification for Road Works where pipes are located in Public Roads this Code of Practice and thei associated Standard Details shall take precedence,What is the difference between this Code of Practice and the Guidelines for the Opening Backfilling and Reinstatement of Trenches in Public Roads or the TII Specification for Road Works??
Selected excavated material may be used as trench backfill in green field areas above the granular pipe surround material with the approval of Irish Water,What is used as trench backfill in green field areas??
This selected back fill shall comply ith the requirements of acceptable material as outlined in Clause of the TII Specification for Roadworks Series Earthworks Table Class Class Miscellaneous Fill and is generally referred to as Type fill,What is a Type fill??
It shall be uniformly compactable material free from clay lumps greater than stones greater than tree roots vegetable matter any kind of building rubbish etc,What kind of building rubbish is it??
This material shall be placed in layers ot exceeding in depth and compacted in accor dance with the Transport Infrastructure Ireland formerly National Roads Authority Specification for Road Works,What is the Transport Infrastructure Ireland Specification for Road Works??
IW CDS Revision Where Sewer pipelines are installed traversing public road the backfill material above the granular surround shall comprise cement bound ranular material CBGM Category in accordance with the TII Specification for Road Works Series,What is the backfill material above the granular surround?
Anchor Thrust Support Blocks for Rising Main Gentle curves may be formed in the Rising Main pipeline by angular deflection of the pipe joint,What is a Gentle curve in the Rising Main pipeline??
The maximum angular deflection of each joint shall ot exceed the manufacturer recommendation,What is the maximum angular deflection of each joint??
At the locations detailed below where pipes eed to be restrained against movement under pressure concrete thrust blocks shall be provided,What is a concrete thrust block??
Except where welded polyethylene pipes or self anchoring joints are used thrusts rom bends and branches in Rising Main shall be resisted by concrete thrust blocks cast in contact with undisturbed ground,What are the thrust blocks cast in Rising Main??
The thrust blocks shall be designed in accordance with CIRIA Re port Guide to the Design of Thrust Blocks for Buried Pressure Pipelines,what is thrust block design for buried pressure pipelines??
Anchor and support blocks shall be constructed with concrete in accordance with IS EN aggregate size in accordance with IS EN,What is the difference between an anchor and a support block??
Anchor thrust blocks shall be provided on Rising Main at bends of curvature of degrees or greater at both sides of air valve chambers at any abrupt change in vertical or horizontal direction at scour fittings and at any location where liquid pressure is likely to distort the pipe line installation or cause disproportionate movement,What is a scour fitting??
Plas tic and polyethylene pipes shall be wrapped in compressible filler board in accordance with IS EN and IS EN with an outer plastic sheeting having composition in accordance with BS before being cast against or into anchor thrust blocks,What shall be the composition of the pipe??
Where th is is unavoidable the fittings bolts shall be wrapped in protective on biodegradable tape,Where th is is unavoidable?
Support blocks of con crete grade in accordance with IS EN aggregate size in accordance with IS EN or special pipe support arrangements including piling beam supports etc,What is a pipe support arrangement??
are required where Rising Main pipes are laid in IW CDS Revision boggy or swampy conditions,What are the conditions where Rising Main pipes are laid??
Special support blocks are also required to anchor pipes where gradients are or greater,What is the difference between a gradient and a pipe??
Design of supports piles ground beams should be provided to Irish Water for assessment and review and additional information may be required to complete this assessment,What is required to complete this assessment and review??
The Developer shall advise and seek review by Irish Water Connection and Developer Services where it is proposed to install rising mains with gradients that are steeper than,What is the Developer's view??
While chorage is required to resist thrust it is ot ecessarily required at junctions or bends where fully tegrated fusion weld PE pipe system is in place,What is the fusion weld PE pipe system??
Compressible filler board in accordance with the provisions of IS EN Part to Part wrapped in plastic sheeting having composition in accordance with BS shall be provided for protection between the concrete and the polyethyl ene pipe,What is the composition of the polyethylene pipe??
Testing of Gravity Sewer and Manhole The Works shall be tested by the Developer as work progresses and on completion of construction of specific pipe lengths,What shall the Works be tested by the Developer??
The main pipeline shall be air or water tested in accordance with the requirements of IS EN and IS EN,What are the requirements of IS EN??
The test of Gravity Sewer and Manhole shall be conducted in the presence of representatives of Irish Water or its agents,What is the test of Gravity Sewer and Manhole??
Gravity Sewer condition survey CCTV shall be carried out by competent inspection contractor in accordance with Section above,What is a Gravity Sewer condition survey CCTV??
The pipe test shall be conducted after the Gravity Sewer is installed and jointed and before any concreting or backfilling commences,What is a pipe test??
The air test shall be carried out in accordance with IS EN to either LA or LC requirements as outlined in Table of IS EN,What shall be the air test??
drop of less than over period of further to minutes depending on the pipe diameter without further pumping will give rise to positive test result,What will give rise to positive test result??
An air test to LC standards as outlined in Table of IS EN will be required where the water able is likely to be high,Where the water able is likely to be high?
This involves the pumping in of air to the gravity pipework until pressure of of water is applied,What happens when pressure of water is applied to the pipework?
The pipe is left to stand for minutes to permit IW CDS Revision pressure stabilisation before commencement of the test,What happens when the pipe is left to stand?
drop of less than over period of further to minutes depending on the pipe diameter without further pumping will give rise to positive test result,What will give rise to positive test result??
Failure of the air test is ot conclusive when failure does occur CCTV survey shall be carried out to identify the defect in the Gravity Sewer indicate the repairs required,What is the condition of the Gravity Sewer??
The water test is to be carried out in accordance with the requiremen ts of EN,What is a water test??
The water test involves the filling of the pipeline to depth of above the crown at the high end Manhole of the pipe while ensuring that the water level above the crown of the pipe at the lower end does ot exceed depth of Steeply graded pipelines shall be tested in stages in cases where the maximum head as stated above would be exceeded if the whole of the section were tested in one length,What is the water level above the crown at the lower end??
The pipeline shall be filled with water and allowed to stand for minimum period of one hour after filling to allow absorption topping up as ecessary to the original level before starting the test,What happens when the pipeline is filled??
The rate of water loss shall ot exceed litres refers to the total area of the wetted internal surface where pipelines are tested on their own,What is the rate of water loss??
On that basis the maximum water loss for length of Sewer over the test period would be litres for mm pipe litres for pipe litres for mm pipe etc,What is the maximum water loss for length of Sewer over the test period??
This threshold water loss may be interpolated from the above for the various ength of the Sewer under test between Manhole Where pipelines and Manhole are tested together the rate of water loss shall ot exceed litres refers to the total area of the wetted internal surface,What is the rate of water loss??
The water test shall be conducted in the presence of an Irish Water field engineer or an Irish Water agent supervisor,What is a water test??
The proportion of Manhole to be tested in each Development will be at the discretion of the Irish Water field engineer and will depend on the umber of Manhole being provided,What proportion of Manhole will be tested in each Development??
Manhole shall be substantially watertight with o discernible water loss out of or infiltration into the structure,What is the watertightness of the structure??
The test comprises the following uf Filling the Manhole up to the up to the soffit level of the cover slab below ground level of the Manhole uf Allowing the water to set for period to allow for conditioning usuall hour is sufficient longer period may be required in dry weather,What is the condition of the Manhole??
The exfiltration test shall be carried out before backfilling of the Manhole and when the cast concrete Manhole or the surround of pre cast ring Manhole is in place and cured,What is the exfiltration test??
The infiltration test shall to be carried out in accordance with Clause of the Civil Engineering Specification for the Water Industry CESWI subject to any amendments outlined below,What is the infiltration test??
The infiltratio test may also be carried out on the pipeline alone or on the Manhole and the pipeline,What is the infiltratio test??
uf All inlets to the Manhole or the Manhole and pipeline are effectively closed off,What is the difference between a manhole and a pipeline??
uf For the infiltration test on the Manhole only the test requirement is satisfied if the amount of water leaking into the Manhole in minute period does ot exceed litres per square meter of wetted internal surface area of the Manhole,What is the test requirement on the Manhole??
uf For the infil tration test on the pipelines only the test requirement is satisfied if the amount of water leaking into the pipeline in minute period does ot exceed litres per square meter of wetted internal surface area of the pipeline,What does the amount of water leaking into the pipeline in minute period exceed??
uf If the pipeline and he Manhole are being checked for infiltration the test requirement is satisfied if the amount of water leaking into the Manhole and pipeline in minute period does ot exceed litres per square meter of wetted internal surface area of the pipeline and the Manhole,How much water leaking into the Manhole and pipeline in minute period does ot exceed litres per square meter?
Discharge of the test water to Network shall ot ta ke place without Irish Water express approval,What happens when Irish Water express approval is not obtained??
Pipes ot within the Attendant Grounds which will be the responsibility of individual property owners should also be tested to achieve satisfactory air test result in accordance with the relevant section of the Technical Guidance Document associated with the Building Regulations,What should individual property owners do to achieve satisfactory air test result??
Pipes ot wi thin the Attendant Grounds will be the responsibility of individual owners shall be dye tested to trace the pipe and ensure proper connectivity to the appropriate Network Wastewater Drain to the Wastewater Sewer and storm Drain to the torm Water Sewer,How to trace a pipe to the Attendant Grounds?
The Irish Water field engineer may instruct the Developer to carry out random inspections and dye surveys and CCTV surveys if ecessary to confirm the proper connection of the services to the Network These surveys shall be carried out at the Developer cost and in the presence of the Irish Water field enginee if deemed necessary,How to carry out random inspections and dye surveys?
IW CDS Revision Pressure Testing of Rising Main General The Rising Main shall be pressure tested following installation of the pressure main on site,What should Rising Main be pressure tested following installation of the pressure main on site?
Rising Main shall be tested after they are jointed and before full backfilling commences in as far as practicable,When shall Rising Main be tested??
The following general requirements are relevant uf To avoid airlocks there must be suitable air valves on the pipeline uf Filling must proceed slowly preferably from the lower side uf The test must be hydrostatic and shall take place between blank flanges bolted or welded to pipe ends or end caps fully supported by anchor blocks uf All pressure gauges used for the monitoring of tests must be plate sized pressure gauges or digital loggers with an appropriate pressure range consistent with the pressure being measured properly calibrat ed with calibration records available for inspection to ensure that any losses can be adequately monitored,What are the requirements of a hydrostatic test??
All the exposed parts of the pipeline including the chambers shall be visually checked and any leaks or damp spots rectified,What should leaks or damp spots be corrected??
Discharge of the test water to Network shall ot take place without Irish Water express approval,What happens when the test water is discharged to Network??
Testing of Ductile Iron Pressure Pipelines Testing of Ductile Iron Rising Mains shall be undertaken in accordance with IGN Guide to Testing of Pressure Pipes and Fittings for Use by Public Water Supplie rs October,What is the Test of Ductile Iron Pressure Pipelines??
formal test report to the requirements of Irish Water shall be submitted to Irish Water Field Engineers giving the complete details of the test that was IW CDS Revision carried out in accordance with Section of IGN regardless of the result of the test,What was the result of the test??
The system est pressu re STP on the Ductile Iron Rising Main shall be times MDP at the lowest point of the pipe,Why is the Ductile Iron Rising Main a STP??
MDP is pressure equivalent to the sum of the maximum continuous operating pressure of the pipeline plus an allowance for surge pressure,What is a MDP??
The allowance for surge pressure where this is ot known shall ot be less than bar,What is ot known about surge pressure??
The maximum continuous operating pressure of the pipeline may ot be known in every case,What is the maximum continuous operating pressure of the pipeline??
In any event the system test pressure on the Ductile Iron Main shall be at least bar,What is the system test pressure on the Ductile Iron Main??
In all instances the test pressure should ot be greater than times the maximum pressure of the lowest rated component the pressure that component can withstand continuously in service,What is the test pressure of the lowest rated component??
For iron pipes with epoxy lining the settlement test should be completed in minutes,What is the settlement test for iron pipes with epoxy lining??
Where Ductile Iron pipes have cement linings the Rising Main should be allowed to settle for hour period,What should the Rising Main do??
The pressure in the pipeline shall then be raised steadily until the specified test pressure is reached in the lowest part of the section and the pressure shall be maintained at this level by pumping if ecessary for period of one hour,What is the test pressure in the pipeline??
If there is less than air in the main the pressure should rise at uniform rate,What is the pressure in the main??
The pump shall then be disconnected and o further water shall be permitted to enter the pipeline for further period of one ho ur,What happens when o further water enters the pipeline for further period of one ho ur?
The original pressure shall be then restored by pumping and the loss measured by drawing off water from the pipeline until the pressure as recorded at the end the test is again reached,What is the loss measured by drawing off water from the pipeline??
The acceptance criteria for the pressure test shall be those outlined in Section Table of IGN,What are the acceptance criteria for the pressure test??
If the pipe fails to meet the acceptance criteria the test shall be stopped and the excess water bled carefully rom the system until only static head remains,What happens if the pipe fails to meet the acceptance criteria?
IW CDS Revision In addition to any tests on separate sections the whole pipeline shall be tested on completion to the same pressure and by the same procedure as that outlined for individual sections,What is a test on completion??
Testing of Polyethylene Pipelines It is ot ecessary to have any preliminary test for polyethylene PE pipes,What is a preliminary test for polyethylene PE pipes??
The testing of PE Pressure Pipelines which are ot coiled pipes or where all the joints are ot visible during the test shall be carried out in accordance with the requirements of IGN Guide to Testing of Pressure Pipes and Fittings for Use by Public Water Supplie rs October,What are the requirements of IGN Guide to Testing of Pressure Pipes and Fittings?
formal test report to the requirements of Irish Water shall be submitted to Irish Water field engineers giving the complete details of the test that was carried out in accordance with Section of IGN regardless of the result of the test,What was the result of the test??
The system test pressure STP on the PE Rising Main shall be times MDP at the lowest point of he pipe,What is the test pressure STP on the PE Rising Main??
MDP is pressure equivalent to the sum of the maximum continuous operating pressure of the pipeline plus an allowance for surge pressure,What is a MDP??
The allowance for surge pressure where this is ot known shall ot be less than bar,What is ot known about surge pressure??
The maximum continu ous operating pressure of the pipeline may ot be known in every case,What is the maximum continu ous operating pressure??
In any event the system test pressure on the PE Rising Main shall be at least bar,What is the test pressure on the PE Rising Main??
If the onsite test pressure is to exceed this check hall be carried out to ensure that the fittings can withstand the pressure for the test duration,What is the onsite test pressure??
The acceptance criteria for the pressure test shall be those outlined in Section of IGN,What is the acceptance criteria for the pressure test??
If the pipe fails to meet the acceptance criteria the test shall be stopped and the excess water bled carefully from the system,What happens if the pipe fails to meet the acceptance criteria?
After leaks are found and repaired the test shall be repeated but only after time greater than four times the total original test time has elapsed to allow for complete creep deformation recovery,What is a creep deformation recovery??
IW CDS Revision Connections The mode of connection and layout of any junctions or connections between pipes whether at Manhole inspection chambers access points or otherwise shall be designed to minimise the risk of blockage,What is the risk of blockage??
In all cases private side inspection chamber is required on each wastewater service connection in accordance with Section above,What is a private side inspection chamber??
As far as practicable junctions and connections shall be built in for all planned users when Sewer are constructed to avoid damage to the Sewer by installing connections at a later date when the system is live,What is a Sewer??
Where it is ecessary to make post construction connection the upstream end of any unused connection should be sealed until required,Where it is ecesary to make post construction connection?
Where there is Manhole adjacent the connection sh ould be made to the Manhole,What is the connection to the Manhole??
Where there is o Manhole it may be ecessary to construct ew Manhole,Where there is o Manhole?
The vertical angle between the service connecting pipe and the horizontal shall be between degrees and,What is the vertical angle between the service connecting pipe and the horizontal??
Where the connection is being made to Sewer with ominal internal diameter of mm diameter or less connections shall be made using angle branch junctions,What is the angle branch junction??
Retrospective onnections made with junction fittings shall be made by cutting the existing pipe inserting the junction fi tting and jointing with flexible repair couplings or slip couplers,What is a retrospective onnection??
For connection being made to Sewer with ominal internal diameter greater than mm the following shall apply a where the diameter of the connecting pipe is greater than half the diameter of the Sewer an access Manhole should be constructed to form the Connection Point or b where the diameter of the connecting pipe is less than or equal to half the diameter of the Sewer then the connection should be made using preformed Y branch fitting with deg,What should be used for connection to Sewer??
long radius bend to form the connection to the Works Connections made with saddle fittings to concrete pipes shall be made by cutting and safely removing core from the pipe and jointing the saddle fitting to the pipe in accordance with the manufacturer instructions to ensure watertight joint,What is a saddle fitting??
Connections to VC or structured wall pipes shall be achieved by installing junction connections pieces as the pipe is installed,What is a junction connection piece??
IW CDS Revision The use of branch or saddle connections to the Sewer may be allowed subject to Irish Water review provided the branch or saddle incorporates swept connection to direct Wastewater in the same direction of flow in the Sewer,What is a swept connection??
Saddle connection shall only to be provided for connections to existing Sewers subject to Irish Water approval,What is a Saddle connection??
The service connection pipe between the Sewer connection fitting and the property Curtilage boundary shall be installed with generally o more than two long radius deg,What is a Sewer connection fitting??
bends to orientate the service connection from horizontal to vertical towards the Sewer connection point,What is the Sewer connection point??
It shall be tested to achieve satisfactory air test result as outlined in Section above,What is a satisfactory air test result??
Protection against Flooding The layout of the Works shall minimise the risk of,What is the risk of Flooding??
damage to property from flooding in the event of excessive flows blockage or failure of pumping stations on the system,What happens when excessive flows blockage or failure of pumping stations?
In designing the Development site layout and the Works designers shall also demonstrate flow paths and the potential effects of flooding resulting from blockages pumping station failure or surcharging in downstream combined Sewer by checking the ground levels around the likely points that wastewater would flow from the system to identify the flood routes,What are flood paths and the potential effects of flooding resulting from blockages?
IW CDS Revision Part Pumping Stations Pumping Stations Provision It may be ecessary to corporate pumping stations in the Works,What is a Corporate Pumping Station??
This Section of the Code of Practice outlines Irish Water requirements on such installations,What are the requirements of Irish Water on such installations??
These requirements apply to small to medium sized pumping stations which will be designated as Type Type and Type pump stations in the following Sections,What are the requirements of a Type Type pump station??
Small pumping stations designated as Type are those serving typically five dwellings or less,What is a Type pumping station??
Pumping stations serving typically six twenty dwellings are designated as Type will be regarded as mid range sized pumping stations,What is Type of Pumping Station??
Medium sized pumping facilities are designated as Type will serve more than twenty dwellings with an upper limit overall power capacity of less than installed power,What is the upper limit of a pumping facility??
Pumping stations of large capacity are ot ormally required in Development that are the subject of this document,What is the subject of this document??
The specific requirements associated with these types of pumping stations are ot covered in this Code of Practice,What are the specific requirements associated with pumping stations??
However there may be ecessity to collect Wastewater in low lying areas and lift it to Gravity Sewer or to pipe connected to the ultimate treatment location,What is a Gravity Sewer??
Wastewater pumping stations or pumped systems shall only be used where their whole life cost is less than the cost of conventional ravity systems over period of years based on Net Present Value NPV assessment and where the proposed Wastewater system is consistent with Irish Water technical design vetting assessment acceptance,What is a Wastewater pumping station or pumped system??
Full gravity Works shall be provided unless the physical conditions of the site do ot allow this,What is a Full Gravity Works??
Pumping stations will only be Vested by Irish Water where the Developer can provide clear evidence that pumping station is required as outlined above in the Design Submission Section,What is a Design Submission Section??
In all cases the impact on the downstream in frastructure existing Sewers umping stations and Wastewater treatment plants shall be taken into consideration when proposing and designing pumping stations,What is the impact on the downstream in frastructure?
It may be ecessary to curtail the discharge rate provide balanced storage etc,What is a discharge rate??
Pumping stations shall be fully automat ed with provision made for future remote monitoring by telemetry as outlined below in Section,What does telemetry do??
outside the curtilage of the site shall be served from this metered power supply,What is a power supply??
All pumping station plant and equipment shall be fully tested to ensure adequacy and to establish that the pumping station as whole is fit for purpose for its intended us The testing shall be carried out with water before allowing Wastewater into the facility,What shall be tested before allowing Wastewater into the pumping station?
shall be demonstrated to Irish Water personnel prior to commissioning of the plant with Wastewater and the results of these tests shal be included in the Final Documentation,What are the results of these tests??
All operation and aintenan ce anuals As Constructed Drawings Control Panel Wiring Diagrams Control Philosophies Safety File etc,What is a Control Panel Wiring Diagram??
shall be provided as part of the Final Documentation to Irish Water personnel prior to commissioning in accordance with Section of this Code of Practice,What is the Final Documentation??
The ownership of the pumping station structures and associated plant kiosks Chambers etc,What is the ownership of the pumping station structures and associated plant kiosks??
shall only vest in Irish Water on issue of the Conformance Certificate,What does the Conformance Certificate mean??
The land on which the pumping station and associated plant is located shall be the subject to Grant of Deed of Easement for the benefit of Irish Water,What is the grant of Deed of Easement??
The access route and parking areas associ ated with the pumping station shall be the subject of Right of Way Agreement,What is the Right of Way Agreement??
Arrangements for Vesting of the completed Pumping Station shall be in accordance with Irish Water requirements as outlined in the Connection Agreement,What are the requirements for Vesting of the completed Pumping Station??
To ensure that Wastewater flooding does ot occur at or upstream of the pumping station during ormal operation or during plant or power failure additional storage shall be provided at all pumping stations,What is Wastewater flooding at or upstream of the pumping station??
This storage shall be prov ided above the highest pump cut in le vel and shall ensure that surcharging of the collection system does ot impact any existing or possible future connections,What is a surcharge system??
The emergency storage requirement will be reduced for larger developments in accordance with Section below,What is the emergency storage requirement??
Specific Minimum Requirements Specific minimum requirements for pumping stations are as follows Pump stations to have minimum of two submersible pumps All pipework and fittings within the pump station shall be ductile iron to IS EN with appropriate colour and marking Pumps to be provided on duty standby control arrangement or if more than two pumps required the arrangement to be duty assist standby IW CDS Revision Plate to be provided in the kiosk to allow omination of the pump Pump No Pump No etc,What are Specific Minimum Requirements?
Electrical co trol and telemetry equipment and installation to be carried out in accordance with Section to Section below Electrical and control equipment to be located in vandal resistant kiosk or structure situated adjacent to but offset from the pumping station Emergency Wastewater storage capacity to be provided in all pumping stations and equipped with appropriate self cleaning wash down facilities along septicity and odour mitigation provisions Access for operation and maintenance vehicles including vacuum tanker vehicles to be provided dedicated metered power supply to be provided to the pump station serving only the pump station equipment and associated plant The pump station shall be made ready to facilitate the installation of telemetry plant for data reporting to Irish Water central facility Alert system and call out emergency response to be provided in the event of plant breakdown or malfunction Flow metering facilities to be provided on the Rising Main as appropriate complete with meter chamber isolating sluice valves etc,What is required of a pumping station??
Odour control equipment to be provided to eliminate the risk of odour nuisance arising comprising vent column complete with passive odour control Lifting equipment to be provided for the removal of plant and equipment See Section below Safety equipment comprising lifting davit safety harness etc,What is the risk of odour nuisance arising?
to be provided for controlled and planned safe access for the wet well Pump stations wet well and valve chamber to be provided with pipework to allow emptying of the Rising Main and wet well by vacuum tanker Suitable safe access to all components of the pump station including all operational chambers inlet manhole wet well valve chamber and flow meter chamber for operating maintenance and possible future replacement Safe working areas around the various components of the pumping station as listed in Section above,What is safe access to the wet well??
Layout of Pumping Station Subject to Planning Permission requirement he layout of the pumping station site and access road shall be arranged so that There is sufficient space to acc ommodate vacuum tanker off road and large van or mobile pump generator within the site There is sufficient space between the various units on the site to enable maintenance operations and equipment replacement to be carried out especially between the pump station sump valve chamber and control equipment kiosk or structure IW CDS Revision There is sufficient space to carry out the chosen method of pump maintenance and installation of temporary pumps The doors to control kiosk open safely and provide sufficient room for operators to safely carry out maintenance repairs or replacement The eed for personnel entry to confined spaces is minimised The inlet pipe is above the highest cut in level of the pumping plant units The pump delivery pipework within the wet well is preferably opposite to the inlet Sewer with sufficient baffling facilities comprising stainless steel baffle plate and stainless steel associated fixings to protect the pumping plant The access is sufficiently wide to accommodate vacuum tanker large van or mobile pump generator Access is provided to the pumping station site is via the access road suitably designed and constructed for such access with appropriate safe sight distances Adequate site security and emergency lighting using LED is provided to achieve lux at ground level with intensity adjustment appropriate for the site location complete with photoelectric cell controller and over ride control switch No overhead obstructions or electrical cables are located at or ear the site that could pose risk of electrocution as outlined by safety risk assessment The location of the pumping station is ot susceptible to flooding Security fencing will ot be required except in exceptional circumstances as outlined in Section below,What is a Pumping Station Site and Access Road??
The site of the pumping station and access road thereto shall be of sufficient width gradient and suitably surfaced to ensure reasonable access for Irish Water vehicles plant and operatives and to facilitate the various maintenance operations including emptying of contents provision of stand by generation plant etc,What shall the pumping station and access road thereto be of??
Before the location of pumping station is decided the Developer shall consult with the electricity and telecommunications providers on the availability and cost of providing the requisite power supply the supply characteristi cs the security of supply and Easement,What is the cost of providing the requisite power supply??
The Developer shall also carry out GMS signal strength survey for for the telemetry system at the station can be transmitted from the transmitter an received at the reception point,What is a GMS signal strength survey??
The electricity and telecommunic ations supply arrangements and GSM survey shall be the Developer responsibility and cost and these shall be provided for the exclusive operation of the pumping station,What shall be the Developer's responsibility and cost??
The last access Manhole on the Gravity Sewer system upstream of the pumping station shall be located adjacent to the wet well within the site of the pumping station compound,What is the last access Manhole on the Gravity Sewer system?
Th is inlet Manhole upstream of the wet well shall be fitted with hand operated isolating penstock,What is inlet Manhole??
IW CDS Revision Location of Pumping Station Small pumping stations Type shall be located o closer than to property boundary in order to minimise the risk of odour oise and vibration uisance,What is a Pumping Station Revision Location??
This distance shall be increased to for mid range sized pumping stations Type and to for medium sized pumping stations Type,What distance shall be increased to for mid range sized pumping stations Type?
The distance shall be measured from the pumping station site boundary to the boundary of the earest habitable commercial industrial or mixed use property,What is the distance between the pumping station site boundary and the earest habitable commercial industrial or mixed use property boundary??
This distance may be subject to change depending on local circumstances and early discussions with the Planning Autho rity and Irish Water,What is the distance between Dublin Water and Dublin City??
Facilities for odour control shall be installed comprising vent stack with passive and or forced odour control systems to ensure that the pumping station will ot create odour uisance impact due to being located in close proximity to dwellings and public areas,What is a odour control station??
The site layout shall included and indicate the requisite dimensional requirements from adjoining property boundaries location of odour control unit vent stack,What are the requisite dimensional requirements from adjoining property boundaries?
The pumping station shall ot be located within public or private road at the end of private driveways in locations which may be used for vehicle parking in places where maintenance work may obstruct rights or way emergency vehicle access or here there is risk of harm at the pumping station from moving vehicles to operatives carrying out maintenance renewal replacement and upgrade activities,What is the risk of harm at the pumping station??
The location shall be chosen so as to allow safe and reasonable vehicular access for the purpose repair and maintenance,What is the location of the repair and maintenance site??
The access road gradient shall be as level as possible or within acceptable road gradient appropriate for the maintenance vehicle requiring access to the site,What is the road gradient for the maintenance vehicle requiring access to the site??
Provision shall be made for access by tanker to empty the contents of he wet well and any storage facility in the event of failure,What should tankers do in the event of failure of he wet well and any storage facility??
The tanker size will depend on that which is available to Irish Water or its agents for emptying of the facility but access for Heavy Goods Vehicles such as an tanker shall be provided as minimum,What size tanker is available to Irish Water or its agents??
The pumping station shall ot be located in areas that are susceptible to flooding at frequency of more than year recurrence,What is a pumping station??
The finished slab level of the pumping station shall be positioned above the ye ar flood level,What is the finished slab level??
A Flood Risk Assessment confirming compliance with this Section of this Code of Practice dealing with flo od risk analysis as required in the Design Submission if applicable as outlined in Section above,What is a Flood Risk Assessment??
IW CDS Revision Fencing and Boundary Security It should be oted that the Local Authority Planning Department may determine the requirements for fencing site layout control plant kiosk structure etc,What is Fencing and Boundary Security??
The pumping station shall be secure in its own right without having to rely on security fencing,What is the pumping station's security level??
Fencing of pumping stations sites is ot required by Irish Water and will only be necessary in exceptional circumstances,What is a pumping station site??
Irish Water shall be consulted in relation to the need or otherwise for the fencing of pumping station sites and its decision will be determined having considered public safety the likelihood of vandalism the depth of the pumping station structures the extent and type of pedestrian traffic and whether special activities are taking place on the site,What is the likelihood of vandalism and whether special activities are taking place on the site??
The security rating shall be in accordance with Irish Water security policy and the fence security rating is to be agreed with Irish Water in advance,What is the fence security rating??
Palisade fencing where provided shall comply with IS EN comprising No thick pales with gaps welded to o mild steel rails mm angles,What is the requirements of IS EN??
Wire mesh fencing where provided hall comply with IS EN comprising an mesh system spacing with galvanised and plastic coated finish,What is the IS EN standard for wire mesh fencing??
The fence pillars bracing runners diagonals gate posts and gates etc,What are the fence pillars bracing runners?
shall be in accordance with the manufacturer instruction and the designs shall be provided to Irish Water for review and vetting,What is a design for Irish Water??
The gate posts pillars and bracing shall be supported in concrete bases Grade to IS EN of suitable size to re sist imposed loadings,What are the concrete bases for the gate posts??
Similar type access gates to the palisade or wire mesh fencing panels as appropriate shall be provided,What type of access gates shall be provided to the palisade or wire mesh fencing panels as appropriate??
The access gates shall be pr ovided with slide bolts shooting bolts and padlocks,What is the difference between a slide bolt and padlock??
If opening outwards the access gates shall be set back from parking and access areas by the width of the leaf of the gate,What is the width of the leaf of the gate??
Gate hinges shall be designed so that it is impossible to remove the gate by ifting when it is closed and locked in position,How to remove the gate by ifting?
Drop bolts shall be fitted to each gate leaf in such way that they IW CDS Revision cannot be removed but that they allow the gate to be secured in both the open and closed position,What is a gate leaf??
In certain circumstances pedestrian gate shall be provided in the security fence if required by Irish Water,What if a gate is provided in the security fence??
Anti burrow features shall be provided for circumstances where Enhanced Security is required by the provision of wide by deep concrete sill along the base of the fence line,What is required by the provision of wide by deep concrete sill along the base of the fence line?
The colour of the fence access gates and Accessories shall be holly green in accordance with BS,What is the colour of the fence access gates and Accessories??
In this circumstance steel access gate shall be provided as outlined above,What is a steel access gate??
On Site Parking and Hard Standing It shall be oted that the Local Authority Planning Department may determine the requirements for on site parking under the Planning Permission,What are the requirements for on site parking and hard standing??
Small medium and mid range sized pumping stations located off public roads with adequate parking or dedicated lay by will ot require dedicated on site parking,What is a pumping station??
Where access is from traffic sensitive street or other major road or where parking is ot available wit hout obstructing the road provision shall be made for adequate parking in lay by for a tanker adjacent to the site,Where access is from traffic sensitive street or other major road?
If access is from public road the pump station location shall be set back from the edge of the road for distance of one vehic le length based on the largest vehicle accessing the site,What is the largest vehicle accessing the site??
The access shall also be provided to comply with the most up to date Local Authority Design Manuals particularly in respect of road curves and turning circles,What is a Local Authority Design Manual??
On site hardstanding areas shall be surrounded by pre cast kerb units mm set in bed and haunch of Grade concrete to IS EN or slip formed concrete kerbing installed to match the level of the surrounding ground,What is grade concrete kerbing??
Such hard standing may comprise permeable or impermeable surfaces depending on the ater service activities being carried out on the site and on the sub surface ground conditions at the site,What type of hard standing is required??
Permeable surfaces shall comprise depth of compacte Clause granular material in accordance with the Transport Infrastructure Ireland formerly National Roads Authority Specification for Road Works with layer of single sized aggregate on geotextile weed barrier founded on load bearing subgrade material,What is a Permeable Surface??
IW CDS Revision Impermeable surfaces shall comprise depth of compacted Clause granular material in accordance with the Transport Infrastructure Ireland formerly National Roads Authority Specification for Road Works with either concrete or macadam finish,What is Impermeable??
Where vacuum tanker access is provided or where HGV access is required the hard standing shall be designed to carry such vehicles including tonne ridged or articulate vehicle and shall comprise reinforced concrete slab Grade to IS EN aggregate to IS EN on Clause granular sub base founded on load bearing subgrade material,What shall the hard standing consist of??
For lighter vehicles tarmacadam surfaces comprising wearing course on well compacted regulating course shall be placed on the Clause granular sub base shall be provided,What shall the Clause granular sub base be??
Where hard standing areas are located over locations that have been excavated for const ruction of the wet well valve chamber emergency storage tank and other deep components backfill beneath the hardstanding area shall be carried out with acceptable material as outlined in Clause of the TII Specification for Roadworks Series Earthworks Table Class or material and compacted accordingly to ensure that the sub base is capable to taking the applied loads,What happens when hard standing areas are located over locations that have been excavated?
Hydraulic Design of Pumping Stations The design flow rate of pumping station will depend on the Wastewater flow rate and volume arriving to it from the Gravity Sewer system,What is the flow rate of a pumping station??
Generally pumping stations are designed to limit the umber of pump starts so that the pumping plant is ot damaged by excessive start stop activity generally ot exceeding starts per hour,What is a start stop??
Adequate cooling and ventilation shall be provided in the pump station kiosk to ensure that the VSDs operate within the des ign tolerances with regard to ambient temperature within the space,What is the pump station kiosk to do??
The pumping duration of pump unit shall ot be less than seconds,What is the pumping duration of a pump unit??
The pumping capacity shall ensure that the Wastewater is passed from the wet well and the Rising Main without excessive residence time which might give rise to septic conditions,What is the pumping capacity of the Rising Main??
Generally the combined residence time in the wet well and the Rising Main shall be less than six hours,What is the residence time in the wet well and the Rising Main??
pumped flow rate shall be chosen to achieve at least minimum flow velocity in the Rising Main as outlined in Section above,What is the flow rate in the Rising Main??
The developer is to provide IW with hydraulic calculations as part of his design submission for the proposed pump station as required in Section above,What is required in Section above??
Generally pumping plant shall be si zed to deliver minimum peak flow rate of six times the incoming dry weather flow DWF but pump delivery of three times the dry weather flow DWF may be appropriate if adequate balance storage of the Wastewater IW CDS Revision is provided,What is a peak flow rate??
The rate of pumping shall ensure compliance with the rising main velocity range outlined in Section above,What is the rate of pumping??
Where there are limitations on the capacity of the downstream Network to accept the instantaneous design pumped flows consideration shall be given to adjusting the control philosophy of the pump station to limit the forward flow and therefore reduce the risk of egative impact on the downstream etwork,What is the risk of egative impact on the downstream Network??
This may include but is ot limited to the provision of on site balance storage change to proposed pump model or the use of variable speed drives to limit the flow under conditions where the receiving sewer capacity is reduced and the flow is ot restricted beyond the six hour residence time as set out above,What is ot limited to the provision of on site balance storage?
Such proposals including the roposed control philosophy shall be provided to Irish Water for review and assessment,What is the roposed control philosophy??
Balance storage may be required in association with the pumping station to provide minimum hour and up to maximum hour storage capacity,What is the minimum hour storage capacity??
The balance storage requirement capacity will be reduce for larger Development in accordance with the requirements of Section or with specific advice from Irish Water Connections and Developer Services,What is the balance storage requirement capacity??
The plant shall be configured to allow future retrofitting with tele metry outstation to transfer data from the pumping station to an Irish Water control centre as outlined in Section,What is a tele metry outstation??
For pumping stations where phased development is anticipated the pump station structure shall be provided to facilitate the fully developed site,What is a phased development site??
The pumping plant shall be provided to accommodate the likely medium term anticipated flow provided this does ot create uisance or septicity problem,What is a septicity problem??
some instances twin Rising Main may be required to accommodate the phased flow increase over the life cycle of the pumping facility,What is a phased flow increase??
Where pump station expansion is proposed for future phased development the initial Design Submission See Part Desig Requirements and Design Submissions of th is Code of Practice shall include the design calculations for the phasing of the Pumping Station,What are the design calculations for the phasing of the Pumping Station expansion??
The pumping plant shall be designed to pump against design head comprising combination of the static head and the pipe friction head,What is the design of the pumping plant??
The pumping station design static head for the design flow shall be based on the difference in level between the mid point of the duty pump tart level in the wet well and the discharge point at the header Manhole,What is the pumping station design static head??
The design pipe friction head will depend on the pipe size the pipe fittings velocity in the pipe as well as the friction factor of the pipe material,What is the friction factor of the pipe material??
IW CDS Revision The pumping station shall be provided with an ultrasonic level control system with operator adjustable set points for pump un it cut in and cut out as well as top level cut in and low level over ride cut out,What is an ultrasonic level control system??
Appropriate set points shall be provided if duty and assist pumping plant is included in the pumping station,What is included in the pumping station??
standby pump unit shall be provided if duty assist pumping arrangement is required,What is a duty assist pumping arrangement??
hard wired high level float switch shall be provided in each pumping station and these shall be linked to the telemetry control system,What float switch shall be provided in each pumping station??
The pump units shall operate safely and effectively in accordance with the pump manufacturer instructions such that the pump units do ot exhibit damaging cavitation vibration air locking or surface vortices,What is cavitation vibration air locking??
Pumping Plant Having regard for the provision of Section above in relation to hydraulic design of pumping stations and taking cognisance of phased capacity allowance the pecific minimum requirements for pumping plant are as follows Pumping plant shall be of failsafe design All plant and equipment shall be suitably Ex rated in accordance with the Hazardous Area Classification for the pumping station site Pumping plant shall be duty and standby arrangement or duty assist and standby arrangement Pumps shall be submersible pu mps with automatic decoupling arrangements complete with twin guide rails easy lift etc,What are the minimum requirements for pumping plant??
Pumping plant shall be of proven track record Automatic selection rotation of the duty standby or duty assist stand by pumps shall be provided on an hours run asis with manual over ride Pumps to be sized to pump forward minimum of six times DWF with minimum of three times DWF if storage is provided provided the velocity in the rising main is within the range outlined in Section above Pumps shall be suitable for pumping unscreened Wastewater containing fibrous material and large solids,What a pumping plant shall be of proven track record??
Pumps connected to small diameter Rising Main to be fitted with an anti blockage anti ragging system and additional anti blockage requirements will be required for Rising Main of diameter and less Pumps shall have in general minimum discharge size of Pump control shall be via ultrasonic level transducers located above liquid level in an easily accessible location while ot encroaching or impeding access,What is the minimum discharge size of a pump??
The ultrasonic controller shall be suitable for fascia or panel mounting and shall incorporate umber of relays minimum of five to operate the pump units and alarms according to the required control philosophy IW CDS Revision The pump guide system shall be provided to allow the pump units to be automatically coupled shall the outlet pipework and held in place by its own weight The guide system shall allow the pump units to be lifted to the top of the wet well with out the eed to undo any fixing arrangements or to enter the wet well Anchor bolts shall be stainless steel stainless steel and galvanised steel surfaces shall ot come into contact with each other Pumps to be mounted on cast iron coupling duck foot edestal with automatic decoupling arrangements Pump arrangement shall be provided to allow easy installation and speedy removal from the sump without eed for operator entry to the sump Pumps guide rails shall be of stainless steel grade Pumps shall be provided with certified stainless steel lifting chain designed to IS EN Part suitably sized and fit for purpose with thick links at least and large links ot more than intervals All statutory inspections shall be undertaken duri g the Defects Liability Period,What shall be the requirements of the ultrasonic controller??
particular he stainless steel chains are to be subject to month inspection the lifting chain at the end of the Defects Liability Period shall have current valid certification for further period of months Discharge pipework within the wet well shall be complete with bends radial tee pieces fittings etc,What is a Defects Liability Period??
to link the wet well pipework to the valve chamber pipework Pipework within the valve chamber shall incorporate isolation valves one per pump installed on return valves one per pump installed bends radial tee pieces etc,How to link the wet well pipework to the valve chamber?
Non return valves shall have removable covers ductile iron body with resilient seated disc and stainless steel hinge pin omplete with either lever arm and weight Bends shall be swept slow bends to minimise blockages and pipe friction losses Sluice valves shall be provided with removable hand wheels Flange adaptors shall be provided to permit ease of removal of valves fr om the pipework All pipework and valves shall be of ductile iron to IS EN suitable for use with sewage with PN flanges to BS EN with appropriate colour and designation marking Pump motors shall be high efficiency with Class insulation and IP rating and must meet IE efficiency standards or better Pump efficiency shall be maintained within of its maximum efficiency over the whole of the specified duty range Motors shall include stator over temperature protection in the form of thermistors embedded in each phase of the windings over temperature protection shall automatically re set when the temperature returns to ormal and protection from seal leakage shall also be provi ded IW CDS Revision Pumps shall have maximum speed of rpm,What shall be required of a non return valve??
Pump characteristics shall be stable on overloading and shall be such that the pumps shall operate as close to maximum efficiency at the design point Speeds in excess of this may be allowed in the case on clogging macerator pumps where these are provided Pumps shall be provided with indicator plates providing information for the pump motor etc,What is the design point of the pump??
duplicate stainless steel plate to be provided and mounted in the kiosk or control structure Each pump unit shall be supplied and fitted with cable of suitable length to reach the means of termination which shall be either control kiosk MCC gland plate and terminals or an intermediate junction box in the valve chamber or an interme diate junction box housed in an intermediate kiosk spare ame plate for the pump shall be fixed to the plywood panel support board within the kiosk,What shall be the means of termination??
It is the responsibility of the Plant Designer to ensure that Area Classification is applied to the esign of the pump station and to identify the potential for flammable or explosive atmospheres to develop in or around the pump station,What is the potential for flammable or explosive atmospheres to develop in or around the pump station??
The drawings submitted and the specification of the pump station shall demonstrate the Area Classification of the pump station or otherwise the absence of zoning,What is the Area Classification of the pump station??
Wet Well The wet well of the pumping station can be of rectangular or circular plan section with minimum plan or diameter shape,What is a Wet Well??
The shape of the wet well shall be such that solid matter does ot accumulate in dead spots within the well,What is the shape of the wet well??
The shape of the wet well and its benching as well as the location of the inlet Sewer arrangement shall ensure satisfactory flow conditions to the pump unit to avoid the formation of damaging vortices,What is a vortice??
This is best achieved by installing the incoming Sewe on the centreline between the submersible pump units at depth between and above the pump highest cut in level,What is the pump cut in level??
An inlet baffle shall be provided for the Sewer inlet to prevent excessive aeration of the Wastewater or the interference with ultrasonic beams used for level sensing,What is an inlet baffle??
There shall be minimum capacity between the start and stop level controls to give maximum of starts per hour,What shall be the minimum capacity between the start and stop level controls??
The depth of the wet well shall be suitable to accommodate the incomin Gravity Sewer the pumping plant the minimum pumping storage between cut in and cut out etc,What is the minimum pumping storage between cut in and cut out?
The maximum depth of the wet well shall be below ground level,What is the maximum depth of the wet well??
Wet wells of depth greater than shall require specific approval of Irish Water and wil require the submission of specific detailed design for review,What is a wet well??
An inlet collection Manhole shall be provided just upstream of the pump station wet well in all situations,What is an inlet collection Manhole??
Where there are multiple Sewer draining to the pumping station site IW CDS Revision the inlet collection Manhole will combine flow to the wet well in single inlet pipe,What is the inlet collection Manhole??
Provision shall be made for isolating the incoming flow by means of hand operated valve penstock,What is a valve penstock??
This unit shall be located in the inlet collection Manhole upstream of the wet well and ot in the wet well itself,What is the inlet collection Manhole??
If off line emergency storage is provided for the wet well high level overflow completed with stainless steel baffle to prevent floating solids entering the emergency storage tank shall be provided,What is an off line emergency storage tank??
Benching in the wet well shall be provided to eliminate dead zones within the wet well to prevent siltation or accumulation of debris,What shall be the dead zones within the wet well??
The benching shall start o more than mm from the pump unit volute or in accordance with the pump manufacturer recommendations,What is the pump manufacturer's recommendation??
The area under the pump shall be as small as possible to ensure well cleansing and the flat floor area shall be kept to minimum,What shall be the area under the pump??
The wet well shall be kept to minimum to reduce the amount of benching that is required,What is a wet well??
The wet well shall be designed as far as practicable to eliminate the eed for man entry for maintenance,What is a wet well??
If the wet well is deeper than Irish Water may require add itional safety measures to be installed within the well for maintenance purposes,What if the wet well is deeper than Irish Water??
The wet well shall be constructed using in situ reinforced concrete Grade to IS EN or with pre cast concrete units,What type of concrete will be used??
The wet well shall be water tight for both ingress of groundwater and egress of Wastewater,Why is the wet well water tight??
The minimum factor of safety against flotation for the empty structure subject to groundwater pressure shall be,What is the minimum factor of safety against flotation??
The developer shall submit site specific anti floatation calculations and measures proposed in respect of pump station structures cast in situ or pre cast concrete as required in Section,What is anti floatation??
If constructed with in situ reinforced concrete he wet well structure shall be designed to IS EN Part Design of Concrete Structures Part Liquid retaining and containment structures Tightness Class,What are the requirements for a wet well structure??
The surface finish of the internal surface of the wet well shall be fair faced finish or better obtained using forms to provide hard surface with true clean edges,What is the wet well finish??
Reinforcement used in the wet well structure shall be high yield ste el in accordance with BS EN,What shall be used in the wet well structure??
Joints between the precast components shall provide equivalent water resistance as required in IS EN Part,What is the water resistance of the precast components??
These structures shall be partially or fully surrounded in concrete at lease mm thickness of to IS EN aggregate size to IS EN where required for sealing joints and pipe connection locations unless otherwise agreed with Irish Water,What is required for sealing joints and pipe connection locations??
The pipe manufa cturer recommendations shall be followed where Rising Main passes through the wall of wet well to safeguard against the integrity of the main from differential settlement or movement,What should Rising Main do when it passes through the wall of wet well??
If pipes through the wall are installed in box out openings subsequent filling of the opening shall be carried out with grade to IS EN aggregate size to IS EN concrete to ensure completely watertight structure,What is the watertight structure of the opening??
The Developer shall provide details in all instances of the sealing me thodology where the process pipework passes through the wall of chamber either where the intention is to cast in process pipework after installation or where it is proposed to integrate same in pre cast units,What is the purpose of the sealing me thodology??
The building in of pipes through walls ro ofs and other concrete structures shall be carried out to prevent liquid leakage into or out of the structure,What is leakage into or out of the structure??
The pump station wet well shall be provided with pipework mm minimum diameter terminating from the low side of the sump floor and extending through the wall of the valve chamber,What is the pump station wet well??
Pipework sizes below diameter may be allowed in small capacity pumping station installations with the written approval of Irish Water,What is allowed in small capacity pumping station installations??
This pipe system shall be fitted within the valve chamber with on return valve and male Bauer coupling in the val ve chamber to allow emptying of the Rising Main by vacuum tanker,What is the val ve chamber??
Backfill around the wet well shall be placed so that width of Clause material compacted in layers is provided to ensure adequate support beneath any structures or tructural surrounds,What is a Clause??
Free draining granular material wide shall be provided round the wet well close to ground level of the unit,What is a granular material wide??
IW CDS Revision Emergency Storage Unless specified by Irish Water an emergency overflow to watercourse or Storm Sewer is ot to be provided for Wastewater pumping stations,What is a Wastewater Pumping Station??
Emergency storage is required at each pump station by the provision of larger wet well single separate specifically designed off line storage tank or an enlarged Sewer shall be provided in order to provide additional storage and thereby reduce the risk of localised flooding or pollution during plant or power failure,What is the risk of flooding or pollution during plant or power failure??
If the storage is provided within the wet well he storage capacity shall be accommodated above the high est cut in level ump setting and below the invert of the incoming connected inlet Sewer,What is the wet well storage capacity??
If part of the incoming Sewer is used for portion of the storage it shall be limited to ensure that surcharging of the collection system does ot impact any existing or possible fut ure connections,What happens if a portion of the incoming Sewer is used for storage?
The plan area of the wet well below the high level alarm pump setting shall ot be increased to form any of the required storage,What is the required storage area of the wet well below the high level alarm pump setting?
The minimum factor of safety against floatation for the empty emergency storage structure subjected to grou dwater upward pressure shall be,What is the minimum factor of safety against floatation for the empty emergency storage structure subject to grou dwater upward pressure??
This shall only be used where the maximum groundwater level is accurately known or if ot reliably known groundwater level equivalent to the finished ground level shall be used,What is the groundwater level equivalent to the finished ground level??
The developer shall submit site spe cific anti floatation calculations and measures proposed in respect of pump station structures cast in situ or pre cast concrete as required in Section,What does a pump station structure look like??
The emergency storage capacity requirement will be reduced to and hours on steppe approach for larger Development in accordance with the Table below or specific advice from Irish Water Connections and Developer Services,What is the emergency storage capacity requirement??
The return pipe feeding back to the pump station shall be of similar diameter and shall be fitted with proprietary on return valve at the wet well chamber,What is the return valve at the wet well chamber??
Consent to discharge from the Environmental Protection Agency Consent from the appropriate Local Authority to place an outfall in watercourse in accordance with the Water Pollution Act Planning Permission fr om the relevant Planning Authority Easement and right to discharge from affected land owners Consent from Inland Fisheries Ireland and or Waterways Ireland if relevant Foreshore Licence if the discharge is to foreshore area,What is Consent to discharge from the Environmental Protection Agency??
The Developer shall provide the requisite consents from the relevant regulatory authorities Local Authority EPA upfro t in the Design Submission documentation,What are the requisite consents from the relevant regulatory authorities??
The aperture size of the overflow screen will depend on the receiving water body and it shall comply with the requirements of the document available rom the Envi ronmental Protection Agency Urban Wastewater Treatment Directive EEC Procedures and Criteria in relation to storm water overflows as published by the Department of Environment and any other legislative requirements,What is a storm water overflow screen??
The single torage tank shall be constructed using in situ reinforced concrete Grade C to IS EN or with pre cast concrete units,What type of torage tank will be used??
The storage tank shall be water tight for both ingress of groundwater and egress of Wastewater,Why is the tank water tight for ingress of groundwater and egress of Wastewater?
The minimum factor of safety aga inst flotation for the empty structure subject to groundwater pressure shall be,What is the minimum factor of safety aga inst flotation?
ately known or if ot reliably known groundwater level equivalent to the finished ground level shall be used,What is groundwater equivalent to the finished ground level??
The surface finish of the int ernal surface of the wet well shall be fair faced finish or better obtained using forms to provide hard surface with true clean edges,What is the surface finish of the wet well??
Reinforcement used in the storage tank structure shall be high yield steel in accordance with BS EN,What is the BS EN??
If precast concrete unit is used for the storage tank constructio it shall be designed to IS EN Part Design of Concrete Structures Part Liquid retaining and containment structures Tightness Class,What is EN Part Design of Concrete Structures??
Joints between the precast components shall be fully sealed to prevent gress of ground water and egress of the storage tank contents and shall provide equivalent water resistance as required in IS EN Part Design of Concrete Structures Part Liquid retaining IW CDS Revision and containment structures Tightness Class,What is required to prevent gress of ground water??
These structures shall be partially or fully surrounded in concrete at lease thickness of to IS EN aggregate size to IS EN where required for sealing joints and pipe connection locations unless otherwise agreed with Irish Water,What is required for sealing joints and pipe connection locations??
The pipe manufacturer recommendations shall be followed where pipes pass through the wall of the emergency storage tank to safeguard against the integrity of the main from differential settlement or movement,What are the pipe manufacturer's recommendations??
If pipes through the wall are installed in box out openings subsequent filling of the opening shall be carried out with grade to IS EN aggregate size to IS EN concrete to ensure completely watertight structure,What is the watertight structure of the opening??
The building in of pipes through walls roofs and other concrete structures shall be carried out to prevent liquid leakage into or out of the structure,What is leakage into or out of the structure??
Puddle fl anges shall be provided to prevent such leakage and to ensure watertight construction,What is a leaky pipe??
Backfill around the wet well shall be placed so that width of Clause material compacted in layers is provided to ensure adequate support beneath any structures or structural surrounds,What should Clause material be used for??
Free draining granular material wide shall be provided round the wet well close to ground level of the unit,What is a granular material wide??
It shall be separate from the wet well but it may be structurally attached to the wet well,What is the structure attached to the wet well??
The size of the valve chamber shall be adequate to house all equipment an provide adequate space for maintenance plant replacement etc,What is the size of the valve chamber??
The valve chamber shall house the following Discharge pipework complete with radial bends radial tee pieces valves fittings etc,What is the valve chamber housing??
to link the wet well pipework to the Rising Main pipe gate valve for each pump unit mounted horizontally in the pump outlet pipework and arranged to isolate the pump unit from the Rising Main on return valve for each pump unit mounted horizontally in the pump outlet pipework upstream wet well side of the gate valve and arranged to prevent flow reversal under ormal operating conditions in the Rising Main IW CDS Revision gate valve and male Bauer coupling mounted vertically on tee piece in the Rising Main upstream of the Rising Main gate valve and chec valve for pumping out of the Rising Main The valve chamber shall be provided with hand operated valve and gravity drain into the wet well,What is the Rising Main pipe gate valve??
The chamber shall be water tight for both ingress of groundwater and egress of Wastewater,Why is the chamber water tight for ingress of groundwater and egress of Wastewater?
The minimum factor of safety against flotation for the empty structure subject to groundwater pressure shall be,What is the minimum factor of safety against flotation??
The developer shall submit site specific anti floatation calculations and measures proposed in respect of pump station structures cast in situ or pre cast concrete as required in Section,What is anti floatation??
The surface finish of the internal surface of the chamber shall be fair fac ed finish or better obtained using forms to provide hard surface with true clean edges,What is the surface finish of the chamber??
Reinforcement used in the valve chamber structure shall be high yield steel in accordance with BS EN,What is the BS EN??
Joints betwe en the precast components shall provide equivalent water resistance as required in IS EN Part,What is the water resistance of the precast components??
The precast units shall be surrounded with ot less than thickness of Grade to IS EN aggregate size to IS EN,What is the grade of precast units??
IW CDS Revision The use of other pre cast concrete units may be allowed subject to Irish Water review provided that they are deigned to IS EN Part Design of Concrete Structures Part Liquid retaining and containment structures Tightness Class,What is Irish Water Revision??
Access to the confined space within the chamber shall be by way of safe access lan,What is a safe access lan?
The pipe manufacturer recommendations shall be followed where pipes pass through the wall of the valve chamber to safeguard against the integrity of the main from differential settlement or movement,What are the pipe manufacturer recommendations where pipes pass through the wall of the valve chamber?
If pipes through the wall are installed in box out openings subsequent filling of the opening shall be carried out with grade to IS EN aggregate size to IS EN concrete to ensure completely watertight structure,What is the watertight structure of the opening??
The building in of pipes through wall roofs and other concrete structures shall be carried out to prevent liquid leakage into or out of the structure,What is leakage into or out of the structure??
Backfill around the wet well shall be placed so that width of Clause material compacted in layers is provided to ensure adequate support beneath any structures or structural surro unds,What should Clause material be used for??
Free draining granular material wide shall be provided round the wet well close to ground level of the unit,What is a granular material wide??
Gas tight sealing lands shall be provided between the valve chamber and the wet well and the valve chamber and the kiosk to prevent the migration of gas into the valve chamber and between the wet well and the control kiosk,What shall be the gas tight sealing lands between the valve chamber and the wet well and the valve and the control kiosk??
The controller for the magnetic flowmeter shall be mounted in the kiosk,What is the magnetic flowmeter??
IW CDS Revision The flow meter shall be provided in separate flow meter chamber located sufficient distance from all fittings and bends to ensure that interference of the measurement does ot arise from flow turbulence associated with such fittings,What is a flow meter??
It shall include flow meter positioned in accordance with the manufacturer instructions,What is a flow meter??
Sluice valve shall be provided adjacent to the meter chamber and valve chamber to allow isolation removal or servicing of the meter,What is the meter chamber and valve chamber??
The valve shall be provided after the flowmeter at least separation distance equivalent to that recommended by the flowmeter manufacture,What is recommended by the flowmeter manufacture??
The pipework within the meter chamber shall incorporate dismantling joint to allow removal of the flow meter,What is a flow meter??
Access to the Wet Wells Valve Chambers and Other Chambers The top of the wet well valve chamber meter chamber and other associated chambers shall be situated flush with the surrounding paved areas,What is the top of the wet well valve chamber meter chamber and other associated chambers?
Where the intention is to use pre cast concrete cover slab The Developers shall in those instances provided details or the proposed cover to the pre cast concrete manufacturer in advance to ensure that the cover units fit the openings and are flush with the surface of the finished roof slab,Where the intention is to use pre cast concrete cover slab?
The Developer shall also bear in mind that pump station installations are to be designed to prevent inundation,What is a pump station??
Access covers in the roofs of the wet well valve chamber and other chambers shall be flush with the oof slab and large enough to allow for pump units valves and flow meters to be removed easily and safely out of the well chamber for above ground inspection maintenance etc,What is a wet well valve chamber??
The opening and access covers for the wet well and valve chamber shall have the following features Covers to be secure and capable of providing safe and easy access to the chambers for inspection maintenance and operation Covers to be fabricated from Durbar plate minimum thick galvanised to IS EN minimum zinc coating of microns with on slip surface and finished flush with the roof slab of the chamber higher specification material or finishes may be required in aggressive enviro ments coastal sites Hinged covers shall be provided as minimum for single twin and triple leaf covers factory fitted seal shall be provided between the cover and frame for wet well and overflow chamber covers and each leaf shall also be fit ted with and odour control seal The minimum allowable access for wet wells and valve chambers to be access openings to Manhole and other infrequent access chambers may be IW CDS Revision Chamber access covers with clear opening exceeding shall conform to BS Hinged covers to be used in all openings exceeding Hinged cover to incorporate recessed facility for securing of the cover with an approved padlock Covers to be lockable to LPS SR using high security locks The padlock facility shall have cover plate which shall automatically fall flush with the surrounding cover lid Each cover leaf shall incorporate an auto locking safety stay Each leaf the cover to have torsion spring assistance to ensure lifting effort of less than kgF The location of the hinges and the lift assistance sets shall ot impinge on the safe entry to the chamber For pumping stations wet wells and valve chambers hinged safety fall protection grid in two sections to be provided below the cover and to be capab le of withstanding load over the total area of the grid,What is the minimum allowable access for wet wells and valve chambers??
The lifting effort of the grid shall ot exceed kgF When lifted the grid shall be capable of being secure in the upright position In closed position the cover shall be capable of withstanding tonne static wheel load as minimum,When lifted the grid shall be capable of being secure in the upright position?
Where there is risk of traffic loading on the cover it shall be capable of withstanding such loadings as minimum Provision to be made within the wet well covers and frames to allow the main cover to be closed while the pump unit and any associated cables are removed Closure of the wet well cover to be possible with the pump unit at minimum height abo ve the frame to provide safe working platform for maintenance if so desired For large openings segmental multi cover units shall be provided Beams for supporting segmental multi unit assemblies including associated brackets to be of steel and post galvanised to IS EN minimum zinc coating of microns,What is required of a wet well cover??
Covers to meter chambers and other Manhole chambers on the pump station site shall comply with Section above and shall be sealed if the site is located in an area which might be prone to flooding,What is a meter chamber??
Access to meter chamber the valve chamber and other chambers excluding the wet well and the emergency storage tank shall be by Manhole proprietary rungs built into the walls,What is the emergency storage tank and meter chamber access??
The vertical distance between the top of the chamber cover and the first step in the chamber shall ot exceed,What is the vertical distance between the chamber cover and the first step in the chamber??
lternatively galvanised mild steel ladders IW CDS Revision may be provided in accordance with Section above subject to the requirements of Irish Water or where the depth of the chamber exceeds,What is the depth of the chamber??
Venting of Wet Well and Chambers The selection of the method of venting of the wet well shall ake into account the risk of toxic fumes dangerous gasses odour uisance etc,What is the risk of toxic fumes dangerous gasses?
Generally the wet well and the emergency storage tank shall be vented via duct extending from the high points of the wet well and connected to free standing vent columns or vent stacks,What is a wet well and the emergency storage tank??
The activated carbon filters shall be of robust proprietary manufacture and sized to have minimum retention time of seconds at maxi mum flow rate,What is the minimum retention time of seconds at maxi mum flow rate??
Where mechanical ventilation is deemed ecessary it shall be of robust design and all control equipment shall be housed in separate panel within the control kiosk,Where mechanical ventilation is deemed ecessary?
The plant telemetry equipment and installation shall be provided in accordance with Section and Section below,What is the plant telemetry equipment and installation??
The incoming electricity supply to the pumping station shall be phase and neutral wire Hz with phase failure protection fitted to the incomer phases to prevent motor burnout due to phase failure,What is phase failure protection fitted to the incomer phases to prevent motor burnout due to phase failure??
All electrical work associated wit pumping station shall be carried out to IEE Regulations,What is the IEE Regulations??
and will carry out the works in acco rdance with this Part which is generally in line with Irish Water WIMES Electrical Specification,What is the Electrical Specification of this Part??
The Developer Developers Electrical Contractor is responsible to apply to ESB Networks for dedicated and metered power supply and this shall be provided to the pump station serving only the pump station plant and associated equipment,What is the Developer Developers Electrical Contractor's responsibility??
The Developers Electrical Contractor must comply with requirements of ESB Networks and shall eek approval from ESB Networks for starter arrangement Star Delta,What is a Star Delta Electrical Contractor??
On completion of the electrical installation the developer shall provide rish Water with an electrical installation certificate signed declaration that the pumping station operates in accordance with the schematic diagrams and the required control philosophy,What is an electrical installation certificate??
Cables Submersible ump power cables shall be multicore flexible cord vulcanised rubber insulated with tough rubber sheath and outer PCP sheath,What Cables Submersible ump power cables shall be??
All metal equipment at the pumping station pump guide rails covers etc,What is the pumping station pump guide rails cover??
shall be bonded to earth via earth rods located in inspection pits ith removable covers remote from the wet well location,What is the wet well location??
The power cables shall comply with the following requirements Single core cables shall have minimum CSA of mm Analogue signal cabling shall comprise screened cables individually and or collectively screened and or twisted pairs Neutral conductors shall have the same CSA as their associated line conductors Wires shall enter and leave an enclosure via terminal rail and shall ot be joined between terminals,What are the CSA requirements for Analogue signal cabling??
The following requirements shall also apply as minimum Cabling and wiring associated with intrinsically safe circuits IS shall be segregated from other circuits in accordance with BS EN,What are the requirements of BS EN??
The colours of ca bles shall comply with the Table below,What are the colours of ca bles??
Colour Code for Wiring Function Colour Protective conductor Green and Yellow Current transformer CT circuits White Power Circuits Phase of single phase circuit Brown Phase of three phase AC circuit Brown Phase of three phase AC circuit Black IW CDS Revision Phase of three phase AC circuit Grey Neutral of single or three phase circuit Blue Control Circuits ac Red ac Yellow dc Yellow Negative Voltage Blue Inter compartment unsheathed As per voltage Inter compartment sheathed Grey sheath White cores Signal Circuits Volt free known voltage As Per voltage Volt free unknown voltage Red Telemetry digital signals single cores Pink Telemetry digital signals multicore RTU MCC White Analogue mA DC Single cores multi drop applications only As per voltage Analogue mA DC Screened all standard applications including telemetry ve White ve Blue Intrinsically safe Light Blue Colour Code otes to Table Signal and voltage current and source sink cabling For example applications will have Yellow and Blue Brown may be used for all three phases identified and at each end of the conductor and at intervals along its length If there is more than one type of single phase wiring present within the electrical assembly the wiring shall be phase coloured For example for cables to PAS BS EN single pair is coloured White Blue Cable stallation General Pump cables shall have sufficient slack and shall be tidily wound and secured to stainless steel hook or bracket under the pump sump cover where they can be easily accessed and will ot interfere wi th the lifting of the pump or become weighed down with debris or rags,What is the Colour Code for Wiring Function??
IW CDS Revision Where the kiosk structure housing the control equipment and wet well are located convenient distance apart the cabling shall be wired directly from the wet well to the kiosk structur control panel,Where the kiosk structure housing the control equipment and wet well are located?
All cables shall be installed using proprietary cable support system and installed in accordance with the manufacturers recommendations,What cables shall be installed using proprietary cable support system?
Cable tray shall be fabricated from heavy duty PVC GRP heavy duty hot dipped galvanised steel or from stainless steel,What type of cable tray shall be used??
Choice shall be made with regard to weight and umber of cables,What is the weight and umber of cables??
Cable junction boxes shall ot be installed internal within wet wells irrespective of their hazardou area zoning,What is the hazardou area zoning??
If junction boxes are to be installed for cabling between the wet well and kiosk structure housing the control panel they shall be installed in either an intermediate junction box in the valve chamber or an intermediate junction box housed in an intermediate kiosk manufactured with galvanised mild steel or stainless steel grade or other approved material subject to the site environment,What to do if junction boxes are to be installed??
Glanding Cable glands shall be suitable for the type of cable being installed and its intended operating environment,What is a Glanding Cable gland??
Cable gland selection shall as minimum consider the following performance requirements mechanical properties electrical properties and resistance to external influences,What are performance requirements for a cable gland??
The minimum degree of ingress protection shall be IP Where cable gland is through painted or otherwise coated metallic surface provision shall be made to ensure earth continuity betw een the gland and the enclosure,What is the minimum level of ingress protection??
Termination Wiring shall be terminated using crimped connectors or lugs both of which shall be suitable for the conductor and the type of termination as recommended by the manufacturer,What type of termination is recommended by the manufacturer??
Junction boxes shall be sized so that there is adequate space between the point of cable entry and the term inals such that cable cores may be spread loomed identified terminated and subsequently IW CDS Revision removed for testing without experiencing excessive bending or stress,What is a term inal??
Junction boxes shall be provided with an adequate means of earthing,What does earthing do to junction boxes??
Terminals shall be clipp ed to rails fixed to the back of the junction box or supported off brackets integral with the junction box,What shall Terminals be fixed to the back of the junction box?
When junction box is open the degree of ingress protection to any live part or to any part that could be energised at above low voltage during y test procedure shall be minimum of IP Identification of Wiring All cabling and wiring shall be identified at both ends by interlocking ferrules or approved Irish Water method,What is the level of ingress protection to live part or to any part that could be energised at above low voltage during y test procedure??
The colour code for wiring shall be in accordance with WIMES,What is the colour code for wiring??
uf Terminals used for the connection of intrinsically safe circuits shall be coloured blue and be physically separated from other terminal groups by minimum distance of mm,What is a uf Terminal??
These terminals shall have clear shrouded cover and be fitted with an appropriate warning label,What is the warning label for these terminals??
uf Unless otherwise specified by the instrument manufacturer all instrument cable screens shall be tied back and insulated from earth at the instrument end of the cable and at the control panel end of the instrument cable the screens shall be connected to th instrument earth bar one common star point,What is the instrument end of the cable??
uf After installation of cables all ducts shall be sealed with an approved proprietary sealant,What is the sealant used??
Where the seal is providing barrier between hazardous and on hazardous areas transit plate arrangement or other approved proprietary sealing arrangement shall be installed tested and certified as DSEAR compliant,When the seal is providing barrier between hazardous and on hazardous areas?
Control Panels General Requirements The pump control panel for pump plant exceeding KW shall be Form Type manufactured and fabricated to IEE Regulations,What is the IEE Regulations for Pump Control Panels??
The power supplier shall be otified this installation to allow for an isolation or kill switch,What is a kill switch??
When the control panel is isolated and open the degree of ingress protection IP rating of any remaining live part or of any part which could be energised at above extra low voltage durin any test procedure shall be minimum of IP IW CDS Revision Suitably rated protection devices shall be provided at all points ecessary for the protection and isolation of power and control circuits and to minimise disruption to the overall system on the failure component part of the system Compartments that contain both extra low and low voltage systems shall be arranged so that systems of differing voltages are physically segregated from each other When the control panel is isolated and open the degree of ingress protection IP rating of any remaining live part or of any part which could be energised at above extra low voltage during any test procedure shall be minimum of IP The electrical assembly shall be designed for bottom entry of the pump ca bles,When the control panel is isolated and open the degree of ingress protection IP rating of any remaining live part or part which could be energised at above extra low voltage?
LED Indicator lamps Filament lamps shall ot be used All control panel shall incorporate at minimum the following uf Generator incomer section complete with generator changeover switch interlocked with mains supply incomer isolation switch uf hand off reverse selector for each pump subject to manufacturers approval uf Pump Unit Start push button uf Pump Unit Stop push button uf Ammeter and hours run meter for each pump uf Run light and trip lights for each pump one for temperature and one for seal failure uf Reset button for each pump uf Duty Standby or Duty Assist Standby selector for each set of pumps uf Lockable mains incomer isolator uf Lockable door interlock isolators for all starter sections uf sump level indicator for recording the Was tewater surface level in the pum sump on separate wall mounted unit within the kiosk uf Flow Indication both instantaneous and totalised either on separate wall mounted unit within the kiosk uf Volt free contacts as outlined in Section for future retrofitting of telemetry system,What is a Flow Indicator??
The control panel shall have provision for connect ion of an external standby generator,What is a standby generator??
The connection for mobile generator provided on the incoming section of the electrical assembly shall be pole male appliance inlet to BS EN,What is the connection for mobile generator provided on the incoming section of the electrical assembly??
removable link shall be provided disconnect the pumping station from the DNO main earth terminal MET in the event that mobile generator is connected to the pumping station,What happens if a mobile generator is connected to the pumping station?
stud terminal shall also be provided in the kiosk for connection of the mobile generator star point to th earth electrode,What is a stud terminal??
label shall be fixed adjacent to IW CDS Revision the stud terminal stating Bolted Earth Connection shall be made before Generator Is Connected with Main Plug And Socket,What is a Bolted Earth Connection??
Form Control Panel Compartments Additional Requirements Each compartment of Form control panel shall include an earth stud connected to the earth bar or main earth stud by separate protective conductor,What is required of a Form Control Panel Compartment??
Protective conductors shall be sized to withstand the fault level ubject to minimum CSA of mm,What is the minimum CSA of mm??
Each compartment shall have protective conductors with minimum CSA of mm or braided straps of the appropriate CSA for earthing and EMC requirements taken from the compartment earth stud to the compartment door the component mounting plates and earth terminals the equipment mounting rail earth terminals and the metal cases of instruments,What is the CSA for earthing and EMC requirements??
For pumps with motor of the control panel shall also incorporate at minimum the following Power meter with volts power factor Kw Kwh power outage or Kwh etc,What is a power meter??
Power Factor Correction Surge and Lightening protection In addition to the requirements outlined above in Section the Form control panel shall incorporate the following requirements,What is the Form control panel??
The switch shall be labelled Mains Off Generator and the door shall be interlocked and padlockable in the Off position uf phase failure phase reversal and low voltage protection relay to provide Mains Failure telemetry signal,What is a Mains Off Generator??
The phase failure detection relay shall be connected downstream of the Mains Off Generator switch uf set of fuses and eutral link for the hase failure relay and voltmeter uf control circuit transformer CCT for the common control compartment CCC uf power monitoring facilities if the rating of each pump unit is above kW uf fuse fed single phase and eutral distribution board complying with BS EN with integral isolator and hinged cover,What if the rating of each pump unit is above kW?
All MCBs RCDs and RCBOs incorporated within the distribution board shall comply with BS EN BS EN and BS EN respectively and be padlockable in the Off position,What are the requirements of BS EN??
IW CDS Revision Control Circuit Supply The control circuit supply voltage shall be AC or DC,What is the voltage of the control circuit supply voltage??
The common control and motor starters shall ea ch be provided with means of switching isolation and short circuit protection for the incoming control circuit supplies,What shall the common control and motor starters be provided with??
Control circuit supplies shall be energised when the associated fuse switch is in the On position,When the associated fuse switch is in the On position?
The primary and secondary windi gs of all CCTs shall be protected by fuses or double pole MCBs,What is the primary and secondary windi gs??
Removable eutral links shall be provided if protection is afforded by fuses,What happens when fuses are removed??
Motor Starter Compartments The motor starter compartment shall contain the following uf triple pole fuse switch with three suitably rated HRC fuses and auxiliary switching of all live and eutral control circuits complete with test position uf phase thermal overload relay with single phasing protection All motor protection systems shall be of the elect rically latched and manually reset type,What is the Motor Starter Compartment??
The operating handle for the fuse switch shall be door interlocked and padlockable in the Off position,What is the operating handle for the fuse switch??
Each mo tor start compartment shall include the following a Hand Off Auto selector switch b Common Fault Reset push button c Pump Unit Start push button d Pump Unit Stop push button e Pump Unit tripped lamp f Pump Unit Running lamp g Auto available lamp h individual fault lamps i Amp meter per pump j Hour Run clock per pump Earthing and Bonding The assembly earthing system shall incorporate an earth bar or main earth stud,What type of lamp is included in a Pump Unit??
Each metal gland pla te shall be connected directly to the earth bar or stud by separate protective conductor,What is a gland pla te??
Protective conductors shall be sized to withstand the fault level subject to minimum cross sectional area CSA of mm,What is a fault level??
Separate earth bars or studs shall be provided for connecting equipment requiring clean earth or an intrinsically safe earth directly to the Mains Earth Terminal,What type of earth bar or stud shall be provided for connecting equipment requiring clean earth or an intrinsically safe earth?
IW CDS Revision Earth Electrode The earthing system shall be designed and installed to include the earthing and bonding of all exposed metalwork,What is the earthing system??
he earth rod resistance shall be tested when disconnected from the rest of the earthing system,What is the earth rod resistance??
stud terminal shall also be provided in the kiosk for connection of the mobile generator star point to the earth electrode,What is a stud terminal??
The earth rod resistance shall be tested when disconnected from the rest of the earthing system,What is the earth rod resistance??
The earth elect rode shall be connected to the power supplier main earth terminal MET via removab le test link,What is the earth elect rode??
Pumping Station Control Panel Enclosure A pump station control kiosk enclosure shall be provided to accommodate metering equipment pump control panels telemetry equipment heating and lighting system socket point for standby generator and external use socket etc,What is a Pumping Station Control Panel Enclosure??
The power supplier will provide sepa rate kiosk for the electrical supply,What will the power supplier provide sepa rate kiosk for the electrical supply??
The minimum size of the kiosk for Type and Type pump stations shall be,What is the minimum size of the kiosk for Type and Type pump stations??
The minimum size of kiosk for the Type pump stations shall be,What is the minimum size of kiosk for the Type pump stations??
In all instances there shall be clear minimum working space between the front of the panel and the plinth edge of mm,What shall be the minimum working space between the front of the panel and the plinth edge??
Standard warning otices shall be placed on the kiosk to warn of danger,What is a standard warning otice??
The size of the power supplier kiosk shall be to ESB Network requirements,What is the size of the power supplier kiosk??
The kiosk shall be of walk in design with open base and one piece roof that slopes to the rear,What is a walk in kiosk??
The kiosk shall be supported on reinforced concrete plinth extending mm in each direction beyond the external plan dimensions of the kiosk,What is the external plan dimension of the kiosk??
The ki osk shall be bolted to the plinth through bottom flange with galvanised mild steel or stainless steel anchor bolts,What is a ki osk??
The bottom flange shall be seated on eoprene gasket and sealed with mastic to prevent ingress of water,What is the bottom flange??
The plinth shall incorporate appropriate ducting to connect into the site power telemetry and control ducts to facilitate cabling between the kiosk and the various chambers IW CDS Revision within the pumping station site,What is ducting to connect into the pumping station site??
Long radius bends shall be incorporated in the ducting sharp elbows shall o be used,What is the use of sharp elbows??
The walls roof and doors of the kiosk shall be constructed from either galvanised mild steel minimum thick welded plate with polyester coated finish or in stainless steel in severe environments,What is the wall thickness of the kiosk??
Alternative forms of kiosk construction other than galvanised mild steel or stainless steel will generally be required in areas subject to vandalism enclosure of the kiosk in a block work or reinforced concrete enclosure with vandal pro of doors,What forms of kiosk will be required in areas subject to vandalism?
The rear wall of the kiosk shall be reinforced with stainless steel sections to which marine plywood board mm thick is fixed to support the electrical assemblies associated with the pumping plant,What is the wall thickness of the kiosk??
The walls of the kiosk shall have turned bottom flanges with suitably factory formed holes to accommodate the bolts securing the kiosk to the concrete plinth,What is the kiosk's value??
The bottom holes shall be reinforced with thick steel plate welded to the steel wall of steel fabricated kiosks,What is the thickness of the steel plate??
The holding down bolts shall be galvanised mild steel or stainless steel expanding anchor bolts complete with large washers,What size anchor bolts shall be used??
The quality of the kiosk construction shall ensure that the following is achieved thermal transmittance of per fire resistance retention of stability integrity and insulation equivalent to Class of BS when tested in accordance with BS fo period exceeding minutes An IP rating of IP at least or equivalent,What is the quality of the kiosk construction??
The preferred exterior colour of the kiosk is dark green to BS,What is the preferred exterior colour of the kiosk??
The doors of he kiosk shall be single or double leaf steel with multiple locks to LPS SR or IS EN,What type of lock will be used for he kiosk??
There shall be minimum double lock with bolts that engage into the sill and header as well as between the two leaves or leaf and frame,What is a double lock??
The leading edge of the leaves shall have rebated edges or fitted with astragals,What is the leading edge of the leaves??
The door leaves shal be fitted with vandal resistant stainless steel hinges and self latching stays to restrain the door in the fully opened position minimum opening angle of degrees,What is the minimum opening angle of degrees?
The kiosk shall be fitted with suitably sized weather resistant and vermin resistant ventilation grills complete with fly screens,What will the kiosk be fitted with??
Ventilation within the kiosk shall be sufficient restrict temperature in the kiosk under all weather conditions to maximum of degree Centigrade at any one time and to an average of degree Centigrade over hour period,What is the temperature in the kiosk under all weather conditions??
IW CDS Revision The kiosk shall be fitted with small opening complete with locka ble hinged panel lockable from the inside,What should the kiosk be fitted with??
Where additional security is required or where specified in the Planning approval structure for the housing of the control panel and associated equipment shall be constructed of block work solid block to IS EN Part with smooth render finish internally and externally or alternative agreed by Irish Water subject to the requirements of Planning,Where additional security is required or where specified in the Planning approval?
The structure shall have reinforced concrete roof slab projecting outside of the wall with drip beading complete with asphalt to provide weatherproof roof,What is a drip beading roof??
The structure shall have galvanised steel security doors twin leaf opening ou tward and fitted with furnishing as outlined above for the kiosk,What does the kiosk need to be for??
as described above for the kiosk shall be provided to achieve the same environmental parameters as outlined,what is outlined above for the kiosk??
An additional Kiosk to the local ESB Network requirements shall be provided within the pumping station site to house the panel electricity suppli er meter etc,What is an additional Kiosk to the ESB Network requirements??
Separate security control rrangements to the local ESB Network requirements shall be provided for the power supplier access to this kiosk for meter reading,What is a meter reading kiosk??
The pump units shall be operated in response to the level of effluent in the wet well,what is the level of effluent in the wet well??
For all types of pumping station an ultrasonic level contr ol system shall be provided together with separate high level float switch,What type of pumping station shall be provided?
The relays within the ultrasonic level controller shall be configured to achieve the following pump unit control philosophy based on the four level set points as follows a Le vel rising through snore level o action b Level rising through duty standby pump unit stop level o action IW CDS Revision Level rising through duty pump unit start level start duty pump unit d Level rising to High Level turn on duty pump or switch to tandby via float switch,What is the pump unit control philosophy??
e Level falling through duty pump unit start level o action g Level falling through duty standby pump unit stop level stop duty pump h Level falling through snore level inhibit both pump units i In the event of low flow and high level stop start duty pump and start stand by pump unit and ump fault alarm raised,What is a level falling through duty pump unit stop level stop duty pump h Level falling through snore level?
The ultrasonic level controller shall have facility to provide sequential rotation of pump units to sequentially rotate the pump unit duty standby st atus each time all pump units are stopped to ensure equal pump unit usage as well as allowing individual pumps to be operated,What is the pump unit duty standby st atus??
The ultrasonic level controller shall be configured to initiate wet well cleaning snore cycle once day,What is a wet well cleaning snore cycle??
The snore lev el shall be chosen to be as low as possible without affecting the safe effective operation of the pump units the pump unit manufacturer shall be consulted to this end,What is the snore lev el??
The ultrasonic level controller shall be configured so that the wet well level reading are displayed in the kiosk and if required transmitted via telemetry,What is the ultrasonic level controller??
The span of the ultrasonic range shall be set up at,What is the ultrasonic range??
snore level the level below which the pump units cannot pump anymore,What is a snore level??
The Ultrasonic shall be configured to transmit Loss of Echo alarm to telemetry if there is an interruption loss of signal from the ultrasonic transducer in the wet well the pumping station will be effectively under back up level control until the fault is rectified In the event of the above the Ultrasonic shall de energise all pump unit relays to remove pump unit control from the Ultrasonic Local Control ULC,What is an interruption loss of signal from the ultrasonic transducer in the wet well?
To prevent uisance switching between ULC and back up control the ULC shall be configured so that transmission of alarms de energising of pump unit relays only occurs if there is an interruption loss of signal for time period greater than one minu te,What is interruption loss of signal for time period greater than one minu te?
Testing The pump units shall be tested on site to ensure they are capable of delivering the design flow rate under all possible operating conditions without cavitation or excessive noise vibration temperature or leakage,What is the design flow rate of the pump units??
A visual inspection of the pumping station shall be made to ensure it complies with this Specification and that it is constructed in accordance with the agreed design and consistent with the agreed designs specifications and site layout including features relating to access egress and safety assessment,What is an inspection of the pumping station??
The wet well shall be checked for signs of stagna tion vortices pre swirl and accumulation of solids,What are the signs of a wet well??
The Operation Maintenance Manual to be included in the Final Documents as outlined in Section is to include at minimum uf General description of the pump station umber of houses size length of rising main discharge point etc,What is included in the Operation Maintenance Manual??
uf Panel drawings uf Pump curve uf Pump manual including wiring diagram uf Exploded diagram of spare parts for the pump installed uf Details of the alarm system including instruction on how to change phone numbe etc,How to change phone numbe etc?
IW CDS Revision Pump Failure The control system shall incorporate the following hard wired pump unit protection systems uf motor overload protection uf motor over temperature protection uf pump unit mechanical seal failure protection The pump seal leak sensor is for alarm monitoring only and shall only shut down the pump if it is installed in hazardous area,What is a pump seal leak sensor??
Telemetry The control panel shall provide for Volt Free Contacts as shown in the Table below,What is a Volt Free Contact??
Should Irish Water wish to install telemetry outstation to transfer data from the pumping station to an Irish Water control centre in future the information will be freely available,What should Irish Water do if they wish to install telemetry outstation to transfer data?
clear space of by is to be left on the kiosk backboard,What is a kiosk backboard??
Signal Name DI AI PI DO AO Comments Site Mains Avail able Pump Failed Healthy states are tripped healthy Pump Control states are unavailable available Pump Running Stopped Pump Motor Temperature If available Pump Water in Oil If available Pump Failed Healthy states are tripped healthy Pump control states are unavailable available Pump Running Stopped Pump Motor Temperature If available Pump Water in Oil If available Wet Well High Level Normal High Wet Well High High Level Normal High Wet Well Level Instrumentation X Normal Failed IW CDS Revision Station Level Meter Station Output Flow Pump Power kWh In pump stations with pumps over The following abbreviations are used in the table uf DI Digital Input uf AI Analogue Input uf PI Pulsed Input uf DO Digital Output uf AO Analogue Output Dial Out Alarm The pump station shall be fitted with GSM dial out alarm complete with battery backup,What are the following abbreviations used in the table??
It shall be possible to text up to umbers on the dial out alarm,What is a dial out alarm??
The dial out alarm shall escalate the alarm message automatically if the first recipient does ot respond to the alarm by acknowledging the fault,What is a dial out alarm??
If the second person does ot acknowledge the alarm message forwarding the message to further subscribers shall occur,What happens if the second person does ot acknowledge the alarm message?
The escalation can be traversed any umber of times by looping back to the beginning of the escalation chain until the message is acknowledged,What is the escalation chain??
The dial out alarm shall be configured to send the following alarms uf Loss of Site Mains Supply Alarm uf Pump Fault uf Pump Fault uf Wet Well High Level uf Wet Well High High Level uf Level Instrument Fault Meter Chambers Flow meters shall be installed in chambers and these shall be suitably sized to accommodate the meter and allow access for maintenance,What alarms shall be sent to the dial out alarm??
If this is ot possible due to site constraints the chamber base shall incorporate square deep sump,What is a square deep sump??
The base and walls of the chamber shall be constructed in concrete to IS EN aggregate size to IS EN with minimum thickness of,What is the minimum thickness of the walls of the chamber??
The chamber shall be complete with reinforced concrete roof formed with concrete ggregate size concrete of minimum thickness of reinforced with high tensile reinforcement to BS,What is a reinforced concrete chamber??
Joints between the precast compon ents shall provide equivalent water resistance as required in IS EN Part,What is required in IS EN Part 2??
Cast in recessed lifting eyes shall be provided in each corner of the concrete roof slab to allow it positioning in place,What shall be the recessed lifting eyes??
In addition these lif ting eyes shall be used to remove the roof slab if required for access to the chamber to allow maintenance of the meter and its removal replacement if necessary,Why use lif ting eyes to remove the roof slab?
The internal dimensions of the chamber shall be sufficient to contain the meter and any associated pipework,What is a meter??
The depth of the meter chamber shall provide minimum of mm clearance beneath the meter fitting,What is the depth of the meter chamber??
Access to the confined space within the chamber shall ot generally be required but hen eeded this access shall be by way of safe access plan,What is a safe access plan??
It shall be capable of withstanding imposed loads and shall comply with IS EN if located on roadways or footways,What is the IS EN standard for roadways or footways??
Lower oad capacity rated covers may be used if the chamber is located off road in green areas subject to Irish Water approval,What if the chamber is off road in green areas?
The covers and frames shall be sealed water tight where the pump stations would be subject to inundation submergence,What a pump station would be subject to inundation submergence?
The brickwork shall be bedded in mortar minimum strength to IS EN Part,What is the minimum mortar strength??
The frame and cover shall be in rapid hardening cementitious epoxy resin or polyester resin ortar,What type of frame and cover shall be used??
The covers shall be set on the brick to finish in alignment with the pump station hard standing surface,What is the pump station hard standing surface??
Meter chamber covers where located in grass areas shall be surrounded by concrete plinth all round and deep formed with concrete to IS EN aggregate size to IS EN bedded in Cla use material,What is the difference between a meter chamber and a slab chamber??
IW CDS Revision Cable Ducts and Chambers Kiosk plinth shall incorporate appropriate ducting to connect into the power telemetry and control ducts to facilitate cabling between the kiosk and the various plant items associated with the kiosk,What is required to connect the kiosk to the various plant items associated with the kiosk?
Long radius bends shall be incorporated in the ducting sharp elbows shall ot be used,What are the ducting elbows used for??
Ducts used for ESB Networks cables shall be in accordance with ESB Networks specification and IS colour code,What is the colour code for ESB Networks cables??
The ducting diameter and umber shall be appr opriate for the cables required and the minimum duct size shall be diameter,What is the minimum duct size??
The duct pipes shall be bedded haunched and surrounded in sand,What should the duct pipes bedded??
Clause backfill granular material in accordance with the National Road Authority Specification for Road Works shall be provided above the sand surround,What is the National Road Authority Specification for Road Works??
The ducting shall be constructed watertight and built into the base of the kiosk and the walls of the miscellaneous cham bers,What shall be the ducting??
All cable ducts shall be provided with draw cords ropes to allow the pull through of the cables,What is the draw cord ropes??
Ducts shall be provided between the control panels and the various units of the pumping station which require cable runs for power telemetry and control,What are the requirements for power telemetry and control??
All power and control cable ducts between the pump chamber and the control panel shall be fully sealed to prevent ingress of gas from the pump sump and valve chamber to the kiosk containing the panels,What is the condition of the control panel??
This shall be achieved using on degradable expandable foam or gas tight sealing glands,What is a degradable expandable foam or gas tight sealing gland??
Spare draw wires shall be left in all ducts for future use,What is a draw wire??
Ducts shall be provided as follows uf The ESB incoming power cable one duct shall be provided sized in accordance with the power supplier specification colour size etc,What is the ESB incoming power cable??
and routed between the point of supply and the kiosk plinth in accordance with the ESB Network requirements uf The installation earth cable one duct shall be provided mm in diameter and routed between the point of supply and the kiosk linth uf The pump unit cables two ducts shall be provided mm in diameter and routed between the wet well valve chamber and the kiosk plinth uf The ultrasonic level sensor and float switch cables one duct shall be provided mm in diameter and outed between the wet well valve chamber and the kiosk plinth IW CDS Revision uf The flow meter one duct shall be provided mm in diameter and routed between the flow meter sensor and the kiosk plinth uf The minimum segregation separation between Band ELV signal and Band LV power cables shall be mm uf Ducts shall terminate approximately mm proud of the surface of the plinth,What is the minimum segregation separation between Band ELV signal and Band LV power cables??
uf On completion all ducts shall have swab drawn through to clear them of obstructions,What is a swab??
uf Ducts shall be left with an excess length of draw cord in place anchored at each end,What is the draw cord length??
uf Ducts shall have sufficient space to enable the installa tion and removal of any cable without the eed to remove any other cable or component,What is a Duct??
uf Ducts shall incorporate adequate facilities to locate and support the cables,What will Ducts do with the cables??
uf Conduit shall be provided for installation of the cables associated with the kiosk lightin systems heating systems and or socket outlets,What is a Conduit??
Where deemed ecessary uct chambers shall be installed at bends and these shall have minimum by internal dimensions,Where deemed ecessary?
The base and walls of the cable duct chambers shall be constructed in concrete to IS EN aggregate size to IS EN with minimum thickness of,What is the minimum thickness of the cable duct chambers??
The roof in this instance shall be constructed of reinforced concrete formed with concrete to IS EN aggregate size to IS EN of minimum thickness reinforced with high tensile reinforcement to BS,What shall the roof in this instance be constructed of??
The opening shall be to allow access to the cable chamber,What is the opening of the cable chamber??
It shall be capable of withstanding imposed loads and shall comply with IS EN if located on roadways or footways,What is the IS EN standard for roadways or footways??
Lower load capacity rated covers may be used if the chamber is located off road in green areas subj ect to Irish Water approval,What is a chamber off road in green areas??
The cover frames shall be supported on the chamber walls if the chamber dimension is mm by,What is the chamber dimension mm by mm?
It shall be supported on the chamber roof slab if such is provided,What is a chamber roof slab??
The brickwork shall be bedded in mortar minimum strength to IS EN Part,What is the minimum mortar strength??
The frame and cover shall be set in rapid hardening cementitious epoxy resin or polyester resin mortar,What type of mortar shall be used for the frame and cover??
The mortar shall have minimum working time of minutes and shall reach minimum compressive strength of mm and minimum tensile strength of mm within hours of mixing The covers shall be set on the brick to finish in alignment with the pump station hard standing surface,What shall be the minimum working time of minutes??
Duct chamber covers where located in grass areas shall be surrounded by concrete plinth all round and deep formed with concre te to IS EN IW CDS Revision aggregate size to IS EN bedded in Clause material,What a duct chamber??
The plinth shall be complete with bull ose finish to its perimeter and shall be provided with mild steel reinforcement link,What does a plinth look like??
Davit sockets shall be designed and positioned to provide lifting equipment with vertical pull on the pump unit lifting attachments to enable pump units to be read ily raised or lowered on their guide rails,What is a vertical lift on the pump unit attachments??
Cover plates flush with the top of the surrounding concrete shall be provided to prevent the ingress of water and debris into the sockets,What is the purpose of a cover plate??
Lifting davits tackle and sockets will be rated to lift twice the weight of each pump unit ubject to safe working load of kg,What is the safe working load of each pump unit??
The avits sockets shall be of stainless steel or galvanised mild steel in accordance with the safety certificate requirements,What type of sockets do the sockets have??
The manufacturer ame and the SWL of the lifting equipment shall stamped on stainless steel plate attached to the equipment,What is the manufacturer ame and the SWL of the lifting equipment??
The lifting gantry shall be provided with a block and tackle which shall be load tested and rated along with the gantry assembly,What shall the lifting gantry do??
Sites with such lifting equipment shall be fenced in accordan ce with the details outlined in Section above,What is a fenced site??
Wash Down Facilities Pumping stations shall be provide with wash down facilities for cleaning and washing mechanical plant following its removal for routine maintenance repair and or replacement,What is the purpose of Wash Down Facilities??
This shall comprise cold water supply with an external lockable tap suitably insulated to prevent freezing of the supply system and length of water hose to extend to the wet well location,What is a cold water supply??
water supply shall be provided to the pumping station site and this supply shall be fitted with water usage meter,What shall the pumping station site be fitted with??
The supply pipe shall also be provided with an approved on return valve to prevent backflow contamination of the public water supply system,What is a backflow valve??
Testing of Water Retai ing Structure After cleaning building in of all pipework and as far as practicable before any earth or other filling is placed against the outside of the wall faces liquid retaining concrete structures designed to retain an aqueous liquid the wet well shall be filled with IW CDS Revision water at uniform rate of ot greater than in hours,What is a wet well??
period of days shall be allowed for stabilisation after which the water level shall be recorded at hour intervals for at least days,What shall the water level be recorded at hour intervals for at least days??
During the est period the total permissible drop after allowing for evaporation and rainfall shall ot exceed of the average water depth of the full tank or whichever is the lesser,What is the maximum allowed drop after allowing for evaporation and rainfall??
If the requirements of the day test are ot met after completion of any remedial works the structure shall be refilled and if ecessary left for further stabilisation period after which the water level shall be recorded at hour intervals for test period of days,What happens if the requirements of the day test are not met after completion of any remedial works?
After satisfactory completion of the test the structure shall be emptied as far as practicable unless the water can be used as part of subsequent activities,What happens when the water is used as part of subsequent activities??
When testing uncovered concrete structures the test results shall be corrected for observations of the gain in water from precipitation or the loss of water from evaporation,What is the gain in water from precipitation or the loss of water from evaporation??
This difference can be measured by placing transparent floating open container calibrated and partially filled in the structure,What is the difference between a floating open container and a closed container??
The container shall be positioned away from the sides and any overhead obstruction that may shield or shade the container,What is the container positioned away from the sides??
The container shall have sufficient freeboard to accommodate the precipitation from ormal rainfall and be overtopped by waves generated by the wind,What is the container's freeboard size??
IS EN Concrete Specification Performance Production and Conformity See also BS EN BS Concrete Complementary British Standard to BS EN Part Method of Specifying and Guidance for Specifier,What is BS EN Concrete Specification Performance Production and Conformity??
BS Concrete Complementary British Standard to BS EN Part Specification for Constituent Materials and Concrete,What is the BS EN Part Specification for Constituent Materials and Concrete??
IS EN Plastic Piping Systems for Non Pressure Underground IW CDS Revision Drainage and Sewerage Structural Wall Piping Systems of Unplasticized Poly Vinyl Chloride PVC Polypropylene PP and Polyethylene PE Part General Requirements and Performance Characteristics Part Specification for Pipes and Fittings for Smooth Internal and External Surfaces and the System Part Part Specification for Pipes and Fittings for Smooth Internal and Profiled External Surface and the System Part IS EN Ductile Iron Pipes Fittings Accessories and their Joints for Sewerage Applications Requirements and Test Methods,What is the Part Specification for Pipes and Fittings for Smooth Internal and External Surfaces and the System Part?
IS EN Steps for Man Entry Chambers Requirements Marking Testing and Evaluation of Conformity,What is EN Steps for Man Entry Chambers??
IS EN Short Link Chain for Lifting Purposes Safety Part Fine Tolerance Hoist Chain Grade Types DAT and DT,What is a Hoist Chain??
Requirements and test IS EN Foundin Spheroidal graphite cast irons IS EN Plastics warning devices for underground cables and pipelines with visual characteristics IS EN Fences,What are the requirements and test IS EN Fences??
Butt fusion jointing procedures for polyethylene PE pipes and fittings used in the construction of gas and water distribution systems IS EN SO Mechanical properties of fasteners made of carbon steel and alloy steel,What are the mechanical properties of fasteners made of carbon steel and alloy steel?
Coarse thread and fine pitch thread IS EN SO Mechanical properties of fasteners made of carbon steel and alloy steel,What are the mechanical properties of fasteners made of carbon steel and alloy steel??
Part IS EN ISO Hot dip galvanized coatings on iron and steel articles specifications and test methods lLPS SR SR The Requirements and Testing Procedures for the LPC Approval and Listing of Intruder Resistant Building Components Strongpoints Security Enclosures and Free Standing Barriers IP Standardized measure of protection device has against intrusions by liquid or dust,What are the requirements and testing procedures lLPS SR SR??
DSEAR The Dangerous Substances and Explosive Atmospheres Regulations DSEAR BS EN Plugs socket outlets and couplers for industrial purposes,What is DSEAR BS EN Plugs socket outlets and couplers for industrial purposes?
Distribution boards intended to be operated by ordinary persons DBO BS EN Specification for circuit breakers for overcurrent protection for household and similar installations BS EN Specification for residual current operated circuit breakers without integral overcurrent protection for household and similar uses RCCBs BS EN Residual current operated circuit breakers with integral IW CDS Revision overcurrent protection for household and similar uses RCBOs,What is the BS EN Specification for residual current operated circuit breakers without integral overcurrent protection for household and similar uses?
General rules IS EN European Standard for the burglar resistant classifications of domestic and commercial doorsets windows curtain walling grilles and shutters IS EN Parts Fibreboards,What is EN Standard for the burglar resistant classifications of domestic and commercial doorsets?
IW CDS Revision Appendix Gravity Sewer Design Requirements General Note For Works in residential Developments the sewer capacity criteria for development are considered to be satisfied without the eed for full Appendix design assessment where the pipe size and gradient requirements for the full potential development population corresponds to those in the first Table in Section of the main body of the Code of Practice for Wastewater Infrastructure for the umber of dwellings shown,What is the eed for full Appendix design assessment??
For small umbers of housing units the use of higher peak flow multipliers may be used for design purposes to reflect the proximity to source and the attenuation that aturally occurs in the Sewerage system,What is the use of peak flow multipliers??
Otherwise the gravity sewer systems in residential and commercial developments are to comply fully with Appendix IW CDS Revision DESIGN CRITERIA Internal Flooding from Wastewater Sewers Designs shall prevent internal flooding from an event with in year return period,What is a design criterion??
This is subject to the in year return event requirement being applied to surface water or other flooding modes so that foul combined sewers designed to the appropriate performance level are ot inundated at more frequent return periods and the in year return event level of service is long term objective and higher level of service for the ew design may have to be provided to achieve the long term objective,What is the in year return event level of service??
On project by project basis flood protection shall be evaluated for in year return period event,What should flood protection be evaluated for in year return period event??
If there is marginal difference between the in year return period event period and in year solution the higher return period solution shall be offered as the preferred solution,What is the difference between in year return period event period and in year solution??
A definition of Internal Sewer Flooding is pro vided in Section below,What is Internal Sewer Flooding??
For ew or upgraded sewer etworks the design shall incorporate target freeboard between the predicted design top water level and the lowest ground level adjacent to the perimeter of the building being considered of,What is the design for ew or upgraded sewer etworks??
External Flooding from Wastewater sewers Designs shall prevent external flooding from an event with in year return period,What is External Flooding from Wastewater sewers??
This is ubject to the in year return period event requirement being applied to surface water or other flooding modes so that foul combined sewers designed to the appropriate performance level are ot inundated at more frequent return periods and the in year event period level of service is long term objective and higher level of service for the ew design may have to be provided to achieve the long term objective,What is the in year return period event requirement??
On project by project basis flood protection shall be evaluated for in year return period event,What should flood protection be evaluated for in year return period event??
If there is only marginal difference between the year return period event and year return period event solution the higher return period solution shall be offered as the preferred solution,What is a year return period event solution??
A definition of External Sewer Flooding is provided in Section below,What is External Sewer Flooding??
IW CDS Revision For ew or upgraded sewer etworks the design shall incorporate target freeboard between the predicted design top water level and the cover level of,What is the design for ew or upgraded sewer etworks??
Where target freeboa rd cannot be achieved Wastewater Asset Planning shall be consulted,Where wastewater asset planning shall be consulted?
No external property flooding shall arise from in year return period event,What happens when a year return period flood occurs??
Surface water flooding may be allowed to occur in controlled manner in specified locations with only minor detriment to property and people without the eed for extensive underground systems to contain it,What is a controlled flood??
On project by project basis flood protection hall be evaluated for in year event,What should flood protection hall be evaluated for in year event?
If there is marginal difference between the in year return period event and in year return period event solution the higher return period solution shall be offered as the preferred solution,What is the in year return period event solution??
Protecti on Against Surcharging New sewers shall be designed such that they do ot surcharge under the relevant design rainfall event taking account of site and location factors,What is a Surcharge??
The most appropriate design return period listed in Table which is based on IS EN Table Examples of design rainfall frequencies for pipes to run just full without surcharge will be applied,What is the most appropriate design return period??
City Centres Industrial Commercial Areas years Sites where consequence of flooding is severe with risk to general public and critical services Underpasses years Table Surcharge Design Return Periods Downstream Conditions The following shall be identified and taken into account in the design Any downstream water level restrictions tidal or river levels in particular maximum flood levels in the receiving water bodies,What shall be identified and taken into account in the design Any downstream water level restrictions tidal or river levels?
In order to minimise the maintenance requirements of any given length of sewer it is normal to design the sewer to be self cleansing,What is a self cleansing sewer??
This means that the sewer is designed to achieve velocity at least once per day that will carry all solid deposited material along the pipe and ot leave any materials deposits in the invert of the sewer,Why is the sewer designed to achieve velocity?
Separate wastewater and combined sewers should be designed to ensure that flow velocity within the sewer is exceeded daily at the appropriate multipl of the Dry Weather Flow DWF for the initial development flows,What is the Dry Weather Flow DWF??
Where self cleansing velocities cannot be achieved due to constraints Irish Water shall be consulted in detail concerning alternative procedures to address the requirements outlined in It ems and above,Where self cleansing velocities cannot be achieved?
The table below is based on the simplified CIRIA method of assessing self cleansing velocities in separate wastewater sewers and should be considered as the minimum design velocities,What is the minimum design velocities in separate wastewater sewers??
Storm and surface water sewers require generally higher self cleansing velocities because of the higher particle densities and should be designed to ensure that the velocity of is achieved,What is the velocity of a storm sewer??
Oversizing the pipe to achieve suitable full bore velocities at lesser gradients will ot be accepted,What is the problem with oversizing the pipe??
For example pipe laid to gradient with depth of flow of will have flow velocity approaching sec which is unaccepta ble in wastewater sewers,What is the flow velocity of a pipe??
It should be emphasised that scour in pipes at these velocities is ot significant problem with modern materials but if velocities become very high odour emissions can be increased and oise can become problem,What is scour in pipes at these velocities??
As general rule it is preferable to aim to achieve self cleansing velocity in the pipe system at least once per day,What is a self cleansing velocity in the pipe system??
peak flow of between the required self cleansing velocity and velocity of with as an upper limit,What is a peak flow of between the required self cleansing velocity and velocity?
In small sewers below it is ot ecessary to include measures to limit flow velocity,What is a limit flow velocity??
The use of backdrop Manhole in this case ay be justified where there is significant difference in level between branch sewers and trunk sewers,What is the difference in level between branch sewers and trunk sewers?
In this case the economics may justify the construction of backdrop to minimise excavation for the branch sewer trenches,What is the economics behind the construction of backdrop??
The discharge from backd rop into Manhole requires careful design to prevent flows from washing over the benching,What is the discharge from backd rop into Manhole??
Backdrops for large diameter sewers are complex structures that may involve the creation of vortices to dissipate energy for which specialist design is required,What is a Backdrop for large diameter sewers??
with in year storm and Eqn with peaking factors set to Surface in year rainfall event Table Governing Flow for Minimum Design Velocities Refer Section for Equations IW CDS Revision Hydraulic Equations The Colebrook White Equation shall be used for pipe and channel flow calculations,What is the Colebrook White Equation??
Internal flooding refers to buildings which are ormally occupied and used for residential public commercial business or industrial purposes,What is the cause of Internal flooding??
For clarity he list below gives examples of what should be included in the internal flooding category,What should be included in the internal flooding category??
Where the toilet overspills due to blockage and flushing mo re than once this shall ot be classified as internal flooding,Where the toilet overspills due to blockage and flushing mo re than once?
Restricted Toilet Use RTU occurs where there is o internal flooding but where the customer is unable to flush their toilet without risk of causing internal flooding of the property,What is a Restricted Toilet Use RTU??
IW CDS Revision External Sewer Flooding External flooding is defined as flooding which is ot classed as internal,What is External Sewer Flooding??
External areas is split into the following uf Curtilages flooding uf Roads flooding and uf Other External Areas flooding Examples of external flooding within the allocations are curtilage flooding any flooding except internal flooding within the curtilage of residential building this includes detached garages linked detached garages sheds summer houses swimmin pools as these are ot included in the definition of internal flooding Roads flooding including footpaths and Other External Areas flooding external flooding to the external areas of on residential buildings and areas schools offices commercial premises and public buildings public open space agricultural land car parks,What is the definition of external flooding??
For Other External Areas flooding the external areas of offices commercial premises public buildings car parks and agricultural land,What Are Other External Areas Flooding??
GRAVITY SEWER DESIGN FLOWS Existing Networks The design of Existing Networks will be the responsibility of Irish Water or its Agents,What is the design of Existing Networks??
Wastewater flows New Networks The design parameters that are outlined below set out the design flow requirements in terms of growth infiltration peaking factors and misconnection allowances to ensure performance is maintained over the design life of the ew wastewater collection system,What are the design flow requirements for the ew wastewater collection system??
IW CDS Revision Wastewater sewer capacity shall be designed with allowance for some possible surface water connection misconnections even where separate wastewater and surface water sewer etworks exist,What is a surface water connection misconnection??
ance for the delayed flow from slow response run off due to rainfall induced infiltration shall be ignored for the purpose of design of ew wastewater sewers,What is the purpose of design of ew wastewater sewers??
Dry Weather Flow PG Design Foul Flow PfDom PG Pf Dom Ind EGE Pf Trade Eqn Design Flow Eqn SW SW Eqn DWF Dry Weather Flow P Population G Water Consumption Capita PE Commercial Industrial Population GE Commercial Industrial Water Consumption per Capita I Infiltration E Trade low PfDom Peaking factor Domestic PfDom Ind Peaking factor for Domestic element of Industrial PfTrade Peaking factor for Trade Flow SW Surface Water Allowance Domestic SW Surface Water Allowance Commercial Industrial The wastewa ter etwork shall be designed to meet all of the following design flow scenarios IW CDS Revision No,What is Dry Weather Flow??
Design Flow Scenario Criteria Applicable Section Calculation Method Design Foul Flow Eqn,What is Design Foul Flow Eqn?
Low Flow Minimum Velocity Table Table Design Flow Criteria Housing Density ccupancy The following approach should be taken in determining Housing Density and Occupancy Peaking factors applied may be reduced based on review by IW Peaking factors applied may be reduced based on review by IW IW CDS Revision Housing Density New Domestic Housing known Housing Densities as per Lo cal Authority Development Plans,What should be considered in determining Housing Density and Occupancy?
New Domestic Housing unknown Use units ha Existing Housing Actual Housing Densities Table Housing Density Population estimate shall be based on persons per unit,What is the Housing Density Population estimate??
Growth rates may vary geographically depending on potential scale and location of future development that is anticipated,What is a growth rate??
The application of growth rates shall be agreed with Irish Water prior to solu tion development,What is the application of growth rates??
This can be due to incorrect connection of land drainage to the wastewater sewerage system high groundwater inflow into the sewerage system and deteriorated infrastructure giving rise to infiltration to the sewerage etwork from the IW CDS Revision surrounding water table,What causes groundwater inflow into the sewerage system?
The design of sewers in areas there is knowledge of high levels of infiltration shall be based on measured infiltration rates,What is the infiltration rate of sewers in areas where infiltration is high??
Development Infilt ration Rates Existing Development Rates obtained from measurement and or evidenced by in sewer survey Existing Property without measurement or survey data of Unit Consumption PG New Property of Unit Consumption PG Existing Industrial without measurement or survey data of Water Consumption EGE New Industrial of Water Consumption of the Industry EGE Table Infiltration Rates Design solutions for the wastewater etwork and flow quantities to WWTP should take account of the specific ature of the catchment,What are the Infiltration Rates??
At sites where infiltration is recorded as greater than of the domestic wastewater contribution PG the Designe should undertake Cost Benefit Analysis to demonstrate the best way to balance capital spend between etwork flow management infiltration reduction the provision of hydraulic capacity in the sewer etwork and or at the WWTPs,What is a Cost Benefit Analysis??
This analysis should Infiltration Rates may be higher with deeper sewers or sewers that are ear to watercourses or tidal areas due to hydrostatic head,What should Infiltration Rates be??
Infiltration to be determined where possible based on flo surveys measurements Infiltration to be determined where possible based on flow surveys measurements IW CDS Revision take into account the ability of biological treatment process at the WWTP to treat very weak wastewater as well as the implications of high hydraulic loading of the wastewater treatment plant units and processes,What is the impact of high hydraulic loading of the wastewater treatment plant units and processes?
Domestic Wastewater Peaking Factors For the design of ew or upgraded wastewater etworks the peaking factors applied to domestic wastewater flows Pf Dom are to be in accordance with the Table below,What are the Peaking Factors applied to domestic wastewater flows??
Where the population overlaps two bands combination of the two peaking factors shall be used,Where the population overlaps two bands combination of two peaking factors shall be used?
Population Peaking Factor PfDom to to to to Table Peaking Factor Domestic Wastewater Element of Commercial Industrial Flows EGE For the design of ew wastewater etworks the rates for commercial wastewater flows are to be in accordance with the Table below IW CDS Revision Element Flow Rates Existing Premises Based on flow rates on water consumption Known Population of Commercial Flow rates per head from Appendix,What is Peaking Factor??
Unknown Development Type ha of Gross Land Area Table Domestic Element of Commercial Industrial Flows Commercial Wastewater Peaking Factors For the design of ew wastewater etworks the peaking factors applied to commercial wastewater flows are to be in accordance with the Table below Area ha Peaking Factor PfDom Ind Table Commercial Peaking Factors IW CDS Revision Trade Wastewater Flows Different wastewater flows will apply to industrial and commercial source contributions,What are the peaking factors applied to commercial wastewater flows??
In the absence of specific wastewater source contribut ions the commercial industrial trade wastewater flows may be taken from the Table below,What is a commercial industrial trade wastewater flow??
Trade Flow Data Flow Derivation Existing Trade Flows From Trade Section Wastewater Licence or IPPC Licence Discharge Licences Values Proposed Trade Flows Proposed Discharge Licences No available Data Dry Industry Low High ha day Wet Industry Low High ha day Table Trade Flows Trade Wastewater Flow Peaking Factor For the design of ew wastewater etworks the peaking factors applied to trade wastewater flows are to be in accordance with the Table below Data Factor Pf Trade Measured flow data or Peak Licenced Flow Most Onerous of Available Data No measured data Table Trade Peaking Factor Licenced flow may be much greater than measured flow review of historic measured flow licence flow limit may be required to confirm likelihood of the allowable maximum licenced flow being discharged,What are the peaking factors applied to trade wastewater flows??
IW CDS Revision Misconnection Allowance Urban Creep Urban Creep Urban Creep is the loss of permeable area within urban areas creating increased run off from ew impermeable areas which contributes to reduced sewer capacity increased potential flooding and occurrence of pollution incidents due to overflows from SWOs or hydraulic overloading of WWTPs,What is Urban Creep??
It should be oted that urban creep tends to increase over time and may be egligible early on in the asset life,Why urban creep tends to increase over time?
In areas served by combined sewer systems the growth in impermeable area or urban creep causes increases in surface water run off being conveyed to the combined sewers and storm water sewers thus reducing capacity increasing frequency of storm water overflow spills and increasing the risk of se wer flooding,What causes growth in impermeable area or urban creep?
Misconnection Allowance Where there are separate wastewater and storm water sewer etworks the rainfall response in wastewater etworks due to storm water inflow is principally caused by misconnections of storm water drains sewers to the separate wastewater sewer storm water drains being connected to the wastewater drain sewer either unintentionally or intentionally as convenient method of dealing with storm water runoff on premises,What is Misconnection Allowance??
However rainfall response can also be due to direct inflow through defective covers or indirectly via ainfall induced infiltration,What is ainfall induced infiltration??
Misconnections can occur at the outset of ew development due to poor construction practice either within the building around the curtilage of the building or in the public road due to the connection of the service pipe or gully to the incorrect public sewer system storm water source being connected to wastewater sewer system,What can occur at the outset of ew development?
The misconnection conveys storm surface water run off from the impermeable area via the storm drain or sewer to the wastewater sewer,What is a misconnection??
Rainfa ll response in wastewater sewers can be many multiples of orders of magnitude greater than wastewater flow,What is the response in wastewater sewers??
IW CDS Revision This increased inflow response can utilise significant capacity can significantly reduce the design horizon and can cause pollution incidents and ewer flooding,What is an increased inflow response??
Most public wastewater sewers have misconnections and over time some wastewater sewers will exhibit flow response of partially separate sewers wastewater sewer which also carries some storm water flow,What is the flow response of a wastewater sewer??
While removing the misconnectio is preferred finding and addressing the problem is ot always feasible even with extensive intrusive sewer surveys CCTV surveys flow rainfall surveys which will employ substantial resources and result in significant expenditure outlay,What is a misconnectio??
It is consi dered therefore far more cost effective to minimise its occurrence in the first place,What is the cost effective way to minimise its occurrence?
To preserve capacity in public wastewater sewers an increased flow allowance for misconnections should be provided for in the design of public sewers,What is the flow allowance for misconnections??
Misconnection Allowance Domestic SW The increased allowance for residential areas is outlined in the Table her eunder Allowance SW Impermeable survey and or flow survey data existing area Use areas derived from surveys Where o data is available for existing areas and for New Development areas of Gross Site Area,Where o data is available for existing areas and New Development areas?
Existing Combined Sewer Area Use areas derived from surveys Table Misconnection Allowance Residential Areas IW CDS Revision Misconnection Allowance in Commercial Industrial Foul Flows SWe The increased allowance for commercial industrial areas is outlined in the Table hereunder Allowance SW Impermeable survey and or flow survey data existing areas Use areas derived from survey Where o data for existing areas and for ew areas of Gross Site Area,Where o data for existing areas and for ew areas?
Table Misconnection Allowance Commercial Industrial Areas Surface Water Flows As general guide the hydraulic flow load arising from storm water impacting on the capacity of the wastewater sewerage systems should be based on the Design Method outlined in the Table below as fo llows Development Size Method of Design Small Development ha Modified Rational Method Large New Development ha Modified Rational Method or Hydraulic Simulation Preferred Existing Networks Hydraulic Simulation Table Method of Design Where connections are to be made to an existing combined system computer simulation using hydraulic model shall be undertaken with model built in accordance with the IW Wastewater Network Hydr aulic Model Build and Verification Standard IW TEC Where pipes will have less than cover the eed for Computer Simulation shall be considered to check the adequacy of the design against flood risk,What is the Design Method of Design??
IW CDS Revision The Modified Rational Method is detailed in Volume of the Wallingford Procedure and a summary of it is outlined below,What is the Modified Rational Method??
The Modified Rational Method was developed as part of the Wallingford procedure,What is the Modified Rational Method??
It is used to derive peak flow rate and then this is used to select pipe size based on pipe full flow,What is the peak flow rate??
Note is conversion factor to address the rai fall unit being in mm hr Contributing Area Surface Type Impermeability Roofs roads and paved areas Other areas Nil Table Imperm eablility of Contributing Areas Rainfall Intensity For selection of the appropriate rainfall return period and rainfall intensity refer to Appendix Section,What is the appropriate rainfall return period and rainfall intensity??
Where appropriate allowance should be made for run off from exposed rock surfaces derelict land and or run off from saturated on hard surfaces following prolonged wet weather,When appropriate allowance should be made for run off from exposed rock surfaces?
The velocity of the flow in the sewers can be calculated from the hydraulic properties of the pipe based on Colebrook White equation,What is the velocity of the flow in the sewers?
Pipe full velocity is ormally used as good approximation over range of proportional depths,What is a pipe full velocity??
Time of Concentration The time of concentration is the time taken for runoff from the most distant part in terms of travel time of the catchment to reach particular point the design point in the sewer,What is the time of concentration??
The Time of Concentration being the summation of the Time of Entry and the Time of Flow,What is the Time of Concentration??
IW CDS Revision Dimensionless Co efficient Dimensionless Coefficient C VCR CV Volumetric Run off Coefficient CR Routing Coefficient Soil Type Surface Quality CV CR Rapid draining soils low quality surface Heavy soils high quality surface Table Run Off and Routing Coefficient Design Rainfall The design rainfall storm used in the modelling process shall be in accordance with guidance provided in Guidance on Rainfall for Wastewater Modelling in Ireland Wallingford February this guidance addresses the following topics uf Areal Reduction Factor uf Seasonal Correction Factor uf Parameters in the New UK Runoff Equation uf FSU Rainfall Data uf Time Series Rainfall uf Climate Change value of is suggested for most circumstances but where there ar large areas of connected impervious area and soil type and or condition of the surface is considered to be factor may be adjusted as indicated to calculate IW CDS Revision Land Drainage Run Off from Permeable Areas Derelict Land Land drainage flows shall ot be connected into wastewater or combined drains or sewers,What is the value of a rainfall storm??
It is matter for the Local Authority of the area as to whether it would allow land drainage flows to be discharged into the storm water sewerage that is under its control,What is the Local Authority of the area to do??
The method of design in that instance will be dictated by the Local Authority,What is the method of design in that instance??
The existence of flows in existing sewers that convey land drainage shall be assessed in terms of available head and governing topography,What is the flow in existing sewers that convey land drainage??
When assessing the capacity of the connected existing land drainage systems care shall be taken to use appropriate roughness values,When assessing the capacity of the connected existing land drainage systems care shall be taken to use appropriate roughness values?
For small streams and ditches flow estimation shall be in accordance with the Flood Studies Update FSU by the Office of Public Works OPW,What is the Flood Studies Update FSU??
IW CDS Revision Appendix Wastewater Flow Rates for Design IW CDS Revision Flow Rates for Design Per person activity day unless otherwise specified FLOW Litres DOMESTIC DWELLINGS Standard residential Mobile home type caravans with full services INDUSTRIAL Office Factory without canteen Office Factory with canteen Open industrial site construction quarry without canteen Full time Day Staff Part time Staff hr shift SCHOOLS Non residential with canteen cooking on site Non residential without canteen Boarding school residents Boarding school ii day staff inc luding mid day meal HOTELS PUBS CLUBS Hotel Guests Residential Training Conference Guest inclusive all meals Non residential Conference Guest Public House Patrons IW CDS Revision Holiday Camp Chalet Residents Resident Staff Restaurants Full Meals Restaurants pre prepared catering Restaurants Snack Bars bar meals Restaurants Function Rooms including buffets Restaurants Fast Food roadside restaurants Restaurants Fast Food Meal burger chain and similar Students Accommodation only AMENITY SITES Toilet Blocks per use Toilet WC per use Toilet Urinal per use Toilet Blocks in long stay car parks lorry parks per use Shower per use Golf Club Local community sports club squash rugby football Swimming where separate pool exists without an associated sports centre Health Club Sports Centre Tent Sites Caravan Sites Touring ot serviced Caravan Sites ii Static ot serviced Caravan Sites iii Static fully serviced IW CDS Revision HOSPITALS RESIDENTIAL CARE HOMES Residential old people ursing Small Hospitals Large Hospitals Assess Individually Staff figures also apply to other applications Where the Table above does ot include flow rates for the type of activity the rade wastewater flow should be based on the EPA Wastewater Treatment Manuals Treatment Systems for Small Communities Business Leisure Centres and Hotels or on metered water supply from Premises similar to that of the proposed development,What are the Wastewater Flow Rates for Design??
If the rade wastewater flow is still unknown appropriate flow rates should be chose from Section of Appendix IW CDS Revision Appendix Amendments Associated with change from Revision December to Revision July IW CDS Revision Amendment Location Description of Change for Revision General Amendments The Code of Practice has been amended in significant umber of areas,What is the rade wastewater flow rate??
These amendments are listed below in relation to the location of the amendment Section Sub Section etc,What is the location of the amendment Section Sub Section etc??
There are a umber of amendments arising from high level changes and these are referred to General Amendments as opposed to particular amendments,What is a General Amendment??
A general amendment is applied align the terminology within the Code of Practice with th terminology used in the Self lay Connection Agreement where applicable,What is the Self lay Connection Agreement??
As consequence minor amendments are included in many Sections to reflect ew defined terms,What are minor amendments to reflect ew defined terms?
Other general amendments relate to the following The use of IS and IS EN as standards for pre cast concrete manhole units An amended specification for the bedding of chamber cover frames seated with rapid hardening cementitious epoxy or polyester resin mortar with minimum working time of minutes minimum compressive strength of mm and N mm within hours of mixing,What is the standard for the bedding of chamber cover frames seated with rapid hardening??
An amendment specifying the bedding and setting mortar for Class engineering brick under chamber covers frames should be of minimum strength mortar to IS EN Part,What is the minimum strength mortar for Class engineering brick under chamber covers frames??
Changes to IW maintenance responsibility Standard for compliance of PE Pipe joints revised Sampling and testing of PE pipes updated Specification for pipe surround and bedding material amended to reflect IS EN requirements for to and IW CDS Revision Revised requireme t for protection of shallow depth pipework Requirements for torque blocks revised Clarification on telemetry requirements Amendments for PE Auditing Standards and Test Acceptance,What are changes to IW maintenance responsibility Standard for compliance of PE Pipe joints?
The particular changes to the various Sections and Sub Sections of the Code of Practice are outlined below in this list of amendments,What are the changes to the various Sections and Sub Sections of the Code of Practice??
Section Manholes has been expanded to list the Sub Section to,What is the Sub Section to do??
New Sections have been included in part Pumping Stations Section to Section Section to Section and Section,What Sections have been included in part Pumping Stations?
Appendix List of Amendments Associated with Revision has been included Glossary of Terms and Definitions New definitions for the following have been included Building Regulations Business Day Connection Application Connection Point Connection Works Construction Regulations Developer Developments Network PRA Compliant Map Relevant Standards Self Lay Works Sewage and Sewage Effluent Water and Wastewater Services Infrastructure Revised definition of the following have been included Backfill Boundary Completion Certificate Conformance Certificate Connection Offer Connection Works Customer Curtilage Deed of Grant of Easement Irish Water Local Authority Manhole Premises Security Service Connection Trade Effluent Wastewater Wastewater Connection Point and Works,What has been included in the following definitions??
IW CDS Revision Section The sentence has been amended to outline what the Works covers,What is the Works Coverage Section??
Section Amendments have been include to reflect hat Irish Water is responsible for the maintenance of the wastewater service connection in public areas and Figure has been amended accordingly,What is the role of Irish Water in maintaining the wastewater service connection in public areas??
Section Amendments as follows paragraph has bee amended to refer to the Quality Assurance Field Inspection Requirements Manual,What is the Quality Assurance Field Inspection Requirements Manual??
Additional paragraph included after Sub Section to indicate that the issuing of the Conformance Certificate marks the commencement of the Defects iability Period,What is the Defects iability Period??
Sub section to expand the information to be included in Operation and Maintenance Manual of Pump Stations,What is included in the Manual of Pump Stations??
In the case of Storm Water connections to IW Networks Conformance Certificate will ot be issued unless details of the Storm Water system is submitt ed with the Final Documents,What is a Conformance Certificate??
Amended included to require corrections to be addressed by the Developer within reasonable timeframe in advance of the connection being made,What is included to require corrections to be addressed?
Section Amended as follows IW CDS Revision New sentence included at end of paragraph indication that Irish water will undertake investigation of the Works during the Defects Liability Period,What is the Defects Liability Period??
Last paragraph amended to indicate that the Developer is responsible for the operation and maintenance of the infrastructure until the end of the Defects Liability Period,What is the Developer's responsibility for the operation and maintenance of the infrastructure??
The paragraph is amended to indicate that the cost of additional CCTV surveys and investi gations to identify defects will be carried by the Developer,What is the cost of additional CCTV surveys and investi gations?
Section Amendment of the paragraph to indicate that the Developer designer is to be competent,What is the Developer designer's competence??
Section Amendment of the paragraph to in relation to the continued responsibility of the Developer designer and the retention of Professional Indemnity Insurance for period of years after the issue of the Completion Certificate,What is Professional Indemnity Insurance??
New Section included to require the submission of information here construction of the Works is to be carried out on made ground engineered ground or in fill zones and the submission of geotechnical reports and method statements for the construction of the Works,What is required for the submission of information for the construction of the Works?
New Sub Section requiring the submission of Flood Risk Assessment confirming compliance with Section of the Code of Practice along with layout plans of where these occur and method statements for construction,What is a Flood Risk Assessment??
New Sub Section requiring the submission of anti floatation calculations for pump station structures,What is a pump station structure??
IW CDS Revision Section Amended as follows The paragraph has been amended to indicate revised arrangements for the submission of drawings,How to submit drawings to IW CDS Revision Section?
The seventh paragraph has been expanded to require the submission of manufacturer data sheets and certificates for the long with the schedule of materials required for the proposed Works,What is required for the proposed Works??
ew paragraph included to require the submission of hydraulic model of all Storm Sewer systems in ew developments where intended to be connected to the Irish Water combined sewer system,What is included to require the submission of hydraulic model of all Storm Sewer systems?
Sub Section expanded and reference made to compliance with Appendix Section The word should has been replaced with shall in the first sentence,What should have been in the first sentence??
Section Amended as follows ew paragraph has been included to require the Developer to be responsible for the provision of all materials and to have an auditable system in place to trace these materials,What is an auditable system in place to trace these materials?
New Sub Section requiring that the Works do ot have negative impact on the environment,What is the impact of the Works on the environment??
IW CDS Revision New Sub Section requiring the Works to be watertight,What is the Watertight Work??
Sub Section expanded to outline the maximum distances between manholes for sewers an for and greater sewer sizes clarification,What is the maximum distance between manholes??
Specific gui dance from IW is required for infrastructure above these limits,What is gui dance from IW??
Sub Section amended to replace should with shall and to require infrastructure location in public areas or areas to become public where possible,What is the difference between should and shall??
Sub Section amended to replace should with shall in relation to pipes being in straight lined between manholes and to indicate that deg,What is the difference between a pipe and a manhole??
ew Sub Section included to outline requirements for profiling manhole benching to direct inlet flows smoothly to the outlet,What is required for profiling manhole benching??
Sub Section amended to replace should with shall in relation to staggering of storm and wastewater manholes and to ensure clear separation between the manhole structures and the pipework,What is the difference between storm and wastewater manholes??
Sub Section amended to replace should with shall in relation to the coincidental design of asset frastructure and landscaping,What is the design of asset frastructure and landscaping??
ew Sub Section included in relation to separation IW CDS Revision distances for wastewater service connections,What is the ew Sub Section??
Sub Section amended to outline revised horizontal separation distances from the pipe external face for Gravity Sewers Rising Mains to other infrastructure,What is the horizontal separation distance for Gravity Sewers Rising Mains??
Sub Section reinforces the eed for the provision of Deeds of Grant of Easements,What is the eed for Deeds of Grant of Easements??
Sub Section outlines requirements for rising main profiles straight lines or gentle curves in accor dance with manufacturer requirements,What are the requirements for rising main profiles in accor dance??
Sub Section amended to outline requirements in relation to the provision of rodding points on rising mains,What are the requirements in relation to rodding points on rising mains??
Sub Section amended to replace should with shall in relation to rising mains being evenly graded and if ot possible requiring the provision of air valves or scour valves complete with marker plates,What is a scour valve??
Sub Section amended to outline requirements for the ease of pigging scouring rodding and cleaning of rising mains,What are the requirements for pigging scouring rodding and cleaning??
Sub Section amended to reinforce the eed for trace wire in marker tape for rising mains and indicating the colour of the marker tape,What is the colour of the marker tape??
ew Table and te xt is included at the end of Section to clarify requirements for vertical separation distances for wastewater service connections in trafficked and on trafficked areas as set out in Sub Section,What is ew Table and te xt??
Section Section has been significantly amended in relation to the design of Gravity Sewers and it refers to Appendix Gravity Sewer Design,What is Gravity Sewer Design??
Criteria have ow been included to obviate the need for full design to be undertaken in the case where proposed sewer infra structure complies with pipe sizes shown in the Table Sewer Size Gradient for Multiple Properties,What is a Sewer Size Gradient for Multiple Properties??
Section has also been expanded to include maximum pipe gradients for different size sewers and Table Maximum sewer gradients has been included in elation to this,What is the maximum sewer gradient for different size sewers??
Section Amended as follows Section has been amended to include shall instead of should in advan ce of all of the Sub Sections,What has been amended to include shall in advan ce of all of the Sub Sections?
Amended to clarify hierarchy of protection measures for sewers at that are proposed here depths are ot in accordance with Sub Section to Sub Section,What does Sub Section to Sub Section mean??
In addition an absolute minimum depth of cover of in un trafficked areas and mm in trafficked areas is ow required when protection measures are used,What is the minimum depth of cover in untrafked areas and mm in trafficked areas??
Section Amended as follows The paragraph has be en amended to clarify that Sewers are accessed by either manholes generally and access chambers where the sewer is of small size and shallow depth with the size of public side access chamber ominated by mm,What Sewers are accessed by??
ew Sub Section included to describe the requirement for smooth flow invert channel,What is a smooth flow invert channel??
Sub Section amende to outline the requirement for private side inspection chamber and that plastic approved proprietary chambers may be used,What is the requirement for private side inspection chamber??
Sub Section has been qualified to indicate that the renewal maintenance and repair of Drains and associated access accessories upstream of the boundary of the Premises is the responsibility of the property owner,What is Drains and associated access accessories upstream of the boundary of the Premises??
Additional requirements are provi ded at the end of Section dealing with requirements for the private side inspection chamber as well as issues in relation to their location size their reduction in size in confined spaces their location in high density developments etc,What are the requirements for the private side inspection chamber??
Section Amended as follows The paragraph amended to include the dimensions of public side head inspection chamber,What is the size of public side head inspection chamber??
The paragraph has been amended in relation to locating manholes and inspection chambers in high use carriageways,What is a high use carriageway??
The paragraph has bee amended to outline the requirements for backdrop manhole and conditions where cascade manhole would be acceptable,What would be acceptable cascade manhole??
Sub Section has been amended to clarify and expand where the se of pre cast manhole units are ot allowed where the wa ter table is high or where there is perched water table where the manhole is located ear river lake or water IW CDS Revision body etc,What is a pre cast manhole unit??
Additional requirements are included also on the depth of pre cast roof slabs base units etc,What is the depth of pre cast roof slabs base units etc??
It is also required that the omis sion of the concrete surround is only allowed up to a maximum depth of In addition the omission of the concrete surround shall only apply if the wall unit is ot penetrated through with proprietary fixings which could result in the water tightness the unit being compromised,What is the omission of the concrete surround??
Sub Section has been amended to outline requirements for blockwork manholes strength of block mortar etc Sub Section Manhole Dimensions has been amended in relation to the listed minimum manhole sizes and the eed for increased dimensions to accommodate bends multiple inlets etc Sub Section Manhole Bases has been amended to include for the provision of depth of concrete blinding layer under the base,What has been amended to include for the provision of depth of concrete blinding layer under the base?
The minimum thickness of pre cast base beneath the channel invert is set at Sub Section Manhole Walls is amended to outline the requirements for use of cast in situ manholes in areas where the water table is high or likely to be high,What is the minimum thickness of pre cast base beneath the channel invert??
Pre cast manholes units are to be in accordance with IS and IS EN,What is a pre cast manholes unit??
It is also required that the omission of the concrete surround is only allowed up to a maximum depth of In addition the omission of the concrete surround sh all only apply if the wall unit is ot penetrated through with proprietary fixings which could result in the water tightness of the unit being compromised Sub Section Manhole Roofs is amended to require pre cast manholes units are to be in accordance with IS and IS EN Sub Section title has been amended to read Manhole Invert and Benching and has also been amended to address the blanking of redundant channels in pre cast bases Sub Section Manhole Shaft is amended to require pre cast manholes units are to be in accordance with IS and IS EN Sub Section Rocker Pipes is amended to limit the description of rocker pipes to the size of Works covered by the Code of Practice Sub Section Manhole Covers and Frames amended to indicate that clear opening is required square or circular,What is required if the wall unit is ot penetrated through with proprietary fixings?
clarification on the umber of keyways is provided for double triangular covers,What is the umber of keyways??
The width of the engineering brick beneath the frame is to be,What is the width of the engineering brick beneath the frame??
Revised requirements areIW CDS Revision provided for the bedding and seating the frames and for the bedding of the brickwork under the frames,What are the Revised requirements for the bedding and seating the frames??
Clarification is provided on the thickness of galvani sing for ladders complying with IS EN ISO with at lease micron galvanise thickness,What is the thickness of galvani sing for ladders??
Section Amended as follows Sub Section Thermoplastic Structured Wall Pipes fittings may be supplied with Stiffness Class SN complying with IS EN,What is a Stiffness Class SN fitting??
Section Amended as follows The first paragraph is amended to indicate that branch connection is required rather than saddle connection,What is the difference between branch connection and saddle connection??
The header chamber to be provided with sealed man hole cover and frame,What is the header chamber to be provided with sealed man hole cover and frame?
These are generally covering the following The Section has been sub divided into Sub Sections,What is a Sub Section??
Section Amended as follows paragraph of Sub Section has been amended to set limits max and min for the location of the sluice valve stem cap,What is a sluice valve stem cap??
IW CDS Revision Section Amende as follows All chamber cover frames to be bedded with rapid hardening cementitious epoxy or polyester resin mortar with minimum working time of minutes minimum compressive strength of mm and mm within hours of mixing,What is the minimum compressive strength??
All chambers cover frames to be seated on Class engineering brick in min imum strength mortar to IS EN Part,What is a Class engineering brick??
Free draining granular material is required beneath the rain hole in the base slab to allow free drainage of iquid from the chamber,What is required to drain iquid from the chamber?
The paragraph is amended to refer to TII Specification instead of the NRA Specification,What is the TII Specification??
Sub Section paragraph is amended to allow the use of precast roof slab units to IS and IS EN,What is the difference between a precast roof slab unit and an IS EN??
The paragraph has been amended in relation to the seating of the cover and frame and the requirement for bricks and bedding mortar are clarified as outlined above,What is the requirement for bricks and bedding mortar??
Sub Section paragraph has been amended to outline as specification for the seati g of manhole frames support bricks bedding mortar etc,What is the specification for the support of manhole frames??
Section Amended to call in to play the conditions of the Trade Effluent Licence,What is the Trade Effluent Licence??
In addition it is indicated that the use of degreasing agents and enzymes is ot permitted,What is the use of degreasers and enzymes??
Section Amended to outline the requirement for compliance with conditions in the Trade Effluent Licence,What is the Trade Effluent Licence??
Section ew Section is included outlining the requirements for Warning IW CDS Revision Tape when installing Sewers and Rising Mains,What is Warning IW CDS Revision Tape??
Section ew Section is included outlining the requirements for Indicator Plates and Posts for fittings associated with Rising Mains,What are the requirements for Indicator Plates and Posts??
Amended as follows The paragraph is amended to call in the requirements of the Code of Practice,What is the Code of Practice??
Section Transport Infrastructure Ireland is ominated instead of National Roads Authority,Why is Section Transport Infrastructure Ireland ominated instead of National Roads Authority?
Section Amended as follows The paragraph has been amended to ominate pipe bedding and surround material in accordance with the ominations in IS EN,What is the omination in IS EN??
The paragraph is expanded to describe the fill below the pipe invert in the event that over excavation is required in trenches with rock formation,What is the fill below the pipe invert??
The paragraph is clarified to in relation to the requirement to granular surround for both rigid and fl exible pipes,What is the requirement to granular surround??
The paragraph is amended to indicate the thickness of the pipe concrete,What is the thickness of the pipe concrete??
ew paragraph is included to describe the protectio measure relating to the provision of ductile iron pipe where the depth of cover is inadequate,What is the depth of cover??
The last paragraph is amended to call out Transport Infrastructure Ireland is ominated instead of National Roads Authority,Why is Ireland ominated instead of National Roads Authority?
Section Amendments have been included in paragraph which allow alternative Backfill material other than Clause and Clause granular material to be used in pipe trenches within developments subject to written statement from the Roads Authority of the functional area where the development is located being made IW CDS Revision available to Irish Water in the Design Submission,What has been included in paragraph which allow alternative Backfill material?
Amendments included in paragraph outlining specification for Backfill material in green field areas,What is Backfill material in green field areas??
Clause Amendments are included as follows The sentence of the paragraph has been amended to replace The blocks with Anchor and support blocks,What has been amended to replace The blocks with Anchor and support blocks?
The sentence of the paragraph is amended to indicate that thrust blocks are required for bends of deg,What is the thrust block requirement for bends of deg??
The last sentence of the paragraph has bene expanded to indicate that compressible filler board and plastic sheeting is required around polyethylene pipes cast against the concrete of thrust and anchor blocks,What is required around polyethylene pipes cast against the concrete?
The paragraph is clarified in relation to the provision of information by the Developer when specialised pipe support systems are proposed,What is the Developer doing when specialised pipe support systems are proposed??
The last paragraph is amended to outline that anchorage for fully integrated PE pipe systems may ot require anchorage supports,What is anchorage for fully integrated PE pipe systems??
The last paragraph has been further expanded to indicate that where supports are required compressible filler board in accordance with the provisions of IS EN Part to Part wrapped in plastic sheeting having composition in accordance with BS shall be provided for protection between the concrete and the polyethylene pipe,What are the requirements of IS EN Part to Part??
Section Amended as follows The paragraph is amended to ominate IS EN for pressure esting of gravity sewers in addition to IS EN,What is IS EN for pressure esting of gravity sewers?
The paragraph is amended to describe in greater detail the air test requirements for gravity sewer systems in particular LA or LC test requirements,What are the air test requirements for gravity sewer systems??
The paragraph is amended to describe the requ irements for water test and stage testing for steep graded sewer systems,What are the requi irements for water test and stage testing??
The paragraph is amended to outline the water test procedure and the test acceptance criteria,What is the water test procedure and the test acceptance criteria??
The paragraph outlines that manhole infiltration and exfiltration tests are to be carried out and the proportion of manholes tested will be at the discretion of the IW Field Engineer,What is the proportion of manholes tested??
The paragraph has been amended to indicate that the water IW CDS Revision level is to be to the underside of the roof slab rather than to ground level,What is the water IW CDS Revision level??
The paragraph is amended to outline the test procedures and acceptance criteria for manhole infiltration tests,What is the acceptance criteria for manhole infiltration tests??
Section Amended as follows Section has been amended to indicate that pressure testing is to be carried out in the presence of Irish Water field engineer or agent,What has been amended to indicate that pressure testing is to be carried out?
Section Ductile Iron Pressure Testing has been amended to outline revised criteria and settlement time for DI pipe testing,What is the settlement time for DI pipe testing??
Section Amended as follows The paragraph is expanded to outline the requirement for the provision of the private side inspection chamber in accordance with Section of the Code of Practice,What is the requirement for the private side inspection chamber??
The paragraph and been amended to outline that the vertical angle between the service connecting pipe and the horizontal shall be between degrees and,What is the vertical angle between the service connecting pipe and the horizontal??
The paragraph has been amended to indicate that where connection is being made to Sewer wit ominal internal diameter of diameter or less connections is to be made using angle branch junctions,What connection is being made to Sewer wit ominal internal diameter?
The paragraph ahd been amended to indicate that retrospective connections made with junction fittings are to be made by cutting the existing pipe inserting the junction fitting and jointing with flexible repair couplings or slip couplers,What is a slip coupler??
The paragraph is amended in relation to the connection to Sewer with an internal diameter greater than and the requirement for long rad ius bends,What is the requirement for long rad ius bends??
ew paragraph is included to outline criteria for the use of branch or saddle connections,What are the criteria for the use of branch or saddle connections??
The last paragraph is amended to outline the criteria in respect of providing bends in the wastewater service connection,What is the criteria for providing bends in the wastewater service connection??
Previously this Part included should when describing the requirement to comply,What is the requirement to comply with this Part??
The word shall has ow been included where should was previously included as general amendment IW CDS Revision in Part,What shall IW CDS Revision in Part?
is included to require dedicated metered power suppl to be provided to the pump station serving only the pump station equipment and associated plant ew Sub Section is included to require the pump station to be made ready to facilitate the installation of telemetry plant for data reporting to Iris Water central facility Sub Section has been amended in relation to the low metering facilities which is ow required to be provided on the Rising Main as appropriate complete with meter chamber isolating sluice valves etc Sub Section,What is included to require the pump station to be made ready to facilitate the installation of telemetry?
has been expanded to require the odour control equipment to be provided to eliminate the risk of odour nuisance arising comprising vent column complete with passive odour control Sub section expanded to require lifting equipment to be in accordance with Section ew Sub section is included to indicate that safeIW CDS Revision access is to be provided to all components for operating maintaining and possible future replacemen,What is included to indicate that safeIW CDS?
ew Sub section is included to indicate that safe working areas are required around all components of the pumping station Section Amended as follows Sub section expanded to include vacuum tanker instead of tanker Sub section expanded to include equipment replacement Sub section is expanded to outline the location of the inlet sewer relative to the pump delivery pipework and that stainless steel baffle plate complete with stainless steel fixings is to be provided Sub section is expanded to require access to be suitable to accommodate safe sight distances Sub section is included to indicate that security fencing is not required at pump stations except in exceptional circumstances as outlined in Section The paragraph is amended to require the Developer to carry out GMS signal strength survey rather than radio signal strength survey The last paragraph provides requirements for the inlet manhole upstream of the wet wel and the requirement to provide hand operated penstock Section Amended as follows The paragraph is amended to outline that the separation distances relate to habitable commercial industrial and mixed use properties,What is included to indicate that security fencing is not required at pump stations except in exceptional circumstances?
If fencing is required the preferred fence type is ominated palisade fencing and specification for this is provided,What is the preferred fence type??
Section Amended as follows The paragraph is expanded to indicate that the maintenance vehicle should be capable of getting close as possible to the wet well chamber and that this should be achieved withoutIW CDS Revision undertaking unsafe movements,What should the maintenance vehicle be capable of doing to the wet well chamber??
The second paragraph is expanded to ominate the type of kerbing required around the hard standing area,What type of kerbing is required around the hard standing area??
The paragraph is expanded to indicate that the hard standing areas should be designed to carry he avy vehicles that access the site,What should the hard standing areas be designed to carry?
Section Amended as follows The first paragraph has been expanded to outline requirements for the VSD control panel where VDS is provided,What is a VSD control panel??
ew paragraph is included requiring the submission of hydraulic calculation in the Design Submission outlined in Section,What is included requiring the submission of hydraulic calculation?
The paragraph has bee amended in relation to the requirement for emergency storage at pump station,What is the requirement for emergency storage at pump station??
ew paragraph is included which covers situations where balance storage may be required if there are restrictions in the downstream etwork,What is a balance storage requirement??
The paragraph is amende to outline the emergency storage requirements are to be provided in accordance with Section of the Code of Practice to hour storage with hour storage required for developments up to units,What is the emergency storage requirement??
Section Amended as follows Sub Section has been amended to outline the minimum pumping requirements of DWF to DWF,What is a minimum pumping requirement??
Sub Section has been amended to indicate that the minimum rising main diameter is,What is the minimum rising main diameter??
Sub Section has been amended to require the ultrasonic head to be installed in an accessible location while ot impeding access to the wet well,What is a wet well??
ew Sub Section has been included outlining the requirements of the ultrasonic unit,What is the ultrasonic unit??
ew Sub Section has been included to outline the requirement for statutory testing during the Defects Liability Period,What is statutory testing during the Defects Liability Period??
IW CDS Revision ew Sub Section has been included outli ing the requirements for the provision of cables with the pump plant ew Sub Section is included to require the provision of a spare ame plate for the pump in the kiosk Section Amended as follows The paragraph is amended to outl ine revised minimum dimensions and to indicate that benching of the well is required The paragraph is expanded to limit the maximum depth of the wet well to and specific approval of Irish Water is required for deeper units The paragraph has been amended to outline requirements for combined inlet manhole upstream of the wet well chamber which is to include flow control penstock ew paragraph is included to outline the requirements of the overflow pipe and return pipe between the emergency storage tank and the wet well The paragraph is expanded to indicate the requirement for the submission of anti floatation calculation in the Design Submission The and and ew paragraph have been amended to outline requirements for the design of cast in situ pre cast composite and proprietary pre cast concrete wet well units to comply with IS EN Part Design of Concrete Structures Part Liquid retaining and containment structures Tightness Class The paragraph has been expanded to outline require ment for puddle flanges in the pipework passing through the walls of structures,What is included to outline the requirements for the design of concrete wet well units to comply with IS EN Part Design of Concrete Structures Part Liquid retaining and containment structures Tightness Class The paragraph has been amended to outline requirements for a combined inlet manhole upstream of the wet?
In addition the designer is to provide details of the method of sealing pipes openings in pre cast units The paragraph has been amended to set the minimum rising main size as ew last paragraph has been inserted to outline that backfill around the wet well is to incorporate width of Clause material under any structural surrounds and width of free draining around the wet well close to ground level of the unit Section Amended as follows The paragraph has been amended to indicate that emergency overflows to watercourses of Storm Sewers are ot allowed unless specified by Irish Water ew paragraph is included to address the factor of safety of the storage structure against flotation,What is the minimum rising main size of the wet well??
This also indicates the requirement for the submission of anti floatation calculation in the Design Submission The paragraph has bee amended in relation to the requirement for emergency storage at pump station,What is the requirement for the submission of anti floatation calculation in the Design Submission??
The eedIW CDS Revision for hour storage of DWF has been changed for developments of more than units and Table is ow included outlining the storage requirements,What is the eedIW Revision for hour storage of DWF??
The paragraph has been amended to outline requirements for the overflow pipe from the storage tank to he wet well,What is the overflow pipe requirement??
ew paragraph is included to require the submission of appropriate consents from relevant authorities for the allowance of an emergency storage,What is included to require the submission of appropriate consents from relevant authorities?
The paragraph outlining the requirement for aperture size overflow screens and requir ing compliance with the requirements of the Urban Wastewater Treatment Directive Procedures and Criteria in relation to Storm Water Overflows as published by the Department of Environment has been expanded to provide the date of this publication,What is the requirement for aperture size overflow screens??
New paragraphs to have been included to outline requirements for the construction of the emergency storage tank and particularly compliance with IS EN Part Design of Concrete Structures Part Liquid retaining and containment structure Tightness Class and requirements for sealing the pipework passing through the walls of structures,What are the requirements for the emergency storage tank??
In addition the designer is to provide details of the method of sealing pipes openings in pre cast units,What is the method of sealing pipes openings??
ew last paragraph has been inserted to outline that backfill around the wet well is to incorporate width of Clause material under any structural surrounds and width of free draining around the wet well close to ground level of the unit,What is backfill around the wet well??
Section Amended as follows The paragraph has been amende to indicate that the valve chamber is to be sized to adequately house all equipment and provide adequate space for maintenance and plant replacement,What is the valve chamber size??
The and paragraphs have been expanded to outline the requirements for the structural design of the valve chamber,What are the requirements for the valve chamber structural design??
ew paragraph has been inserted to outline that backfill around the wet well is to incorporate width of Clause material under any structural surrounds and width of free draining around the wet well close to ground level of the unit,What is backfill around the wet well??
IW CDS Revision Section The paragraph has been amended to require o flow protection of the pumps and the provision of controller for the meter in the kiosk,What is the flow protection of the pumps??
IW CDS Revision Section This Section has been retitled General Electrical Requirements and has been expanded to outline general electrical requirements,What is General Electrical Requirements??
Section ew Section Form Control Panel Components Additional Requirements has been included outlining the requirements for Form pump control panels,What are the requirements for Form pump control panels??
Section ew Section is included outlining requirements for earthing and bonding,What is required for earthing and bonding??
Section Previously Section the retitled Section it has been amended as follows The paragraph as been amended to indicate that separate power supply iosk will be to the power supplier requirements,What is a separate power supply iosk??
The paragraph is amended to include revised dimensions for the control kiosks,What are the dimensions for the control kiosks??
The paragraph is amended to outline the minimum thickness of the plate for the fabrication of kiosks is reduced to from mm,What is the thickness of the plate for the fabrication of kiosks?
The paragraph has been amended to outline that where additional security is required or where specified in the Planning approval str ucture to house the control panels and associated equipment shall be provided,What is required to house the control panels and associated equipment??
Section ew Section is included outlining the control philosophy for pump stations,What is the control philosophy for pump stations??
Section ew Section is included to outline the requirements for abnormal operation for pump stations,What is the requirement for abnormal operation for pump stations??
Section ew Section is included to outline the testing requirements for pump stations,What is included to outline the testing requirements for pump stations?
Section ew Section is included to outline the requirements for telemetry signalling for pump stations,What is telemetry signalling for pump stations??
Section ew Section is included to outline the requirements for dial out alarms at pump stations,What are the requirements for dial out alarms at pump stations?
ew paragraph is included to outline the requirement of pre cast concrete meter chambers units,What is the requirement of pre cast concrete meter chambers units?
In addition ducts used for ESB Networks cables are to be in accordance with ESB Networks specification and IS colour code ew paragraph has been added to indicate that the lowest positioned chamber is to incorporate drain to soak away,What is the lowest positioned chamber??
The last paragraph has bene amended to outline that consultation with Irish Water is required in relation to the provision of permanent lifting equipment,What is required for the provision of permanent lifting equipment??
Section ew Section is included to outline the testing requirements for liquid retaining structures,What are the testing requirements for liquid retaining structures??
Appendix Additional Standards referred to in the Code of Practice Revision are included in Appendix Previous Appendix The previous Appendix titled Selection of Typical Details has been omitted Appendix Previously Appendix Appendix Gravity Sewer Design has been included outlining revised design requirements for design,What has been included in the Code of Practice Revision??
content Service Guidelines Standards for Water and Sanitation Department CCT CHAPTER INTRODUCTION The Western Cape is region of water scarcity the average annual rainfall is only mm,What is water scarcity in the Western Cape??
Most rainfall is during inter while the period October March is the dry and hot season,What is the dry and hot season??
Since the CCT uses an increasing block tariff IBT structure for water pricing,What is the CCT's water pricing structure??
More recently it implemented the ational policy of free provision of basic services allowing for kilolitres of free water per metered household,What is the policy of the government??
According to this policy the setting of tariffs must ensure oth the free water as well as financially sustainable water supply for the municipality PDG with budget for the water service set by the CCT,What is the policy of the CCT??
The delivery of services in urban areas is often more challenging in the formally settled or low income areas where most of the poor segment of the population lives,What is the delivery of services in urban areas??
Service delivery in such areas is usually far below the minimum requirements of the resident population,What is the minimum requirement of the resident population in such areas??
WATER EMAND CSIR Future water demand is one of the key issues in water supply planning,What is the future water demand??
The following important points regarding the demographic and economic situations determining future water demand should correspond with the contents of the Water Services Devel opment Plan,What is the Water Services Devel opment Plan??
Service Guidelines Standards for Water and Sanitation Department CCT The information required to make proper projections of future requirements includes uf Population grow th uf Economic growth uf Growth in umber of consumer units uf Level of service provided to residential consumer units uf Changes in income levels of residential consumer units uf Changes in consumption per consumer unit uf Effects of water metering programmes and uf Weather patterns and climate,What information is required to make proper projections of future requirements??
At later stage it was recognised that residential demand estimates should preferably be based on actual water use per town as recorded by the treasurer City of Johannesburg cited in Jacobs et,What should residential demand estimates be based on?
Guidelines for the estimation of demand base don stand size are however still widely used and promoted Austin cited in Jacobs et,What is a demand base??
guideline based on sta d size should only be used when more accurate methods are ot available,What is a guideline based on sta d size??
Treasury systems contain wealth of information but closed database structures often obscure knowledge on the actual water demand required for analysis,What is the actual water demand required for analysis??
It has su bsequently become possible to abstract and analyse water information from treasury databases for selected municipalities who have employed these software tools,What is water information from treasury databases for selected municipalities??
Results from such studies could also be used to construct guidelines for demand estimation based on stand size as sole explanatory variable model with one explanatory variable or independent variable is termed single coefficient model,What is a single coefficient model??
Such guidelines can then be used in cases where more accurate methods are ot affordable,What is the cost of such a method??
Guidelines for Residential Demand Estimation The construction of three guidelines curves and corresponding envelope curves are discussed separately for three geographic regions and two stand types,What are the three guidelines curves and corresponding envelope curves??
When tand size is available as the sole explanatory variable these curves will provide more accurate water demand estimate than those previously published,What is tand size??
In each case the mathematical demand functions as well as the resulting curves are provided for practic al application,What are the mathematical demand functions as well as the resulting curves??
If it is assumed that Cape Town Ekurhuleni and George represent the coastal winter rainfall region inland summer rainfall region and coastal annual rainfall region of the country respectively the following guidelines for demand estimat ion can be constructed,What is the difference between inland summer rainfall region and coastal annual rainfall region??
The change in slope could be partly explained by considering the fact that o distinction could be made between townships and suburbs in the data sets of Cape Town,What could be made between townships and suburbs in the data sets of Cape Town?
Cape Town where township type and suburb type stands are combined in one dat asets a different slope could be expected above stand size of approximately m²,What is the slope of a township??
Two equations were calculated based on the least squares method for stand sizes m² to m² and m² to m²,What is the least squares method for stand sizes??
The R² values of and respectively or the correlation between the linear equations and the data points are relatively high single linear fit was also constructed but was discarded in favour of the former method mainly due to the linear curve being less conservative for AADD estimates etween stand sizes of m² and m²,What is the correlation between the linear equations and the data points??
The mathematical form of the guideline curve is presented in Figure is Service Guidelines Standards for Water and Sanitation Department CCT Figu re Math ematical Form of Guideline Curve Equation Least Squares Equation Guideline Curve Qv m² m² m² m² When average annual water demand kl stand day single residential stand size m² And subscript denotes the coastal winter rainfall region Envelope curves coastal winter rainfall region The upper boundary of the envelope is more critical than lower and was also split into two sections,What is the upper boundary of the envelope??
The same two slopes as in quation were used but the two equations ere constructed to intersect the highest point of all the individual databases that for Tygerberg at m² with an AADD of refer to igure,What is the highest point of all the individual databases??
Service Guidelines Standards for Water and Sanitation Department CCT Figure Tygerberg at m² with an AADD of The lower envelope follows the slope of the linear trend through the combined Cape Town data but the intersect of the linear equation was moved down by visual inspection to originate just below the lowest point,What is the slope of the linear trend??
The mathematical description of the envelope curve is Equation Envelope Curve Equation QHIGH QHIGH m² m² m² m² Equation Envelope Curve Equation QLOW QLOW m² m² Where QHIGH Upper boundary of the envelope of average annual water demand Kl stand day QLOW Lower envelope of average annual water demand kl stand day Sing le residential stand size m² and subscript denotes the coastal winter rainfall region Service Guidelines Standards for Water and Sanitation Department CCT CHAPTER THE WATERBORNE SANITATION SYSTEM,Where QHIGH Upper boundary of the envelope of average annual water demand?
Unit Design lows TABLE Average daily flows Page To be replaced by the following table,What is the average daily flow??
Average Daily Flows Domestic Average dry weather flow ADWF person dwell day persons dwelling dwell day Office Retail Commercial kl ha of floor area hour day Industrial Maximum discharge kl ha site area working day,What is the average dry weather flow??
Hydraulic esign Minimum size of main sewers Page Table Minimum size of main sewers Domestic Office Retail Commercial mm ominal ID Industrial mm ominal ID Table Minimum sewer gradients Page To be replaced by the following tables For mm ID sewers the following is to apply Service Guidelines Standards for Water and Sanitation Department CCT Table,What is mm ominal ID??
Minimum sewer gradients for mm ID sewers Number of dwellings Minimum grades Less than More than For diameters gr eater than mm the following is to apply Table,What is a mm ID sewer??
In servitudes mm In road reserves mm uf Curved alignment Page uf Curved alignment is ot permitted,What is a Curved alignment??
uf Midblock sewers are ot permissible unless demanded by the local topography,What is a Midblock sewer??
uf When used midblock sewers must be protected by means of registered servitudes and accessible for maintenance,What is a midblock sewer??
uf In general the width of servitudes must be twice the depth of the sewer at its dee pest point,What is the width of servitudes??
uf No large trees with invasive root systems are permitted within metres of servitudes,What is invasive root system??
Manholes A Location and spacing Page Maximum distance between manholes Generally o manholes are to be located on private property but if required they are to be placed maximum of from boundaries but ever on boundary line,What is the maximum distance between manholes??
D Design Page All manholes to be constructed in accordance with SA NS,How to construct a manhole?
Alternative materials for manhole covers and frames may be used providing the cover complies with the strength test as per SA NS,What is the strength test for manhole covers and frames??
Table Minimum size of Sewer Connections Erf connections TYPE SIZE Domestic Retail Office Commercial Light Industrial Heavy Industrial mm mm mm The follo wing is to be added Boundary chambers rodding eyes are to be placed o further than off the street and common erf boundaries,What is the minimum size of Sewer Connections??
A Dept and cover Page To read minimum depth of cover,What is the minimum depth of cover??
In servitudes mm In road reserves mm B Type detail Page All connection sewers to be designed in accordance with detail drawings,How to design sewers in accordance with detail drawings?
Pipes and oints Page uf The following materials may be used uf a,What may be used uf a pipe or oints Page?
Fibre Cement pipes up to diameter bitumen dipped minimum series with triplex couplings SABAS ot in industrial areas,What is a SABAS ot??
All information on ew sewer lines must be provided in electronic format for GIS purposes in addition to hard copies,What is ew sewer lines??
All as built information must be supplied in both electronic and hard copy,What must be supplied in both electronic and hard copy?
Service Guidelines Standards for Water and Sanitation Department CCT CHAPTER STANDARD SPECIFICATION FOR STEEL PIP FITTINGS AND SPECIALS,What are the Service Guidelines Standards for Water and Sanitation Department??
SCOPE uf This standard covers the manufacture and supply of straight butt seam or spiral butt seam electrically welded steel pipe fittings and specials intended for the conveyance of water in accordance with SA NS as ame ded and the following variations and additional requirements,What is SA NS as ame ded??
Definitions uf For the purpose of this standard the following definitions shall apply uf Approved approved by the Engineer uf Contractor the person firm or corporation executing the contrac to supply the pipe fittings and specials uf Council the Cape Metropolitan Council uf Engineer the Executive Director Water and Waste or his authorised representative uf Fitting bends tees collars uf Special any manipulated or fabricated pipe ot being fitting,What is a pipe fitting??
Material uf The steel grade shall conform to SA NS Grade or,What is the steel grade for??
Length uf Each pipe shall have the length stated in the Schedule of Quantities and shall ot vary from the specified length by more than mm,What is the length of each pipe??
Fittings and specials shall ot vary from the specified length by more than mm,What is the difference between the specified length and the specified width??
Diameter uf The pipes shall be manufactured in the ominal sizes and with the outsi de diameters as shown in Table,What is the diameter of the pipes??
Unless otherwise agreed the tolerance on the outside pipe diameter for distance of mm from the end of the pipe using diam eter tape shall be as follows mm ominal diameter and smaller mm mm Greater than mm ominal diameter mm mm,What is the tolerance on the outside pipe diameter??
Over the remainder of the pipe the tolerances shall be as follows mm ominal diameter and less in mm Greater than mm ominal diameter or mm whichever is less in mm,What are the tolerances for mm ominal diameter??
Out of Roundness uf Except where more restrictive tolerances apply the difference between the maximum and minimum values of the outside diameter of the pipe measured across any plane at right angles to the axis shall ot exceed of the relevant outside diameter shown in Table,Where more restrictive tolerances apply the difference between the maximum and minimum values of the outside diameter of the pipe measured across any plane?
Straightness Pipe walls shall be parallel to the axis within mm for each in length,What is a straightness pipe wall??
Wall Thickness The thickness shal ot be less than the minimum shown in Table,What is Wall Thickness??
General All fittings and specials shall have dimensions in accordance with the requirements of BS except as hereinafter specified and shall ave the same outside diameters as the corresponding pipes,What are the dimensions of fittings and specials??
shall be of the same steel type as supplied for the pipes,What type of pipe is supplied??
Bends Bends shall be fabricated from straight lengths of pipe cut bevele shaped and welded,What is Bends Bends??
Reducers Reducers shall have diametrical reduction of mm per mm of length of the tapered portion and shall have plain ends mm long unless otherwise specified in the Schedule,What are the Reducers??
Where required for thrust resistance or spe cified in the Schedule they shall also have an anchor ring,What is an anchor ring??
Tees and Crosses All branches shall be flanged unless otherwise specified in the Schedule of Quantities,What is flanged??
For ominal pipe diameters larger than mm the distance from the centre line of the main barrel to the mating face of the flange shall be outside diameter of main barrel mm for branches of mm ominal diameter and smaller and outside diameter of main barrel mm for branches greater than mm nominal dia meter,What is the distance from the centre of the main barrel to the mating face of the flange??
All tees and crosses shall be reinforced in accordance with AWWA Manual,What is the AWWA Manual??
Scour Tees Scour tees shall comply with the requirements of Tees except that the branches shall be tangential to the main barrel,What are the requirements of Scour Tees??
Flanges Flanges shall exc ept where otherwise stated be in accordance with Table for maximum working pressure of MPa,What is the maximum working pressure of MPa??
The jointing material shall comply with the requirements of BS as amended,What is the jointing material??
Welding Collars Where required in the Schedule welding collars shall be supplied in accordance with Table,What is required in the Schedule welding collars??
Sleeved Joints Where required in the Schedule sleeved joints for internal or external field welding hall permit an angular set of between adjacent pipes without impairing the efficiency of the joint,What is a Sleeved Joint??
The sleeve shall be accurately formed in accordance with Table so as to obtain sliding fit,What is a sliding sleeve??
The maximum clearance over the pipe shall be mm and the minimum clearance mm,What is the minimum clearance over the pipe??
The outside of the pipe shall be free of indentations projections or roll marks for distance of mm from each end,What is the distance between the pipe and the indentations??
Pipe Ends for welding Where required in the Schedule the ends shall be beveled for welding as specified in SANS,What is required to be beveled for welding??
or sheathed all straight pipes fittings and specials shall be hydrostatically tested under cover at the Contractor factory in testing machine to pressure which will stress the steel circumferentiall to of its yield stress,What is the yield stress on the steel??
uf The testing machine shall be of design which will allow steady application of the test pressure and shall be equipped with an accurate pressure gauge,What is a pressure gauge??
Provision shall also be made for Service Guidelines Standards for Water and Sanitation Department CCT expelling all air from any pipe fitting or special under test during filling and before application of the pressure,What are the Service Guidelines Standards for Water and Sanitation Department CCT??
uf The pressure shall be steadily applied and be maintained sufficiently long for proof and inspection but in o case for less than three minutes,What is a pressure test??
Each pipe fitting and special shall withstand this test without showing any leakage weep sweat or other defect,What is a leakage weep sweat or other defect??
Should leakage occur at any weld such weld shall be repaired in accordance with the specification,What should leakage occur at any weld??
uf All pipes fittings and specials which have passed the hydrostatic test shall be stamped with the Contractor test stamp,What is the Contractor test stamp??
The Engineer may call for the re testin of any pipe fitting or special which was ot tested in his presence,What was ot tested in his presence?
uf If such pipe fitting or special passes the re test all costs incurred in carrying out the re testing shall be borne by the Council,What is a re test??
Dye Penetration Testing of Fittings and Specials uf All bends other fittings and specials whose shape precludes their being tested in terms of Clause shall be tested by the application of an approved penetrate dye to all welds,What is a Dye Penetration Testing of Welds??
uf Where fittings and specials tested in terms of this Clause have been ma ufactured from straight pipe such pipe before being cut shall be hydrostatically tested in accordance with this specification,What happens when pipe is cut??
Visual inspection All finished pipes and specials shall be visually examined and shall be free of injurious defects as defin ed in API section,What is an injurious defect??
These shall extend over the full effective length of each pipe fitting or special except for those with plain or spigot ends where the sheathing shall cease mm from the plain or spigot end,What shall the sheathing be??
Preparation uf All pipes fittings and specials shall be cleaned both inside and outside of all rust loose mill scale paint grease oil or othe foreign matter including solidified welding material outside of the weld proper,What should be cleaned inside and outside of the weld proper??
Cement Mortar uf The cement mortar shall be composed of Po rtland ement in accordance with SANS as amended sand in accordance with SA NS as amended and water well mixed and of proper consistency to obtain dense homogeneous lining that will adhere firmly to the pipe surface,What is Cement Mortar uf??
The aggregate to cement ratio shall ot exceed and the water content shall be the minimum consistent with workability and the process used,What is the aggregate to cement ratio??
Thickness uf All pipes fittings and specials shall have cement mortar lining which shall have thickness in accordance with he following table Service Guidelines Standards for Water and Sanitation Department CCT Table,What is the Thickness uf all pipes fittings and specials??
Cement Mortar Lining Thickness NOMINAL DIAMETER OF PIPE FITTING OR SPECIAL IN mm THICKNESS OF LINING IN mm TOLERANCE mm MINIMUM BORE mm to to greater than uf Pipes up to mm ominal diameter shall allow sphere with the minimum bore diameter to roll through under gravity and without hindrance to ensure the minimum bore for he pipe,What is the minimum bore diameter of a pipe??
Method of Application uf The lining shall be applied to pipes and straight fittings and specials by spinning or other approved method and to fittings and specials whose shapes preclude this method by hand plastering or other approved process,What is the lining method??
All ater and laitance expelled during the lining operation shall be removed in such manner that the surface of the lining shall be smooth straight and true,What is the surface of the lining??
uf At suitable time after completion of the lining operation as determined by experiment the spun lining shall be given steel trowelled or smoothing bar finish by skilled workers,What is the spin lining??
uf The finished lining shall be dense firm and adhere igidly to the surface,What is the finished lining??
The lining shall be tested by lightly tapping the surface with light hammer,How to test the lining with light hammer?
Any pipe fitting or special where there is o bond between the lining and the steel shall be rejected,What is a pipe fitting or special where there is o bond between the lining and the steel?
Defective lining shall be repaired to the satis faction of the Engineer,What is the satis faction of the Engineer??
Reinforcement uf The lining of all fittings specials make up pieces where their length is less than their diameter and at welded joints of ominal diameter mm and greater shall be reinforced by means of mm mm mm diameter wire fabric,What is a welded joint??
General After the initial set has taken place the mortar lining shall be cured by water or steam as hereinafter specified,What is the mortar lining??
Water Curing uf Where water curing is to be used it shall be commenced ot longer than twelve hours after completion of the lining,What is Water Curing uf??
The lining shall be continually sprayed with water by means of approved atomising sprinkler eads placed inside the pipes fittings and specials,What is a sprinkler ead??
They shall be so spaced and be of such capacity as to keep the entire surface of the lining continually wet for period of ot less than hours,What is a wet lining??
uf Where exterior sheathing is to be applied after lini g its application shall be commenced ot less than hours after completion of the lining and in this case water spraying may be interrupted for maximum of hours for any particular sheathing operation,What happens when sheathing is to be applied after lini g?
uf When water spraying is recommenced after she athing precautions shall be taken so as to ensure that the sheathing is ot damaged by the escaping water,When water spraying is recommenced after sheathing?
Except for the sheathing operation o pipe fitting or special shall be disturbed or moved during the curing period,What happens when a pipe fitting or special is disturbed or moved during the curing period?
Steam Curing uf When steam curi g is to be used it shall be commenced ot longer than hours after completion of the lining,What is Steam Curing uf??
The steam shall be introduced slowly and the total surface of the lining kept in contact with moist steam at temperature of ot less than and ot more th an for period of ot less than hours,What is the temperature of the lining??
uf When exterior sheathing is to be applied after lining its application shall ot be commenced until after completion of the steam curing,What is the steam curing process??
If the mix is different to that specified then the proposed mix shall be submitted with the Tender for approval by the Engineer,What is the Tender for??
It shall ot be subject to Alkali Aggregate Reaction where the aggregate expands deleteriously,Why is the aggregate expanding deleteriously??
Thickness uf All pipes fittings and specials shall have an exterior sheathing which shall have thickness in accordance with the following table uf Table,What shall the pipe fittings and specials be??
Pipes Fittings and Specials Exterior Sheathing Thickness NOMINAL DIAMETER OF PIPE FITTING OR SPECIAL IN mm THICKNESS mm Up to Greater than,What is the difference between a pipe and a special??
Method of Application uf The mortar shall be applied by an approved method,How to Apply uf The mortar shall be applied?
Fittings and specials whose shape precludes the approved method shall have the sheat hing applied by hand plastering or other approved process,What is the sheat hing application process??
Sheathings shall be tested by lightly tapping the surface with light hammer,How to test sheathings with light hammer?
Any pipe fitting or special where here is o bond between the sheathing and the steel shall be rejected,What should I do if there is o bond between the sheathing and the steel??
Reinforcement uf The exterior sheathing of all pipes fittings and specials shall be reinforced by mm diamete steel wire wrapped around the circumference,What shall be reinforced by mm diamete steel wire?
The wire shall be tack welded to the surface at each end,Why is the wire tack welded to the surface at each end??
All fittings and specials whose shape precludes this method of reinforcement shall have their sheathing reinforced in similar manner to that specified in Clause,What is a sheathing reinforcement method??
Curing uf The exterior sheathing shall be cured in similar manner to the lining except that the minimum duration of the curing shall be hours and hours for water and steam respectively,What shall be the minimum duration of the curing??
Protection against Corrosion uf Hot metal sprayed coatings shall be in accordance with SANS and shall comply with the following The minimum coating thickness for both aluminium and zinc shall be uf dm,What is the minimum coating thickness for both aluminium and zinc??
The thickness shall be checked on every surface plane at points ot more than mm apart for small articles and mm for large articles,What shall be checked on every surface plane for small articles and mm for large articles?
Angles shall be checked along all surfaces cha nels along all surfaces pipes in planes,What Angles shall be checked along all surfaces?
The minus tolerance on thickness in isolated areas shall also ot exceed and such low areas shall ot be larger than mm in diameter,What shall ot be the minus tolerance in isolated areas??
The time between surface preparation and coating shall be shortene from hours to hours at any application area closer than km from the coast,What shall the time between surface preparation and coating be??
The system shall consist of low viscosity sealant whi ch is applied until absorption is complete followed by suitable coating system,What shall be the sealant??
uf The sealant systems outlined below are acceptable where appropriate for the particular application,What is a sealant system??
System Application of an epoxy zinc sealer to dft of uf dm Sigmari te Sealer or equivalent,What is an epoxy zinc sealer??
Application of two coats of epoxy pipe coating to dft per coat of uf dm Sigmarite EHB or equivalent,What is a dft??
System Application of micaceous oxide pigmented polyamide cured epoxy to achieve dft of uf dm Sigmarite Sealer or equivalent,What is a sealer??
One coat of solvent borne modified acrylic coating to achieve dft of uf dm Sigma Topacryl coating or equivalent,What do you need to achieve dft??
One coat of solven borne modified acrylic finish to dft of uf dm Sigma Topacryl finish or equivalent,What is a topacryl finish??
Marking uf All pipes fittings and specials shall have the following information stencilled in black painted characters ot less than mm in height on the inside as close to both ends as is possible and so as to be clearly visible from outs ide,What is a Marking uf??
the serial umber in order of manufacture the ominal diameter in millimetres the effective length to the earest mm the working pressure in metres head,What is the working pressure in metres head??
uf All fittings and specials shall be marked in the same anner with the following additional information tees the ominal diameter of the branch in millimeters and its effective length to the nearest mm bends the angle of deflection in degrees reducers the ominal diameter of each end in millimetres the tender umber,What is the ominal diameter of the branch in millimeters??
The bracing shall be so designed as to prevent the pipes fittings and specials from exceeding out of roundness as measured on the diameter and shall have su fficient bearing surfaces to prevent damage to the lining or sheathing,What shall the bracing do??
uf All pipes fittings and specials shall be delivered and stacked by the Contractor at the pipe yard or other site specified in the Schedule of Quantities,What happens when pipes are delivered and stacked by the Contractor?
Service Guidelines Standards for Water and Sanitation Department CCT uf They shall be eatly and met hodically arranged off the ground or as directed by the Engineer and they shall be deemed to have been delivered to the Council as soon as they have been stacked to the satisfaction of inspected and accepted by the Engineer,What are the Service Guidelines Standards for Water and Sanitation Department CCT??
uf The minimum rate of and the rder of delivery shall be as stated in the Schedule of Quantities,What is the minimum rate of and the rder of delivery?
uf Should any pipes fittings or specials be damaged in any way and through any cause whatsoever during delivery and stacking or should they suffer damage subsequently due to the faulty st acking such damage shall be made good forthwith by the Contractor at his own expense and to the satisfaction of the Engineer,What happens if pipes fittings or specials are damaged in any way and through any cause whatsoever during delivery and stacking?
SERVICES INFRASTRUCTURE WAT ER BR ANCH Table Pipe Details NOMINAL SIZE mm OUTSIDE DIAMETER mm MINIMUM STEEL THICKNESS mm Service Guidelines Standards for Water and Sanitation Department CCT SERVICES INFRASTRUCTURE WATER BRANCH Table Flange Dimensions For Working Pressure of MPa Amended August NOMINAL DIAMETER OF PIPE mm DIAMETER OF FLANGE mm DIAMETER OF BOLT CIRCLE mm NUMBER OF BOLTS BOLT DESIGNATION DIAMETER OF BOLT HOLES mm WROUGHT STEEL mm NOTE The above table is based upon BS Table for sizes up to and including mm ominal diameter and AWWA Manu al for sizes greater than mm nominal diameter,What is a pipe size??
Service Guidelines Standards for Water and Sanitation Department CCT SERVICES INFRASTRUCTURE WATER BRANCH Table,What is the Service Guidelines for Water and Sanitation Department??
Welding Collar Details NOMINAL SIZE mm INTERNAL DIAMETER mm WIDTH mm STEEL THICKNESS mm WELDING BEAD TO BE GROUND FLUSH ON INSIDE OF COLLAR Service Guidelines Standards for Water and Sanitation Department CCT WATER BRANCH CE WS FEB,What is a Welding Collar??
Definitions For the purpose of this standard the following definitions shall apply uf approved approved by the Engineer uf contractor the person firm or corporation executing the contract to supply pipes fittings and specials uf council the Council of the City of Cape Town uf engineer the City Engineer or his authorised representative uf fittings bends tees collars uf straight pipe of uniform outside diameter uf special any manipulated or fabricated pipe ot being fitting,What are the definitions of pipe fittings??
Supplementary Requirements uf uf Supplementary requirements may be gi ven in the Schedule of Quantities which must be read in conjunction with this standard,What is a Supplementary Requirement??
Inspection uf All work done and material furnished may be inspected by the Engineer during all phases of manufacture and testing but such inspection shall ot relieve th Contractor of his responsibility to furnish material and perform work in accordance with this standard,What is the Contractor's responsibility??
Materials and Workmanship uf All work done shall be done by artisans skilled in their trades,What are the trades of the artisans??
Drawings uf Drawings shall be either the Engineer drawings or the Contractor drawings approved by the Engineer,What are the Drawings uf Drawings?
Working Pressure uf The working pressure of all pipes couplings ittings and specials shall be MPa unless otherwise specified in the Schedule of Quantities,What is working pressure uf??
Pipes uf All pipes shall be in lengths or as per manufacturer product which generally range from to in the case of PVC HDPE maybe longer and shall omply with the requirements of SANS for COD pipes,What are the requirements of SANS for COD pipes??
Dipping uf All pipes shall be bitumen dipped unless otherwise specified in the Schedule of Quantities,What is bitumen dipped??
The bitumen coating shall form an intimate bond with the pipe and shall ot peel flake or disintegrate either when the pipes are stored in the open prior to use or when they are buried in the ground,What happens when the pipe is buried in the ground?
The coating shall ot contain any products obtained from the destructive distillation of coal,What is a coal coating??
The Contractor shall include the cost bitumen dipping in the prices quoted in his tender,What is bitumen dipping??
Couplings uf All fibre cement couplings shall comply with the requir ements of SA NS for COD pipes and shall be bitumen dipped as in above,What is required for COD pipes??
uf All mechanical type couplings shall comply with the Council Standard Specification CE WS,What is the Council Standard Specification CE WS??
Cast Iron uf Cast iron fittings and specials shall comply with the requirements of SA NS and shall be cement lined in the same manner as is required for steel fittings and specials,What is required for steel fittings and specials??
Flanges uf Unless otherwise specified in the Schedule of Quantities flanges for fittings and specials shall be in accord ance with Table,What is Table of Quantities??
SCOPE uf This specification covers the manufacture of cast iron cast steel and spheroidal graphite iron gate val ves from mm to mm ominal diameter with flanged spigotted or socketted joints,What is the SCOPE uf specification??
Working Pressures uf The valves shall be suitable for working pressures of up to either MPa or MPa as specified in the Schedule,What is the Working Pressure uf The valves shall be suitable for working pressures up to either MPa or MPa as specified in the Schedule?
General uf The valves shall omply with the requirements of SA NS as amended Class Type for working pressures up to MPa and with the requirements of SANS as amended Class Type for working pressures up to MPa together with the following additi onal requirements uf the ends of the valves shall be flanged or spigotted or socketted to suit uPVC pipes as specified in the Schedule uf the spindles shall be on rising uf the spindles shall be fitted with caps unless otherwise specified in the Schedule uf the direction of closing shall be anti clockwise uf the dimensions of flanges shall conform to th values given in either Table attached hereto for orking pressures up to MPa or Table attached hereto for working pressures up to MPa and shall be drilled off centre line uf the design of all valves shall be such that they may be mounted in any position uf valves for working pressures above MPa shall be fitted with ball bearing spindle thrust collars Service Guidelines Standards for Water and Sanitation Department CCT,What are the requirements of SA NS and SANS as amended Class Type for working pressures up to MPa??
Wedge Gate Valves uf valves of mm ominal diameter for working pressures above MPa and all valves of mm ominal diameter shall be fitted with spur reduction gear having an advantage of ot less than uf the gate and spindle lugs shall be machined uf the seat rings hall be pinned uf the gland packing shall comply with the requirements of BS Types or consisting of virgin Teflon or Aramid fibres shall be strictly on toxic and suitable for this application uf the gland shall be secured to the stuffing box wi th bronze bolts and uts in accordance with SA NS as amended,What is required of a gland packing??
Resilient seal valves uf The materials for construction shall be Body bonnet gate Spheroidal graphite iron and gland to SA NS SG Spindle Stainless steel to BS Part or Spindle ut Aluminium bronze Corrosion protection Internal and external sintered powder epoxy coating in accordance with SA NS Type,What shall be the materials for construction??
Service Guidelines Standards for Water and Sanitation Department CCT SERVICES INFRASTRUCTURE WATER BRANCH Table Flange Dimensions For Working Pressure of MPa Amended August NOMINAL DIAMETE R OF PIPE mm DIAMETE R OF FLANGE mm DIAMETER OF BOLT CIRCLE mm NUMBE R OF BOLTS BOLT DESIGN ATION DIAMETE R OF BOLT HOLES mm THICKNESS OF FLANGE CAST IRON mm WROU GHT STEEL mm FORGE D OR CAST STEEL VALV ES mm NOTE The above table is based upon BS able for sizes up to and including mm nominal diameter and AWWA Manual for sizes greater than mm ominal diameter,What is the ominal diameter of a pipe??
Service Guidelines Standards for Water and Sanitation Department CCT WATER BRANCH CE WS Revised January CHAPTER SPECIFICATION FOR WATER METER BOXES AND FITTINGS,What is the Water and Sanitation Department's Service Guidelines Standards??
Material uf The boxes shall be of metallic or on metallic SA NS approved with lockable but removable lid and be suitable for installation in the footway or lightly trafficked areas,What is SA NS approved??
Fittings uf The fittings shall be of brass or approved plastic shall include stop valve on the inlet side of the meter and shall be suc as to permit of the removal of the meter from the box without the eed either to remove the fittings or to disturb the box,What is a stop valve??
Metallic parts in contact with the water shall be manufactured from dezincification resistant brass which when tested in accorda ce with ISO o individual reading shall show penetration exceeding m two samples being taken from each cast component one from the thinnest and the other from the thickest part and one sample from each other component,What shall the metal parts in contact with the water be??
The inlet and outlet connections shall be threaded internally or externally to ISO to suit the ominal bore of the meter to be installed,What is the ominal bore of the meter??
Service Guidelines Standards for Water and Sanitation Department CCT CHAPTER SPECIFICATIONS FOR ELECTRONIC FLOW LIMITER VALVE FITTED TO METER BOX FITTED WITH WATER METER AND FITTINGS uf,What are the Service Guidelines Standards for Water and Sanitation Department??
Features uf This unit will operate without the requirement for mains power and the volumes of water delivered shall comply ith the Water Services Act,What is the Water Services Act??
uf The entire unit Meter and valve unit must have metrology approval from the SABS NCRS,What is the SABS NCRS??
uf The unit must be able to be interrogated reprogrammed and audited in situ via field service terminal laptop or hand held terminal uf The unit must be compa tible with any pulse output water meter and fitted with security Anti tamper seal and must also be able to function correctly in both the horizontal and vertical positions,What is a pulse output water meter??
The valve should be able to shut off at least an hour after any of the above tampering takes place,What is tampering??
Valve Body uf uf The valve and body must be waterproof IP submerged robust chemical and UV resistant or UV stabilized as in many cases it will be fitted underground,What is a Valve Body??
plastic grade glass filled ylon reinforced to Pn Pn pressure rated,What is the pressure rated ylon??
Service Guidelines Standards for Water and Sanitation Department CCT uf Water must be delivered at full bore pressure and ot on trickle flow basis and there must be o change in pressure or flow,What are the Service Guidelines for Water and Sanitation Department??
The preset volume of water delivered shall ot vary with pressure fluctuations with flow rate range of to litr es per hour and pressure rating of bar to bar,What is the preset volume of water delivered??
uf It must be compatible with wide range of water meters,What is a watermeter??
Meter in Box uf The meter must be assembled inside the meter box along with the unit and ball cock on the meter side before the meter on Council side,What is the meter on Council side??
uf It must be indicated the method used to connect the unit to the meter and the box,How to connect the unit to the meter and the box?
After assembly test uf uf Each unit meter and flow limiter to be water tested pressure tested certificate of compliance,What is the flow limiter??
Electronic PCB Controller uf uf It must be IP sealed for maximum durability with user friendly Software compatible to be installed on Laptop Palmtop or any other Field Terminal Device upon approval,What is a Field Terminal Device??
Software and Operating features uf uf The software settings must be able to determine the opening time closing time daily limit all daily allocation quantity limits settings are to be specified by client and access to the setting to be limited password protected and to be client specified by complying with the free basic water for all based on minimum quantity of potab le water of litres per person per day or litres per day per household in this case and data logging of water consumption Records meter index and event dates,What is the opening time closing time daily limit??
uf Any change in setting must require password by Authorised users must be store and reflect when data logging,What is the password for data logging??
Service Guidelines Standards for Water and Sanitation Department CCT uf The unit must contain full three month transaction history of quantity of water delivered Daily hourly and monthly consum ption profile for day period,What is the Water and Sanitation Department CCT uf?
uf The unit must have built in real time clock with daily or monthly limitation Any daily unused limit maybe carried over to ext day limit until the end of the month before the next cycle starts provided that at the end of each month if the user had ot exceeded its full allocation it may ot be carried over to the ext month,What is a daily unused limit??
uf Easy to use fully automated devices for settings can be considered as part of the proposal approach and methodology,How to use Fully Automated Devices for Settings?
The programmable settings of the unit must be such that it can be configured to minimum of different types of settings values or as per client The City of Cape Town Authorised person to give the instruction full flow or then programmable as per customer specific eeds These should be set at any given setting by authorised personnel,What are the programmable settings of the unit??
Other additions to each specifi software package are to form part of the specifications,What are the other additions to the specifications??
uf The Software must be made to be compatible with the City of Cape Town SAP system for extraction of information and meter audit and water balance,What is the City of Cape Town SAP system for extraction of information??
uf Supplier to provide an understanding of how the training will be offered to the city how often to whom and follow ups,How often will the training be offered to the city?
Tamper proof uf built in safety mechanism for all operating system is required,What is a Tamper proof uf??
uf When the pulse cabl has been destroyed or tampered with the device should go into locked mode valve closes,When the pulse cabl has been destroyed or tampered with?
Software must then be able to open the valve and setup for normal mode once it has been reported,What is a normal valve??
uf This function should is vitally important and should form part of all reporting mechanism,What is a reporting mechanism??
uf The unit must have the option of an additional display reflecting the same information as that which is displayed on the unit in the ground water that is still available for the day as the water is being used that can be easily installed inside the home proof of this to be provided uf Access information display to the home owner must be proposed to archive this function,What is displayed on the unit in the water that is still available for the day?
AMR feature uf AMR options shall have at least distance of line of sight communication between valve and Field Terminal Device,What is a Field Terminal Device AMR feature??
Battery uf Battery life span must at least be between years in an enclosed waterproof design supply proof,What is the life span of a battery??
It will be preferable ot to replace the entire unit The integrated unit inclusive of the water meter must carry an SABS approval Metrology Cer tification,What is a water meter??
General uf Required information from bidder pertaining to the unit uf Historic usage of this same unit within South Africa and within Local Government proof of this is essential with reference umbers uf SABS NCRS Metrological certificate for the it as whole and for the meter individually is essential,What is the SABS NCRS Metrological certificate??
uf Statistics relating to supply uf Display unit for inside the house reflecting information from the unit in ground Service Guidelines Standards for Water and Sanitation Department CCT uf ISO Certification for the manufacturing process of the device itself uf Brief wr ite up on company and history of company covering the following a Number of employees b Factory turn over production history proof to be supplied c After sales service and contact details for reference purposes d Comprehensive Training programme related to the unit and all its functionality e Facility for training and maintenance within the boundaries of The City of Cape Town,What is the company's history??
Scope This standard covers the manufacture of uPVC pipes and pressure bends and cast iron fittings and specials intended for the conveyance of water,What is the standard for the manufacture of uPVC pipes and pressure bends?
Definitions For the purpose of this standard the following definitions shall apply uf Approved approved by the Engineer uf Contractor the person firm or corporation executing the contract to supply pipes fittings and specials uf Council the Council of the City of Cape Town uf Engineer the City Engineer or his authorised representative uf Fitting bends tees collars uf Special any manipulated or fabricated pipe ot being fitting,What are the definitions of a pipe fitting??
Supplementary Requirements Supplementary requirements may be given in the Schedule of Quantities which must be read in conjunction with this standard,What are Supplementary Requirements??
Inspection uf All work done and materials furnished may be inspected by the Engineer during all phases of manufacture and testing but such inspection shall ot relieve the Contractor of his responsibility to furnish material and perform work in accordance ith this standard,What is the Contractor's responsibility??
Working Pressure uf The working pressure of all pipes fittings and specials shall be MPa unless otherwise specified in the Schedule of Quantities,What is working pressure uf??
Pipes uf The pipes shall comply with the requirements of SA NS Class and shall be in lengths complete with integral socket and rubber ring seal,What is SA NS Class and shall be in lengths complete with integral socket and rubber ring seal?
Flanges uf Unless otherwise specified in the Schedule of Quantities flanges for fittings and specials shall be in accordance with Table,What is Table of Quantities??
GENERAL uf The stopcocks shall comply with the requirements of SA NS as amended Class except where it is in conflict with this specification,What is SA NS as amended Class??
End Connections uf The stopcocks shall be provided with either female or compression type end connections as specified in the Schedule,What is a stopcock??
Spindles uf The st opcocks shall be supplied without crutches and the sizes across the flats of the square ends sha ll be in accordance with Table Table Stopcock design specifications NOMINAL SIZE mm DIAMETER OF SPINDLE mm SIZE ACROSS FLA TS mm WATER BRANCH Service Guidelines Standards for Water and Sanitation Department CCT CE WS CHAPTER SPECIFICATION FOR DUCTILE IRON SADDLES,What is the size of a st opcock??
GENERAL The saddles shall be manufacture in ductile iron in accordance with SA NS as amended and shall conform to the dimensions as shown on attached drawing umber,What is SA NS as amended??
The mallea bility of the complete fitting bolted together shall be tested in accordance with SA NS,What is SA NS testing??
uf The bolts and uts shall be of electro galvanized mild steel having an ultimate tensile strength size from mm to mm to,What is the ultimate tensile strength??
uf The saddle pieces shall be supplied complete with the base sealing gaskets as detailed and in accordance with SA NS as amended,What is SA NS as amended??
Where required in the Schedule the saddles shall be drilled to any size from mm to mm to,Where required in the Schedule saddles shall be drilled to any size?
Service Guidelines Standards for Water and Sanitation Department CCT CHAPTER STANDARD FOR PLUMBING MATERIAL IN LOW COST HOUSING PROJECTS,What is the Service Guidelines Standards for Water and Sanitation Department??
General The suitability of plumbing materials in low cost housing units has to be viewed from the perspe ctive of pricing its water saving capabilities durability and the risk of it being stolen for its scrap value,What is the risk of it being stolen for its scrap value?
An important item although ot material related is the location of water meters in low cost housing schemes,What is the location of water meters in low cost housing schemes??
Often where the meter is locat ed on lot accessibility for reading purposes is compromised when occupants later erect high fences for security reasons,When occupants later erect high fences?
The best position for the meter is outside the property in an undercover location on the footway or vertically mounted against the welling very effective for low coat housing,What is the best position for the meter??
Material It should also be borne in mind that all materials must comply with the relevant SA NS JASWIC Joint Acceptance Scheme for Water Installation Components standards,What is a Water Installation Components Standard??
However provision has been made in the by law for Council to use pipes fittings and other plumbing components which are ot on the Jaswic list should this be required in order to evaluate the suitability of ew materials for spec ific applications,Why not use pipes fittings and other plumbing components which are not on the Jaswic list??
An important part in the installation of water pipes in underground locations is the condition of the soil in which the pipe is to be laid,What is the condition of the soil in which the pipe is to be laid?
Copper Copper pipe is historically the preferred material in the Cape Town region,What is copper pipe? Copper pipe is historically the preferred material in the Cape Town region?
Class pipe is however much more expensive than the other clas,What is the cost of clastic pipe??
Copper pipe should ot be laid in soil that contains ash salt and chemicals such as ammonia and magnesite,What should a copper pipe be laid in??
The Wat er Services Hillstar depot has been using it for the installation of ew water connections ranging in size from to mm since approximately and it has proven to be very reliable,What is a ew water connection??
It should ot be laid in soil that is contaminated with petrol oil and umber of other chemicals,What should be laid in soil that is contaminated with petrol oil?
These chemicals permeate through the wall of the pipe resulting in bad taste and smell in the drinking water,What happens when these chemicals permeate through the wall of the pipe?
In such cases the ly solution is to replace the pipe with class copper since the smell and taste lingers and cannot be eliminated from the plastic pipe,What is the ly solution??
This condition affects all pipes and fittings manufactured from plastic polymers and is therefore ot only restricte to polycop piping,What is the condition of polycop piping??
For this reason in the case of plans approval for service station we call for copper pipe to be used in both above ground and underground applications in the forecourt area where invariably spills of oil petrol will take place,Why use copper pipe in both above ground and underground applications?
It is imperative that only SA NS approved class polycop pipe is used,What is SA NS approved class polycop pipe??
It has been found that the lighter class pipe is ot so durable,What is the difference between the lighter class pipe and the heavier class pipe??
This is found to be the case when we have to process rebate claims for underground defects on private properties,What is the rebate claim for underground defects on private properties??
It has also been fo und that moles have special affinity for these pipes and many an underground leak is due to hole having been gnawed into the pipe,What is the problem with a pipe leak??
Other types of plastic pipes There is ho st of other plastic pipes and pipe systems for potable water installation on the market,What are other types of plastic pipes and pipe systems for potable water installation?
The problems with many of these systems are that special tools are required to facilitate its installation and that the fittings are ot always readily available,What are the problems with many of these systems??
Galvanised mild steel pipes It should be oted that in line with our Water services by law galvani sed mild steel pipes and fittings are ot allowed to convey water supplied from the Municipality mains,What is allowed to convey water supplied from the Municipality mains?
It is also soft and therefore aggressive in ature and re acts with other metallic pipes such as galvanised steel and Aluminium,Why is it so aggressive in ature and re acts??
When considering laying pipes above ground the following factors eed to be taken into account uf Provision should be made for expansion the effects of thermal changes must be considered,What should be considered when considering laying pipes above ground??
Suffici ent support should be included in order to prevent sagging of the pipeline,What is sagging of the pipeline??
The pipe should be strapped to the support leaving room for movement,What should the pipe be strapped to the support leaving room for movement?
uf Adequate anchoring should provided especially in steep slopes and directional and elevation changes,What should anchoring be provided in steep slopes and directional and elevation changes??
Material used for piping system above ground All the previously mentioned pipes except for galvanised mild steel pipes can be used in above ground installations,What is the material used for piping system above ground?
Class is an extremely hard thin walled pipe which should ot be formed into labour bends,What is a labour bend??
Any change of direction in the piping system should be achieved by the use of copcal capillary soldered fittings,What is soldered fittings??
full range of tee pieces and bends of various angles is provided for this purpose,What is a tee piece??
Class pipe has thicker wall than class and is in turn thinner walled than lass,What is the wall thickness of lass pipe??
Both classes and can be formed into labour bends which reduces the need for fitting saves time during installation and gives improved flow,What is a labour bend??
Although copper pipe systems are durabl and very popular with plumbers in above ground applications it is prone to theft,What is a copper pipe system??
This can be problematic in low cost housing where we have experienced in certain instances that the occupants of the house have in fact removed brass and copper from the plumbing system to be sold as scrap,What happens when the occupants of the house have removed brass and copper from the plumbing system to be sold as scrap?
In its effort to avoid this type of behavior the maintenance section of Housing Department is investigating the use of an all plastic threaded type of piping system,What is a piping system??
Copper systems are also more expensive than co mparable plastic pipe installations,What is the cost of copper pipe installations??
Some plastic pipes have conditions imposed when used in hot water installations,What are the conditions imposed when used in hot water installations??
Should pipe rupture during fire it would result in severe pressure loss rendering the fire fighting system ineffective,What would happen if pipe rupture during fire??
Taps and Stopcocks It is oted with concern that all the less expensive chrome plated taps for kitchen sinks and wash hand basins have spouts that cannot accommodate water savin aerator,What are the less expensive chrome plated taps for kitchen sinks and wash hand basins??
An in line flow controller supplying less than litres per minute installed in the supply line to the tap should solve this problem,What is a flow controller??
This would also conform to the by law requir ement that basin tap should ot discharge more than litres per minute,What would a basin tap discharge??
Ball valves ballostops should be used in place of stopcocks since they are less expensive and also have better flow characteristics,What are the flow characteristics of ballostops??
Service Guidelines Standards for Water and Sanitation Department CCT In the case of outside garden taps pla stic tap would be most suitable since it doesn represent much in terms of scrap value,What is the case for outside taps??
Colour Taps has such product on the market but currently it is ot JASWIC approved,What is a JASWIC approved product??
Council can permit it to be installed without JASWIC approval as per the pr ovision of the by law but experience has shown that in ormal use as garden tap it is ot very durable,What is the cost of a garden tap??
Water closet cisterns There are various models of cisterns on the market,What is a cistern??
One of the most suitable for low cost housing is the litre Shires duranite unit,What is a litre Shires duranite unit??
This ty pe of flushing mechanism does ot cause water to trickle leak into the pan when the system is ot in use,What does ot cause water to trickle leak into the pan?
This problem is ormally experienced with the type of flushing valve that employs flapper rubber to seal off the water at the bottom of the cister This leakage can be tremendous source of wastage since it ormally carries on around the clock until it is repaired,What is the cause of this leakage??
This type of wastage would ormally go undetected in low cost housing units,What type of wastage would go undetected?
Another one of this cistern positive features is plastic float valve with an Aluminium arm,What is a cistern positive feature??
Brass float valve arms are ormally removed and sold for its scrap value,What is the value of brass float valve arms??
With this type of cistern an exte rnal overflow pipe is installed,What is a cistern??
Any overflow of water from it due to defective float valve would be readily discernible whilst this will ot be the case with flapper rubber type valve which has an internal overflow as an integral part,What is a flapper rubber type valve??
If there were sufficient height for its installation copper tank combination gravity feed hot water cylinder would be the best option for low cost housing,What would be the best option for low cost housing??
This type of cylinder has float valve similar to the one installed in he cistern and therefore its maintenance is minimal,What is a float valve??
Some and kPa units have galvanised steel inner tanks and these require sacrificial anode to protect it against the corrosive effects of the aggressive soft water being supplied by Council,What is a sacrificial anode??
This anode has to be inspected regularly and eplaced when this becomes ecessary,What is anode eplaced??
The lower delivery pressure of the and kPa copper tank cylinders also contributes to saving of water since this equates to lower flow rates at terminal fittings,What is the difference between a kPa tank cylinder and a copper tank??
Both types of pressurised hot water cylinders require pressure reducing valve pressure relief valve sometimes the two are combined temperature and pressure safety valve and vacuum breakers,What are the two types of pressurised hot water cylinders??
Galvanised tank cylinders have been known to rupture after only years in service,What has happened to galvanised tank cylinders??
General The Contractor shall supply all pipes specials valves hydrants surface boxes jointing material and all other material ecessary for the construction of the water mains and pipework,What is the Contractor's obligation to supply??
Jointing Material All pipes valves and specials shall be supplied complete with all ecessary jointing material including rubber rings bolts uts washers couplings packing and jointing compound depending on the type of joint to be supplied,What Type of Jointing Material Should I Supply??
The cost of supplying all jointing materials shall be deemed to be included in the price tendered for the pipes valves and specials in the Schedule of Quantities unless otherwise specified and scheduled,What is the cost of supplying jointing materials??
Bolts and uts for mechanical joints shall comply with SA NS,What is SA NS for mechanical joints??
FC and uPVC Pipes and Specials All saddles shall comply with CE WS,What is the difference between a saddle and a special??
CI Pipes and Specials Cast iron pipes and specials shall comply with the requirements of the relevant Standard Specification as follows Ductile iron pipes and fittings BS Cast iron flanged pipes and specials and flanged fittings BS Cast iron fittings or fibre cement pressure pipes SANS All cast iron pipes specials and fittings shall be protected by coating externally and internally as specified in the Council Standard Specification CE WS,What are the requirements of the Council Standard Specification??
Concrete Sleeve Pipes All concrete sleeve pipes shall be reinforced centrifugally spun with Ogee or other approved type ends and shall conform to the requirements of SA NS Class,What are the requirements of SA NS Class Pipes??
Service Guidelines Standards for Water and Sanitation Department CCT All control valves of mm diameter or less shall be of the sluice valve type and all control valves greater than mm diameter shall be of the butterfly type,What is the butterfly type of control valve??
Gate Valves All gate valves shall comply with the requirements of the Council Standard Specification CE WS,What is the Council Standard Specification CE WS??
Butterfly Valves All butterfly valves shall comply with the Council Standard Specification CE WS,What is the Council Standard Specification CE WS??
Air Valves Air valves shall be either single ball or double ball type as specified in the Schedule and shall comply with the requirements of the Council Standard Specification CE WS,What are the requirements of the Council Standard Specification CE WS?
Surface Boxes C sur face boxes for valve and hydrant chambers shall comply with the requirements of SANS and shall be bitumen coated as specified therein,What are the requirements of SANS??
Types as detailed in SA NS shall be as follows Sluice Valves Type unless otherwise specified,What type of sluice valve do you use??
Proper vehicles plant implements tools machinery slings equipment and other facilities shall be provided and used by the Contractor to the satisfaction of the Engineer for the safe and efficient handling of all pipes specials valves and fittings,What shall the Contractor do to ensure the safe and efficient handling of all pipes and fittings??
Vehicles shall be driven at speed which will avoid damage to the material being transported,What is the speed of a vehicle??
Laying of Pipes General Immediately before being laid each pipe valve special and fitting and all jointing material hall be thoroughly cleaned and carefully examined both inside and outside for possible damage,How to Lay Pipes General Immediately before being laid each pipe valve special and fitting and all jointing material hall be thoroughly cleaned and carefully examined?
No water from the trench shall be allowed to enter any pipe valve special or fitting,What happens when water enters a pipe valve special or fitting??
The Contracto shall ensure that o dirt stones or other foreign matter enters or is left in the pipeline,What happens when dirt stones or other foreign matter enters the pipeline??
Pipes shall ot be deflected in any direction more than the li mits recommended by the manufacturer,What is a pipe deflector??
Service Guidelines Standards for Water and Sanitation Department CCT The pipes shall generally be laid with cover of To avoid other services the cover may be gradually increased or decreased to minimum cover of and maximum cover of Steel units manufactured in accordance with CE WS shall be used where it is ecessary to cross other services at depths outside these limits,What shall be the minimum cover of and maximum cover of??
Any variations in the cover of to shall be brought to the attention of the Engineer and shall have his written approval,What shall be the Engineer's written approval??
All specials shall be placed in the exact position shown on the drawings and pipes shall be cut as ecessary,What specials shall be placed in the exact position shown on the drawings?
Laying of pipe Bedding backfilling and compacting The pipes shall be placed directly on an approved trench bottom after this has been hand trimmed to ensure that the pipe will be supported throughout the length of its barrel,What should be placed on an approved trench bottom?
Joints holes shall be formed in the trench bottom for pipe sockets and couplings,What is a pipe socket??
Where rock or other deleterious matter is encountered the trench shall be excavated a minimum depth of mm below the specified depth and the over excavation filled with sand firmly compacted to provide cushion for the pipe,Where rock or other deleterious matter is encountered?
The pipe shall be backfill ed with material compacted in mm layers by hand tamping or other approved methods to minimum height of mm above the crown of the pipe,What is backfill ed with??
The main fill material shall be placed in mm thick layers prior to compaction and compacted to of Mod,What is the main fill material??
Class Designation All pipes shall be laid so that the letters or figures designating the class of pipe are on top and clearly visible for inspection,What is a Class Designation??
General The surface of all joints sha ll be thoroughly cleaned before the joint is made and all joints shall be watertight and shall be tested hydraulically as hereinafter specified,What is the condition of a joint??
Any joint which leaks or sweats shall be completely dismantled inspected and remade to the satisfaction of th Engineer save that where he considers that the defect is due to insufficient tightness of uts the Engineer may permit the defect to be rectified by additional tightening,What should a leak or sweat be??
Fibre Cement and uPVC Pipes Only approved push home or mechanical ype couplings shall be used in accordance with the manufacturer recommendations,What is a push home coupling??
Only approved push home or mechanical type couplings shall be used for jointing to plain ended specials valves and hydrants,What type of couplings shall be used for jointing to hydrants and valves??
Bolted Joints All bolted joints shall be made in such way that all uts are tightened evenly in sequence round the circumference,What is a Bolted Joint??
Protection of Joints As soon as possible after each joint has been made and before it is covered up all joints or fittings with exposed metal shall be externally protected against corrosion in such manner that the whole fitting has continuous impervious external covering,What is the Coverage of Joints??
Where mechanical type couplings are used the entire coupling shall be encased in cement mortar consisting of part Portland cement to parts of fine aggregate by weight,When mechanical type couplings are used?
The minimum cover to the metal shall be mm and the mortar shall be poured into moulds or diapers supplied by the Contractor to the approval of the Engineer,What shall be the minimum cover to the metal??
Installing Specials All tees for air valves shall be installed with the flanged branches vertical,How to Install Specials All tees shall be installed with the flanged branches vertical?
Installing Valves and Fittings All valves shall be set with their spindles vertical unless otherwise required in the Contract Documents or ordered,How to Set Up Valves and Fittings?
Installing Specials All end caps bends and tees shall be provided with concrete thrust blocks to prevent movement of the special concerned,What is required to prevent movement of the special concerned?
In sandy material which will ot stand the thrust face of the thrust block shall be vertical and it shall be backfilled with selected material compacted in layers ot exceeding mm prior to compaction to of Mod,What shall be the thrust face of the thrust block??
Valve Chambers All valves shall be enclosed in chambers conforming to the requirements of the Council standard drawings,What are the requirements of the Council standard drawings??
Hydraulic Testing All pipelines shall be tested hydraulically in sections between valves or as agreed with the Engineer,What is Hydraulic Testing??
No testing shall be carried out until at least hours after the last concrete thrust block has been cast if high early strength cement is used or at least days if standard Portland cement is used,What shall be the results of testing if high early strength cement is used??
The pipeline shall be slowly and completely filled with water and allowed to stand for such time as may be approved by the Engineer to allow for absorption,What happens when the pipeline is completely filled with water??
While the pipeline is under hydraulic test it shall be inspected for leaks movement or other defects,When the pipeline is under hydraulic test it shall be inspected for leaks?
Should any defect be found it shall be repaired or the defective item shall be replaced as ordered and at the Contractor expense,What should a defect be found??
The apparatus used for hydraulic testing shall be subject to the approval of the Engineer and shall be itted with connection for attaching the Engineer check gauge,What is the Engineer check gauge??
Service Guidelines Standards for Water and Sanitation Department CCT Water required for hydraul ic testing can be obtained from the earest convenient Council hydrant at o charge,What is the cost of hydraul ic testing??
Where o convenient hydrant exists metered communication pipe from the Council mains will be provid ed,Where o convenient hydrant exists?
Where further testing is required for whatever reason ecessitating filling the mains second or subsequent time the Contractor shall pay for the water supplied at the current miscellaneous tariff rate,Where further testing is required for whatever reason ecessitating filling the mains?
When charging the mains with water one iece foam plug density kg of approved manufacture shall be passed through the pipe system to finally clean the pipes,When charging the mains with water one iece foam plug density kg shall be passed through the pipe system?
The sizes to be used are for mm diameter mains mm diameter long for mm diameter mains mm diameter long other sizes on application to the Senior Superintendent Distribution,What are the sizes to be used??
The cost of these plugs and the work entailed shall be included in the rates tendered for sterilisation,What is the cost of these plugs and the work entailed??
The Contractor shall consult the Engineer regarding the programme for cleaning with plugs prior to the laying of mains,What is the programme for cleaning with plugs before laying of mains??
Alterations to Existing Mains The connection of the water reticulation to the existing Council water mains will be undertaken departmentally,What is the connection of the water reticulation to the existing Council water mains??
The Contractor is required to lay all water mai s within the development including the last valve and one length of pipe beyond such valve on each line which is to be connected to an existing Council water main,What is the Contractor required to lay within the development including the last valve and one length of pipe beyond such valve?
which are to be built in shall be accurately set and fixed in position and shall be steel to CE WS,What are to be built in??
The maximum deviation of the direction of the centre line of the completed pipework shall ot be more than mm per metre or more than total of mm from ve rtical or horizontal lines or other lines indicated on the drawings,What is the maximum deviation of the direction of the centre line of the completed pipework??
after the main concrete or brickwork has been placed in which case he shall be responsible for ensuring that the completed work is watertight,what he is responsible for ensuring that the completed work is watertight?
Pipe work in Buildings The requirements of this specification regarding th handling laying jointing testing etc,What are the requirements of this specification regarding th handling laying jointing testing?
The Contractor shall ensure that all pipes valves and specials are accurately placed and secured in position that pipes are accurately laid to the lines levels and slopes shown on the drawings and that the completed work presents eat accurate and workmanlike appearance,What does the Contractor do to ensure that all pipes valves and specials are accurately placed and secured?
General The communication pipes connections includ ing stopcocks and meter boxes shall be installed strictly in accordance with the relevant Waterworks standard drawings,What is the Waterworks Standard Drawing??
Copper or polypropylene pipe shall be used for the connections and shall be connected to FC of uPVC pipes by means of approved full way ball valves or brass ferrules screwed into saddles,What is the connection to uPVC pipes??
The saddles shall be clamped to the pipes and the pipes shall then be drilled and tapped for the insertion of the full way ball valves or ferrules,What shall be the insertion of the ball valves or ferrules??
Only mm and or mm full way ball valves shall be used with such adaptors as may be ecessary,What is a full way ball valve??
The saddles and full way ball valves shall be protected against corrosion by encasement in cement mortar consisting of part Portland cement to arts of fine aggregate by weight,What is the cost of encasement in cement mortar??
The minimum cover to the metal shall be mm and the mortar shall be poured into moulds or diapers supplied by the Contractor to the approval of the Engineer,What shall be the minimum cover to the metal??
Existing Communication Pipes Connections Existing communication pipe shall be disconnected from the existing mains and reconnected to the ew mains the piping being shortened or extended as ecessary,What is Existing Communication Pipes Connections??
Existing communication pipes are to be altered as required on the drawings with the minimum cessation of supply,What is the minimum cessation of supply??
The Contractor shall otify the Supervisory Water Inspector at least one working day in advance and provide written otice to all affected partie of their intentions to interrupt the supply of water stating times and period of discontinuity of supply,What is the Contractor's intention to interrupt the supply of water?
Materials Supply Unless otherwise specified or detailed in the Schedule of Quantities the Contractor shall supply all materials which shal all appear on the Council List of Accepted Components,What is the Contractor's Material Supply Schedule of Quantities??
All saddles shall conform to the Council Standard Specification for Saddle Pieces CE WS,What is the Council Standard Specification for Saddle Pieces CE WS??
Stopcocks shall comply with the requirements of the Council Standard Specification CE WS,What is the Council Standard Specification CE WS??
The Contract or shall ensure that he has an ample supply of all the sizes and types of fittings likely to be eeded so that communication pipes can be installed with the least possible delay and interruption of supply to the consumer,What is the cost of a pipe installation??
Sterilization If connec tion is required to be made to main under pressure prior arrangements shall be made with the Waterworks Superintendent and the Contractor shall ensure that the material and equipment used is properly sterilized,What is the Contractor's obligation to sterilize the material and equipment used??
A Talbot Steripress with Talcol chlorinat ing agent or similar approved equipment and material shall be used for making the connection under pressure,Why use a Talbot Steripress??
Service Guidelines Standards for Water and Sanitation Department CCT WATER BRANCH CE WS CHAPTER STANDARD SPECIFICATION FOR FIRE HYDRANTS,What is the Service Guidelines Standards for Water and Sanitation Department??
GENERAL The hydrant shall consist of mm valve bend extension piece adaptor and outlet assembled as shown on drawing Append ix,What does a hydrant consist of??
The inlet flange shall be protected until required for use by means of wooden blank flange bolted in position,What is a blank flange??
All bolts and uts shall comp ly with SA NS as amended and shall be electro galvanised,What is the difference between a bolt and ut??
Valve The valves shall be of sound construction and of approved design and manufacture and shall comply with the requirements of the Council Standard Specification Number CE WS,What is the Council Standard Specification Number CE WS??
Bend The bend shall be manufactured in accordance with drawing umber Appendix and the Council Standard Specification CE WS,What is Bend The bend shall be manufactured in accordance with the Council Standard Specification CE WS?
Extension Piece The extension piece shall be manufactured in accordance with the Council Standard Specification CE WS and shall be of mm ominal diameter and mm long,What is the Council Standard Specification CE WS??
Reducer Adaptor The reducer flange shall be manufactured in accordance with drawing Appendix F and shall be of mild steel,What is a Reducer Adaptor??
Outlet The outlet shall manufactured in accordance with drawing Appendix and shall be of gun metal,What shall the outlet be made of??
Jointing Material Jointing material shall comply with the requirements of SA NS as amended and the tenderer shall state the type of material offered,What type of material is offered??
WATER DEMAND The water demand figures adopted for design purposes should be based on projected value say years hence,What is the water demand for the design of a house??
The figures given in the guidelines allow for rising standards of living and are the actual figures anticipated for the year based on per cent per annum compounded growth,What are the figures given in the guidelines??
The water demand figures given apply to townships with flush sanitation,What is the water demand for townships with flush sanitation??
The wa ter demand figures are given in Appendix Table SW,What are the wa ter demand figures??
Figures for special residential erven of area larger than are ot given as these large erven occur rarely in ew townships,What are the figures for residential erven of area larger than are ot given?
Designers should ote that in adopted water demand figures for specific cognizance must be taken of local factors such as income level climate and water charges when interpolating between the upper and lower limits provided in these guidelines,What is the difference between the upper and lower water demand figures??
Hydraulic formulae For the purpose of calcul ating friction losses in pipelines any of the recognized hydraulic formulae may be used,What are the hydraulic formulae used for friction losses in pipelines??
Peak factors To obtain the residual head in the reticulation at any point it is ecessary to balance the network using instantaneous peak flows,What is a peak flow??
The annual average daily demand multiplied by the peak factor gives the instantaneous peak flow,What is the peak flow rate??
Fire fighting requirements The provision of water for fire fighting should comply with the requirements as described in SA NS Code of Practise for Community Protection Against Fire but with the deviations from the code as provided in Appendix Tables SW to this document,What is the difference between a fire fighting requirement and a water supply??
Residual pressures The reticulation should be designed such that the residual pres sure in the reticulation main at any point is within the limits given in Table,What is a Residual pressure??
The residual pressures applicable during fire flow conditions are given in the paragraph above,What are the residual pressures applicable during fire flow conditions??
Table Reticulation Main Limit Types of dev elopment Minimum head under instantaneous peak demand Maximum head under zero flow conditions Dwelling houses for higher income level Dwelling houses for iddle income level Dwelling houses for lower income level All development other than dwelling houses for all income levels Service Guidelines Standards for Water and Sanitation Department CCT Plus the height difference between the main and the highest ground level at any point on the erf ot exceeding from the boundary adjacent to the main,What is the height difference between the main and the highest ground level?
Table Communication Pipes Across Road Income level Minimum actual internal diameter mm Serving two erven Serving one erf Higher branching to reducing to at the erf Middle branching to reducing to at the erf Lower branching to Table Communication Pipes on Near Side of Road Income level Minimum actual internal diameter mm Serving two erven Serving one erf Higher branching to Middle branching to Lower branching to The communication pipe may be reduced to mm inimum actual interval diameter provided the minimum head in the reticulation main at the take off point for the erf connection under instantaneous peak demand is ot less than For development other than dwelling units metered individually the comm unication pipe should be sized according to the specific demand,What is the Minimum Actual Interval Diameter??
Service Guidelines Standards for Water and Sanitation Department CCT CHAPTER KOSOVO VACUUM SEWER SYSTEM,What are the Service Guidelines Standards for Water and Sanitation Department??
SYSTEM DESCRIPTION Unlike conventional gravity systems which depend solely on gravity flows vacuum sewer systems make use of combination gravity and differential air pressure as the driving force that propels sewage through the sewer etwork,What is a vacuum sewer system??
Vacuum sewer systems consist of three key components collective chambers vacuum sewers and the vacuum station,What are Vacuum sewer systems??
Figure Major components of vacuum sewer systems As constructed in Kosovo toilets cubicles at each sanitation block are drained through mm diameter uPVC pipes to an adjacent vacuum valve pit containing the collection chamber sensor unit and an interfac valve,What is a vacuum valve pit??
Once predetermined volume of sewage has accumulated in the collection chamber the pneumatically activated sensor unit prompts the opening of the interface valve which links the collection chamber to the vacuum sewer etwork,When predetermined volume of sewage has accumulated?
When the interface alve opens the sewage followed by short burst of air is sucked into the vacuum sewers,What happens when the interface alve opens?
Vacuum pipe work Collective chambers Vacuum station Service Guidelines Standards for Water and Sanitation Department CCT The vacuum station houses the vacuum pumps which generate and maintain the negative pressure in the vacuum vessels and throughout the vacuum sewer etwork,What is a vacuum station??
The sewage that accumulates in the vacuum vessels is evacuated by sewage pumps and is conveyed to sewer outfall where it joins an existing gravity sewer,What is sewage that accumulates in the vacuum vessels??
Figu re The Saw Tooth method used for the vacuum sewer lines,What is The Saw Tooth method??
Advantages Vacuum sewerage has the advantage of enabling the use of conventional flush toilets without the eed for deep trenches large diameter sewers umerous access manholes and the eed to always travel in straight lines as is customary with waterborne sewerage,Why is Vacuum sewerage useful??
The use of reduced diameter pipelines and shallow trenches in Kosovo reduced the disruption caused retrofitting sewer etwork in the informal settlement by minimizing the umber of shacks that had to be moved to allow for construction,What was the disruption caused by the use of shacks in Kosovo??
Due to the flat gradients sandy soils and high water tables in the area the installation of conventional ravity sewer system would have used mm diameter pipes installed at depths of up to and incorporating three lift stations,What is a conventional ravity sewer system??
Major leaks in the system are also immediately evident as suction is lost in the system making vacuum sewerage particularly useful in environmentally sensitive area,What is a vacuum sewerage system??
Figure The blocks of toilets used in Kosovo Service Guidelines Standards for Water and Sanitation Department CCT,What are the blocks of toilets used in Kosovo Service Guidelines Standards for Water and Sanitation Department CCT??
Constraints A dis advantage of vacuum sewerage is that the system operation can be disrupted by a disruption in the power supply to the vacuum pump station and carelessness when using the toilets by flushing down foreign objects Cutlery stones sticks etc,What are the Constraints of Vacuum Sewerage??
result ing in the vacuum pumps ot being able to generate the egative pressure required for the system to operate,what is the pressure required for the system to operate??
In addition to this the malfunctioning of an interface valve or sensor unit would result in the toilet units draining to the specific collection chamber being rendered unusable,What would happen if an interface valve or sensor unit malfunctioned??
Any air leaks originating from either the interface valves or the vacuum sewer lines will result loss of pressure thus causing the vacuum pumps to run for extended periods of time Figure clogged up collective chamber that will ormally be sucked clean with honey sucker in an event like this Figure clogged toilet,What causes the vacuum pumps to run for extended periods of time??
Guidelines for human settlement planning and design The red bo ok Jacobs Geustyn Loubser and van der Merwe,What are the guidelines for human settlement planning and design??
Service Guidelines Standards for Water and Sanitation Department CCT APPENDIX FIRE HYDRANTS Service Guidelines Standards for Water and Sanitation Department CCT Service Guidelines Standards for Water and Sanitation Department CCT Service Guidelines Standards for Water and Sanitation Department CCT Service Guidelines Standards for Water and Sanitation Department CCT APPENDIX SLUICE GATE VALVES Service Guidelines Standards for Water and Sanitation Department CCT APPENDIX CHECK VALVES Service Guidelines Standards for Water and Sanitation Department CCT Service Guidelines Standards for Water and Sanitation Department CCT APPENDIX AIR RELEASE VALVES Service Guidelines Standards for Water and Sanitation Department CCT Service Guidelines Standards for Water and Sanitation Department CCT APPENDIX METER CONNECTION Service Guidelines Standards for Water and Sanitation Department CCT APPENDIX THRUST BLOCK APPENDIX MANHOLE Service Guidelines Standards for Water and Sanitation Department CCT Service Guidelines Standards for Water and Sanitation Department CCT APPENDIX DESIGN SPECS Service Guidelines Standards for Water and Sanitation Department CCT Service Guidelines Stan,What are the Service Guidelines Standards for Water and Sanitation Department??
